location_id,location_name,level,year,the_total_mean,ghes_total_mean,ppp_total_mean,oop_total_mean,dah_total_mean,the_per_cap_mean,ghes_per_cap_mean,ppp_per_cap_mean,oop_per_cap_mean,dah_per_cap_mean,ghes_per_the_mean,ppp_per_the_mean,oop_per_the_mean,dah_per_the_mean,the_per_gdp_mean,ghes_per_gdp_mean,ppp_per_gdp_mean,oop_per_gdp_mean,dah_per_gdp_mean
1,Global,Global,1995,3939586332,2248343815,926217404,752889062,12136051,689,393,162,132,2,0.571,0.235,0.191,0.003,0.084,0.048,0.02,0.016,0
1,Global,Global,1996,4054867111,2302603900,955221699,785546542,11494970,700,397,165,136,2,0.568,0.236,0.194,0.003,0.084,0.048,0.02,0.016,0
1,Global,Global,1997,4204761608,2371938986,993190512,828032784,11599326,717,404,169,141,2,0.564,0.236,0.197,0.003,0.084,0.047,0.02,0.016,0
1,Global,Global,1998,4380588265,2458699708,1036342416,872865758,12680383,737,414,174,147,2,0.561,0.237,0.199,0.003,0.085,0.048,0.02,0.017,0
1,Global,Global,1999,4555473738,2543978336,1082760499,915256361,13478542,757,423,180,152,2,0.558,0.238,0.201,0.003,0.085,0.047,0.02,0.017,0
1,Global,Global,2000,4757142737,2653545780,1132211794,958702372,12682792,781,435,186,157,2,0.558,0.238,0.202,0.003,0.085,0.047,0.02,0.017,0
1,Global,Global,2001,5027996185,2811898998,1198080091,1005225214,12791882,815,456,194,163,2,0.559,0.238,0.2,0.003,0.088,0.049,0.021,0.018,0
1,Global,Global,2002,5322832569,2979648511,1276963479,1052953288,13267291,852,477,204,168,2,0.56,0.24,0.198,0.002,0.091,0.051,0.022,0.018,0
1,Global,Global,2003,5602407793,3133165852,1352262376,1100028066,16951499,885,495,214,174,3,0.559,0.241,0.196,0.003,0.093,0.052,0.023,0.018,0
1,Global,Global,2004,5822447986,3250184830,1411409359,1142223012,18630785,908,507,220,178,3,0.558,0.242,0.196,0.003,0.093,0.052,0.022,0.018,0
1,Global,Global,2005,6076485306,3403585139,1468953293,1182695838,21251036,935,524,226,182,3,0.56,0.242,0.195,0.003,0.093,0.052,0.023,0.018,0
1,Global,Global,2006,6285757103,3530644513,1513001836,1219024636,23086119,955,536,230,185,4,0.562,0.241,0.194,0.004,0.092,0.052,0.022,0.018,0
1,Global,Global,2007,6492193841,3662516232,1551123164,1251951784,26602660,973,549,232,188,4,0.564,0.239,0.193,0.004,0.091,0.051,0.022,0.018,0
1,Global,Global,2008,6784164269,3880820788,1588123057,1284270282,30950142,1003,574,235,190,5,0.572,0.234,0.189,0.005,0.093,0.053,0.022,0.018,0
1,Global,Global,2009,7173121132,4191194762,1637482059,1311488644,32955668,1046,611,239,191,5,0.584,0.228,0.183,0.005,0.1,0.059,0.023,0.018,0
1,Global,Global,2010,7299240755,4268495572,1660822433,1334313510,35609240,1051,615,239,192,5,0.585,0.228,0.183,0.005,0.098,0.057,0.022,0.018,0
1,Global,Global,2011,7474184168,4378353327,1691712156,1366386239,37732446,1063,623,241,194,5,0.586,0.226,0.183,0.005,0.097,0.057,0.022,0.018,0
1,Global,Global,2012,7688389622,4506722886,1739719537,1403797452,38149747,1080,633,244,197,5,0.586,0.226,0.183,0.005,0.097,0.057,0.022,0.018,0
1,Global,Global,2013,7874343904,4592422728,1801770355,1438489058,41661763,1092,637,250,200,6,0.583,0.229,0.183,0.005,0.097,0.056,0.022,0.018,0.001
1,Global,Global,2014,8219503747,4934898635,1756502679,1488524870,39577563,1126,676,241,204,5,0.6,0.214,0.181,0.005,0.098,0.059,0.021,0.018,0
1,Global,Global,2015,8507554329,5086159271,1852448220,1529520911,39425927,1151,688,251,207,5,0.598,0.218,0.18,0.005,0.099,0.059,0.021,0.018,0
1,Global,Global,2016,8784997693,5241654568,1934126226,1569158748,40058150,1174,701,259,210,5,0.597,0.22,0.179,0.005,0.099,0.059,0.022,0.018,0
1,Global,Global,2017,9003838312,5364419819,1991162016,1605144820,43111656,1189,709,263,212,6,0.596,0.221,0.178,0.005,0.098,0.059,0.022,0.018,0
1,Global,Global,2018,9254201477,5521891272,2038071858,1647348735,46889612,1209,721,266,215,6,0.597,0.22,0.178,0.005,0.098,0.058,0.022,0.017,0
1,Global,Global,2019,9566486521,5726648081,2099584808,1693230415,47023216,1236,740,271,219,6,0.599,0.219,0.177,0.005,0.099,0.059,0.022,0.017,0
1,Global,Global,2020,10234419142,6452067131,2061812984,1659000680,61538348,1309,825,264,212,8,0.63,0.201,0.162,0.006,0.109,0.069,0.022,0.018,0.001
1,Global,Global,2021,10457610832,6514396624,2116863089,1749570534,76780585,1324,825,268,222,10,0.623,0.202,0.167,0.007,0.105,0.065,0.021,0.017,0.001
1,Global,Global,2022,10248920329,6365427595,2070663107,1748801862,64027765,1287,800,260,220,8,0.621,0.202,0.171,0.006,0.099,0.062,0.02,0.017,0.001
44575,High income,World Bank Income Groups,1995,3463117145,2053258625,862638858,547048702,170959,2835,1681,706,448,0,0.593,0.249,0.158,0,0.093,0.055,0.023,0.015,0
44575,High income,World Bank Income Groups,1996,3558663428,2099666341,888826507,569976720,193860,2900,1711,724,464,0,0.59,0.25,0.16,0,0.093,0.055,0.023,0.015,0
44575,High income,World Bank Income Groups,1997,3681616202,2157804549,923169962,600245526,396165,2986,1750,749,487,0,0.586,0.251,0.163,0,0.093,0.054,0.023,0.015,0
44575,High income,World Bank Income Groups,1998,3833802084,2237011682,963817746,632698477,274178,3095,1806,778,511,0,0.584,0.251,0.165,0,0.094,0.055,0.024,0.015,0
44575,High income,World Bank Income Groups,1999,3983788344,2313883123,1007750149,661979254,175819,3201,1859,810,532,0,0.581,0.253,0.166,0,0.094,0.055,0.024,0.016,0
44575,High income,World Bank Income Groups,2000,4165685007,2419206214,1055823954,690523043,131797,3332,1935,844,552,0,0.581,0.253,0.166,0,0.094,0.055,0.024,0.016,0
44575,High income,World Bank Income Groups,2001,4402204029,2561910008,1120655262,719441075,197683,3503,2039,892,573,0,0.582,0.255,0.163,0,0.098,0.057,0.025,0.016,0
44575,High income,World Bank Income Groups,2002,4663911405,2714291886,1198533542,750863410,222568,3693,2149,949,595,0,0.582,0.257,0.161,0,0.102,0.06,0.026,0.016,0
44575,High income,World Bank Income Groups,2003,4908314914,2853479766,1272982361,781657293,195493,3867,2248,1003,616,0,0.581,0.259,0.159,0,0.105,0.061,0.027,0.017,0
44575,High income,World Bank Income Groups,2004,5090932559,2952569683,1330004517,808099904,258455,3990,2314,1042,633,0,0.58,0.261,0.159,0,0.105,0.061,0.028,0.017,0
44575,High income,World Bank Income Groups,2005,5291342477,3075856688,1383429684,831760913,295192,4124,2397,1078,648,0,0.581,0.261,0.157,0,0.106,0.062,0.028,0.017,0
44575,High income,World Bank Income Groups,2006,5445553947,3169761399,1421737790,853804754,250005,4219,2456,1102,662,0,0.582,0.261,0.157,0,0.106,0.062,0.028,0.017,0
44575,High income,World Bank Income Groups,2007,5594134320,3267090373,1452949826,873725901,368220,4306,2515,1118,672,0,0.584,0.26,0.156,0,0.106,0.062,0.027,0.017,0
44575,High income,World Bank Income Groups,2008,5798994586,3426031295,1481885996,890755460,321834,4432,2618,1132,681,0,0.591,0.256,0.154,0,0.109,0.064,0.028,0.017,0
44575,High income,World Bank Income Groups,2009,6110550824,3682775241,1524684374,902704195,387014,4638,2796,1157,685,0,0.603,0.25,0.148,0,0.118,0.071,0.03,0.017,0
44575,High income,World Bank Income Groups,2010,6188671254,3732570399,1543278793,912593410,228652,4670,2817,1165,689,0,0.603,0.249,0.147,0,0.116,0.07,0.029,0.017,0
44575,High income,World Bank Income Groups,2011,6289226569,3794399407,1567919429,926527639,380094,4720,2848,1177,695,0,0.603,0.249,0.147,0,0.116,0.07,0.029,0.017,0
44575,High income,World Bank Income Groups,2012,6424845790,3872290521,1609532751,942947019,75500,4796,2890,1201,704,0,0.603,0.251,0.147,0,0.117,0.07,0.029,0.017,0
44575,High income,World Bank Income Groups,2013,6533248564,3913354885,1663840569,955576419,476691,4851,2905,1235,709,0,0.599,0.255,0.146,0,0.117,0.07,0.03,0.017,0
44575,High income,World Bank Income Groups,2014,6804662193,4209283489,1609357979,985791759,228967,5026,3109,1189,728,0,0.619,0.237,0.145,0,0.119,0.074,0.028,0.017,0
44575,High income,World Bank Income Groups,2015,6997861393,4297608646,1694743831,1005437724,71191,5143,3158,1246,739,0,0.614,0.242,0.144,0,0.12,0.074,0.029,0.017,0
44575,High income,World Bank Income Groups,2016,7212776022,4420989391,1766117039,1025575470,94122,5276,3234,1292,750,0,0.613,0.245,0.142,0,0.121,0.074,0.03,0.017,0
44575,High income,World Bank Income Groups,2017,7368528028,4515243394,1809929355,1043253029,102251,5367,3289,1318,760,0,0.613,0.246,0.142,0,0.121,0.074,0.03,0.017,0
44575,High income,World Bank Income Groups,2018,7542766009,4636023968,1842494374,1064161258,86409,5473,3364,1337,772,0,0.615,0.244,0.141,0,0.121,0.074,0.03,0.017,0
44575,High income,World Bank Income Groups,2019,7777312261,4800384831,1889703895,1087204844,18691,5624,3471,1366,786,0,0.617,0.243,0.14,0,0.122,0.075,0.03,0.017,0
44575,High income,World Bank Income Groups,2020,8352921378,5475117425,1837907110,1039712729,184114,6025,3949,1326,750,0,0.655,0.22,0.124,0,0.137,0.089,0.03,0.017,0
44575,High income,World Bank Income Groups,2021,8449405141,5475127080,1871294317,1102935942,47801,6086,3944,1348,794,0,0.648,0.221,0.131,0,0.13,0.084,0.029,0.017,0
44575,High income,World Bank Income Groups,2022,8252944043,5340095396,1822911536,1089915953,21159,5934,3840,1311,784,0,0.647,0.221,0.132,0,0.124,0.08,0.027,0.016,0
44578,Low income,World Bank Income Groups,1995,9457312,2640517,413644,5677957,725194,28,8,1,17,2,0.28,0.044,0.599,0.077,0.051,0.014,0.002,0.031,0.004
44578,Low income,World Bank Income Groups,1996,9507530,2671480,415552,5613501,806998,27,8,1,16,2,0.282,0.044,0.589,0.085,0.049,0.014,0.002,0.029,0.004
44578,Low income,World Bank Income Groups,1997,9585836,2743728,421324,5613795,806989,27,8,1,16,2,0.287,0.044,0.584,0.085,0.048,0.014,0.002,0.028,0.004
44578,Low income,World Bank Income Groups,1998,9804047,2904213,428533,5611721,859581,27,8,1,15,2,0.297,0.044,0.571,0.088,0.048,0.014,0.002,0.027,0.004
44578,Low income,World Bank Income Groups,1999,9837779,3004043,424875,5458964,949897,26,8,1,15,3,0.306,0.043,0.554,0.097,0.047,0.014,0.002,0.026,0.005
44578,Low income,World Bank Income Groups,2000,9818280,3127518,405624,5257401,1027736,25,8,1,14,3,0.319,0.041,0.535,0.105,0.045,0.014,0.002,0.024,0.005
44578,Low income,World Bank Income Groups,2001,10088648,3199497,411180,5368271,1109699,25,8,1,14,3,0.317,0.041,0.531,0.11,0.045,0.014,0.002,0.024,0.005
44578,Low income,World Bank Income Groups,2002,10551143,3377112,420411,5637893,1115727,26,8,1,14,3,0.32,0.04,0.534,0.106,0.045,0.014,0.002,0.024,0.005
44578,Low income,World Bank Income Groups,2003,12057499,3705265,456196,6169414,1726624,29,9,1,15,4,0.307,0.038,0.511,0.144,0.049,0.015,0.002,0.025,0.007
44578,Low income,World Bank Income Groups,2004,13165374,3859192,468730,6619221,2218232,31,9,1,15,5,0.293,0.036,0.502,0.169,0.05,0.015,0.002,0.025,0.008
44578,Low income,World Bank Income Groups,2005,14347801,4036481,494311,7130244,2686765,32,9,1,16,6,0.281,0.034,0.497,0.188,0.051,0.014,0.002,0.025,0.01
44578,Low income,World Bank Income Groups,2006,15500614,4123387,530351,7736751,3110125,34,9,1,17,7,0.266,0.034,0.499,0.201,0.052,0.014,0.002,0.026,0.011
44578,Low income,World Bank Income Groups,2007,17113972,4310379,577931,8352364,3873298,37,9,1,18,8,0.252,0.034,0.488,0.227,0.054,0.014,0.002,0.027,0.012
44578,Low income,World Bank Income Groups,2008,18634713,4335463,618528,8750254,4930469,39,9,1,18,10,0.233,0.033,0.469,0.265,0.056,0.013,0.002,0.026,0.015
44578,Low income,World Bank Income Groups,2009,19170544,4427547,682260,9138403,4922335,39,9,1,18,10,0.231,0.035,0.477,0.257,0.055,0.013,0.002,0.026,0.014
44578,Low income,World Bank Income Groups,2010,19914195,4430239,747078,9364521,5372357,39,9,1,18,11,0.222,0.037,0.47,0.27,0.053,0.012,0.002,0.025,0.014
44578,Low income,World Bank Income Groups,2011,20313176,4379510,795455,9445600,5692611,39,8,2,18,11,0.216,0.039,0.465,0.28,0.052,0.011,0.002,0.024,0.015
44578,Low income,World Bank Income Groups,2012,21073189,4447258,936001,9641063,6048867,39,8,2,18,11,0.211,0.044,0.458,0.287,0.055,0.012,0.002,0.025,0.016
44578,Low income,World Bank Income Groups,2013,22348251,4573846,1036790,9998650,6738966,41,8,2,18,12,0.205,0.046,0.447,0.302,0.056,0.011,0.003,0.025,0.017
44578,Low income,World Bank Income Groups,2014,23349611,4700615,1209765,10294247,7144984,42,8,2,18,13,0.201,0.052,0.441,0.306,0.055,0.011,0.003,0.024,0.017
44578,Low income,World Bank Income Groups,2015,24049452,4730912,1285884,10480077,7552579,42,8,2,18,13,0.197,0.053,0.436,0.314,0.056,0.011,0.003,0.024,0.018
44578,Low income,World Bank Income Groups,2016,23843075,4866037,1282830,10738156,6956053,41,8,2,18,12,0.204,0.054,0.451,0.292,0.054,0.011,0.003,0.024,0.016
44578,Low income,World Bank Income Groups,2017,25003613,5084350,1184433,10913706,7821124,42,9,2,18,13,0.203,0.047,0.437,0.313,0.054,0.011,0.003,0.024,0.017
44578,Low income,World Bank Income Groups,2018,26722966,5224733,1165812,11166962,9165459,44,9,2,18,15,0.195,0.043,0.418,0.343,0.056,0.011,0.002,0.023,0.019
44578,Low income,World Bank Income Groups,2019,27902794,5424744,1235563,11479203,9763284,45,9,2,18,16,0.194,0.044,0.411,0.35,0.056,0.011,0.002,0.023,0.02
44578,Low income,World Bank Income Groups,2020,30114326,6551137,1176559,11273323,11113307,47,10,2,18,17,0.217,0.039,0.374,0.369,0.06,0.013,0.002,0.022,0.022
44578,Low income,World Bank Income Groups,2021,33777365,6428892,1182843,11951162,14214468,51,10,2,18,22,0.19,0.035,0.354,0.421,0.066,0.012,0.002,0.023,0.028
44578,Low income,World Bank Income Groups,2022,31160858,6227773,1228733,12597759,11106594,46,9,2,19,16,0.2,0.039,0.404,0.356,0.058,0.012,0.002,0.024,0.021
44577,Lower-middle income,World Bank Income Groups,1995,72661348,20887888,4960422,44000534,2812505,39,11,3,24,2,0.288,0.068,0.604,0.039,0.043,0.012,0.003,0.026,0.002
44577,Lower-middle income,World Bank Income Groups,1996,75242637,21535200,5094875,45626233,2986329,39,11,3,24,2,0.287,0.068,0.605,0.04,0.042,0.012,0.003,0.025,0.002
44577,Lower-middle income,World Bank Income Groups,1997,78040103,22475854,5296707,47575960,2691582,40,12,3,24,1,0.288,0.068,0.609,0.035,0.042,0.012,0.003,0.025,0.001
44577,Lower-middle income,World Bank Income Groups,1998,81350796,23369851,5490832,49550037,2940076,41,12,3,25,1,0.288,0.067,0.609,0.036,0.041,0.012,0.003,0.025,0.001
44577,Lower-middle income,World Bank Income Groups,1999,84593275,24249624,5698555,51338336,3306760,42,12,3,25,2,0.287,0.067,0.607,0.039,0.041,0.012,0.003,0.025,0.002
44577,Lower-middle income,World Bank Income Groups,2000,88172335,25112214,6063138,53451777,3545205,43,12,3,26,2,0.285,0.069,0.606,0.04,0.041,0.012,0.003,0.025,0.002
44577,Lower-middle income,World Bank Income Groups,2001,92884439,26413106,6382228,56695976,3393130,44,13,3,27,2,0.285,0.069,0.61,0.037,0.041,0.012,0.003,0.025,0.002
44577,Lower-middle income,World Bank Income Groups,2002,96812090,27251726,6731873,59436017,3392474,45,13,3,28,2,0.282,0.069,0.614,0.035,0.041,0.012,0.003,0.025,0.001
44577,Lower-middle income,World Bank Income Groups,2003,102677037,28640413,7128727,63018918,3888979,47,13,3,29,2,0.279,0.069,0.614,0.038,0.041,0.011,0.003,0.025,0.002
44577,Lower-middle income,World Bank Income Groups,2004,108611767,29626630,7494105,66518534,4972498,49,13,3,30,2,0.273,0.069,0.612,0.046,0.041,0.011,0.003,0.025,0.002
44577,Lower-middle income,World Bank Income Groups,2005,116018640,31790956,7803519,70542481,5881684,51,14,3,31,3,0.274,0.067,0.608,0.051,0.04,0.011,0.003,0.025,0.002
44577,Lower-middle income,World Bank Income Groups,2006,122201444,33815528,8032913,74201691,6151312,53,15,3,32,3,0.277,0.066,0.607,0.05,0.04,0.011,0.003,0.024,0.002
44577,Lower-middle income,World Bank Income Groups,2007,130228794,36837853,8768436,77947226,6675279,55,16,4,33,3,0.283,0.067,0.599,0.051,0.039,0.011,0.003,0.024,0.002
44577,Lower-middle income,World Bank Income Groups,2008,139605965,40305793,9440481,81247970,8611721,58,17,4,34,4,0.289,0.067,0.582,0.062,0.04,0.012,0.003,0.023,0.002
44577,Lower-middle income,World Bank Income Groups,2009,147775621,43965181,10369293,84662821,8778326,60,18,4,34,4,0.298,0.07,0.573,0.059,0.04,0.012,0.003,0.023,0.002
44577,Lower-middle income,World Bank Income Groups,2010,154629260,46031139,11322204,88227036,9048881,62,18,5,35,4,0.298,0.073,0.571,0.059,0.039,0.012,0.003,0.022,0.002
44577,Lower-middle income,World Bank Income Groups,2011,162691069,48710899,12355320,92373436,9251414,64,19,5,36,4,0.3,0.076,0.568,0.057,0.039,0.012,0.003,0.022,0.002
44577,Lower-middle income,World Bank Income Groups,2012,173745641,51944179,13669294,97995294,10136874,67,20,5,38,4,0.299,0.078,0.564,0.058,0.04,0.012,0.003,0.022,0.002
44577,Lower-middle income,World Bank Income Groups,2013,186651467,55124261,14916432,104595178,12015597,70,21,6,39,5,0.296,0.08,0.56,0.064,0.04,0.012,0.003,0.023,0.003
44577,Lower-middle income,World Bank Income Groups,2014,194226766,58414473,16260635,109246671,10304986,72,22,6,40,4,0.301,0.083,0.563,0.053,0.039,0.012,0.003,0.022,0.002
44577,Lower-middle income,World Bank Income Groups,2015,204633987,62669381,17622438,113517936,10824232,75,23,6,41,4,0.306,0.086,0.555,0.053,0.039,0.012,0.003,0.022,0.002
44577,Lower-middle income,World Bank Income Groups,2016,212875701,66898453,19051816,115593677,11331755,76,24,7,41,4,0.314,0.089,0.543,0.053,0.038,0.012,0.003,0.021,0.002
44577,Lower-middle income,World Bank Income Groups,2017,218861100,71304768,20333401,115087660,12135271,77,25,7,41,4,0.326,0.093,0.526,0.055,0.037,0.012,0.003,0.02,0.002
44577,Lower-middle income,World Bank Income Groups,2018,227427821,76126979,21508621,116119336,13672885,79,26,7,40,5,0.335,0.094,0.511,0.06,0.037,0.012,0.003,0.019,0.002
44577,Lower-middle income,World Bank Income Groups,2019,236065579,81237656,22879446,118375991,13572485,81,28,8,40,5,0.344,0.097,0.502,0.058,0.036,0.013,0.004,0.018,0.002
44577,Lower-middle income,World Bank Income Groups,2020,249812362,88781566,24297410,117376211,19357174,84,30,8,40,7,0.356,0.097,0.47,0.078,0.04,0.014,0.004,0.019,0.003
44577,Lower-middle income,World Bank Income Groups,2021,280602607,102156027,26555987,122559442,29331150,93,34,9,41,10,0.364,0.094,0.437,0.105,0.042,0.015,0.004,0.018,0.004
44577,Lower-middle income,World Bank Income Groups,2022,279287384,102925340,27994535,129483918,18883591,91,34,9,42,6,0.369,0.1,0.464,0.068,0.039,0.014,0.004,0.018,0.003
44576,Upper-middle income,World Bank Income Groups,1995,387838641,171556785,58204480,156161869,1915506,169,75,25,68,1,0.442,0.15,0.403,0.005,0.051,0.023,0.008,0.021,0
44576,Upper-middle income,World Bank Income Groups,1996,405905594,178730879,60884765,164330088,1959863,175,77,26,71,1,0.44,0.15,0.405,0.005,0.051,0.022,0.008,0.021,0
44576,Upper-middle income,World Bank Income Groups,1997,429941481,188914855,64302519,174597503,2126603,184,81,28,75,1,0.44,0.149,0.406,0.005,0.051,0.022,0.008,0.021,0
44576,Upper-middle income,World Bank Income Groups,1998,449641381,195413962,66605305,185005523,2616592,191,83,28,79,1,0.435,0.148,0.411,0.006,0.052,0.023,0.008,0.021,0
44576,Upper-middle income,World Bank Income Groups,1999,470396767,202841546,68886920,196479807,2188494,198,86,29,83,1,0.431,0.146,0.418,0.005,0.053,0.023,0.008,0.022,0
44576,Upper-middle income,World Bank Income Groups,2000,487861690,206099834,69919078,209470150,2372628,204,86,29,88,1,0.423,0.143,0.429,0.005,0.052,0.022,0.007,0.022,0
44576,Upper-middle income,World Bank Income Groups,2001,516957440,220376387,70631420,223719892,2229740,215,91,29,93,1,0.426,0.137,0.433,0.004,0.053,0.023,0.007,0.023,0
44576,Upper-middle income,World Bank Income Groups,2002,544909611,234727787,71277654,237015968,1888203,224,97,29,98,1,0.431,0.131,0.435,0.003,0.054,0.023,0.007,0.023,0
44576,Upper-middle income,World Bank Income Groups,2003,571408105,247340408,71695092,249182441,3190165,233,101,29,102,1,0.433,0.125,0.436,0.006,0.054,0.023,0.007,0.023,0
44576,Upper-middle income,World Bank Income Groups,2004,601325603,264129325,73442007,260985353,2768918,244,107,30,106,1,0.439,0.122,0.434,0.005,0.052,0.023,0.006,0.023,0
44576,Upper-middle income,World Bank Income Groups,2005,645610525,291901014,77225779,273262201,3221532,259,117,31,110,1,0.452,0.12,0.423,0.005,0.052,0.024,0.006,0.022,0
44576,Upper-middle income,World Bank Income Groups,2006,692262220,322944200,82700781,283281439,3335799,276,129,33,113,1,0.467,0.119,0.409,0.005,0.052,0.024,0.006,0.021,0
44576,Upper-middle income,World Bank Income Groups,2007,738604375,354277627,88826972,291926293,3573483,292,140,35,115,1,0.48,0.12,0.395,0.005,0.051,0.024,0.006,0.02,0
44576,Upper-middle income,World Bank Income Groups,2008,813805979,410148236,96178053,303516599,3963091,318,160,38,119,2,0.504,0.118,0.373,0.005,0.052,0.026,0.006,0.02,0
44576,Upper-middle income,World Bank Income Groups,2009,881156682,460026793,101746133,314983225,4400532,341,178,39,122,2,0.522,0.115,0.357,0.005,0.055,0.029,0.006,0.02,0
44576,Upper-middle income,World Bank Income Groups,2010,920436006,485463795,105474357,324128543,5369311,354,187,41,125,2,0.527,0.115,0.352,0.006,0.053,0.028,0.006,0.019,0
44576,Upper-middle income,World Bank Income Groups,2011,984260693,530863511,110641952,338039563,4715667,375,202,42,129,2,0.539,0.112,0.343,0.005,0.053,0.029,0.006,0.018,0
44576,Upper-middle income,World Bank Income Groups,2012,1050951018,578040928,115581491,353214076,4114523,398,219,44,134,2,0.55,0.11,0.336,0.004,0.054,0.03,0.006,0.018,0
44576,Upper-middle income,World Bank Income Groups,2013,1113913039,619369736,121976564,368318812,4247927,418,232,46,138,2,0.556,0.109,0.331,0.004,0.054,0.03,0.006,0.018,0
44576,Upper-middle income,World Bank Income Groups,2014,1179153529,662500058,129674300,383192193,3786978,438,246,48,142,1,0.562,0.11,0.325,0.003,0.055,0.031,0.006,0.018,0
44576,Upper-middle income,World Bank Income Groups,2015,1263382981,721150331,138796066,400085174,3351410,465,266,51,147,1,0.571,0.11,0.317,0.003,0.057,0.032,0.006,0.018,0
44576,Upper-middle income,World Bank Income Groups,2016,1316963274,748900688,147674541,417251446,3136600,481,273,54,152,1,0.569,0.112,0.317,0.002,0.057,0.032,0.006,0.018,0
44576,Upper-middle income,World Bank Income Groups,2017,1371556435,772787308,159714827,435890425,3163873,496,280,58,158,1,0.563,0.116,0.318,0.002,0.057,0.032,0.007,0.018,0
44576,Upper-middle income,World Bank Income Groups,2018,1437992611,804515593,172903052,455901178,4672788,516,289,62,164,2,0.559,0.12,0.317,0.003,0.057,0.032,0.007,0.018,0
44576,Upper-middle income,World Bank Income Groups,2019,1505745817,839600849,185765904,476170377,4208686,537,299,66,170,2,0.558,0.123,0.316,0.003,0.057,0.032,0.007,0.018,0
44576,Upper-middle income,World Bank Income Groups,2020,1578285319,881617002,198431905,490638416,7597996,559,313,70,174,3,0.559,0.126,0.311,0.005,0.061,0.034,0.008,0.019,0
44576,Upper-middle income,World Bank Income Groups,2021,1671565520,930684625,217829942,512123988,10926966,590,329,77,181,4,0.557,0.13,0.306,0.007,0.06,0.033,0.008,0.018,0
44576,Upper-middle income,World Bank Income Groups,2022,1659647007,916179086,218528304,516804233,8135384,584,322,77,182,3,0.552,0.132,0.311,0.005,0.057,0.032,0.008,0.018,0
31,"Central Europe, Eastern Europe, and Central Asia",GBD Super Regions,1995,131995281,92152460,5431456,34192429,218936,314,220,13,81,1,0.698,0.041,0.259,0.002,0.056,0.039,0.002,0.015,0
31,"Central Europe, Eastern Europe, and Central Asia",GBD Super Regions,1996,131916419,91051008,5583851,35065613,215947,315,217,13,84,1,0.69,0.042,0.266,0.002,0.057,0.039,0.002,0.015,0
31,"Central Europe, Eastern Europe, and Central Asia",GBD Super Regions,1997,135576490,92370763,5960287,36898590,346850,324,221,14,88,1,0.681,0.044,0.272,0.003,0.057,0.039,0.003,0.016,0
31,"Central Europe, Eastern Europe, and Central Asia",GBD Super Regions,1998,136232013,91242269,6036815,38573292,379636,327,219,14,92,1,0.67,0.044,0.283,0.003,0.058,0.039,0.003,0.016,0
31,"Central Europe, Eastern Europe, and Central Asia",GBD Super Regions,1999,135207710,88842150,6137653,39744872,483035,325,213,15,95,1,0.657,0.045,0.294,0.004,0.056,0.036,0.003,0.016,0
31,"Central Europe, Eastern Europe, and Central Asia",GBD Super Regions,2000,139324539,90606153,6955905,41400581,361901,335,218,17,100,1,0.65,0.05,0.297,0.003,0.054,0.035,0.003,0.016,0
31,"Central Europe, Eastern Europe, and Central Asia",GBD Super Regions,2001,148570729,96136189,7842900,44159387,432253,358,232,19,107,1,0.647,0.053,0.297,0.003,0.054,0.035,0.003,0.016,0
31,"Central Europe, Eastern Europe, and Central Asia",GBD Super Regions,2002,160964719,104617586,8547486,47428612,371034,389,253,21,115,1,0.65,0.053,0.295,0.002,0.056,0.037,0.003,0.017,0
31,"Central Europe, Eastern Europe, and Central Asia",GBD Super Regions,2003,171133731,111459297,8648835,50681862,343737,415,270,21,123,1,0.651,0.051,0.296,0.002,0.057,0.037,0.003,0.017,0
31,"Central Europe, Eastern Europe, and Central Asia",GBD Super Regions,2004,178176638,115362451,8561884,53794262,458041,433,280,21,131,1,0.647,0.048,0.302,0.003,0.055,0.036,0.003,0.017,0
31,"Central Europe, Eastern Europe, and Central Asia",GBD Super Regions,2005,189824083,123782385,8837146,56618682,585871,462,301,22,138,1,0.652,0.047,0.298,0.003,0.055,0.036,0.003,0.017,0
31,"Central Europe, Eastern Europe, and Central Asia",GBD Super Regions,2006,200418859,131068700,9093105,59602279,654775,488,319,22,145,2,0.654,0.045,0.297,0.003,0.054,0.035,0.002,0.016,0
31,"Central Europe, Eastern Europe, and Central Asia",GBD Super Regions,2007,214211697,140844620,9256801,63311538,798737,522,343,23,154,2,0.657,0.043,0.296,0.004,0.054,0.035,0.002,0.016,0
31,"Central Europe, Eastern Europe, and Central Asia",GBD Super Regions,2008,226612635,149472059,9102583,67196713,841281,553,364,22,164,2,0.66,0.04,0.297,0.004,0.054,0.036,0.002,0.016,0
31,"Central Europe, Eastern Europe, and Central Asia",GBD Super Regions,2009,239944695,160095201,8678780,70216211,954503,585,390,21,171,2,0.667,0.036,0.293,0.004,0.061,0.041,0.002,0.018,0
31,"Central Europe, Eastern Europe, and Central Asia",GBD Super Regions,2010,237920470,157077627,8290146,71702881,849816,579,382,20,175,2,0.66,0.035,0.301,0.004,0.059,0.039,0.002,0.018,0
31,"Central Europe, Eastern Europe, and Central Asia",GBD Super Regions,2011,237959998,155041254,8209982,73688062,1020700,579,377,20,179,2,0.652,0.035,0.31,0.004,0.056,0.037,0.002,0.017,0
31,"Central Europe, Eastern Europe, and Central Asia",GBD Super Regions,2012,245477138,159486919,8403505,76849808,736906,596,387,20,187,2,0.65,0.034,0.313,0.003,0.057,0.037,0.002,0.018,0
31,"Central Europe, Eastern Europe, and Central Asia",GBD Super Regions,2013,252416044,162789091,8421496,80206636,998821,611,394,20,194,2,0.645,0.033,0.318,0.004,0.057,0.037,0.002,0.018,0
31,"Central Europe, Eastern Europe, and Central Asia",GBD Super Regions,2014,258306583,165288354,8599055,83646211,772963,624,400,21,202,2,0.64,0.033,0.324,0.003,0.058,0.037,0.002,0.019,0
31,"Central Europe, Eastern Europe, and Central Asia",GBD Super Regions,2015,264797970,167886071,8940453,87434369,537078,639,405,22,211,1,0.634,0.034,0.33,0.002,0.059,0.037,0.002,0.02,0
31,"Central Europe, Eastern Europe, and Central Asia",GBD Super Regions,2016,271066192,170594609,9291664,90527772,652148,653,411,22,218,2,0.629,0.034,0.334,0.002,0.06,0.038,0.002,0.02,0
31,"Central Europe, Eastern Europe, and Central Asia",GBD Super Regions,2017,278496034,175312812,9649182,92772056,761984,670,422,23,223,2,0.629,0.035,0.333,0.003,0.059,0.037,0.002,0.02,0
31,"Central Europe, Eastern Europe, and Central Asia",GBD Super Regions,2018,287750174,182660897,10040057,94216217,833004,691,439,24,226,2,0.635,0.035,0.327,0.003,0.059,0.037,0.002,0.019,0
31,"Central Europe, Eastern Europe, and Central Asia",GBD Super Regions,2019,303187315,195277588,10797095,96436569,676063,727,468,26,231,2,0.644,0.036,0.318,0.002,0.06,0.039,0.002,0.019,0
31,"Central Europe, Eastern Europe, and Central Asia",GBD Super Regions,2020,358350125,252918128,10583696,93574902,1273399,860,607,25,224,3,0.706,0.03,0.261,0.004,0.073,0.052,0.002,0.019,0
31,"Central Europe, Eastern Europe, and Central Asia",GBD Super Regions,2021,367485543,252761108,11156893,101180236,2387307,884,608,27,243,6,0.688,0.03,0.275,0.006,0.071,0.049,0.002,0.02,0
31,"Central Europe, Eastern Europe, and Central Asia",GBD Super Regions,2022,359828824,247664706,11501121,99654931,1008066,866,596,28,240,2,0.688,0.032,0.277,0.003,0.069,0.048,0.002,0.019,0
64,High-income,GBD Super Regions,1995,3352545338,1971112864,859552967,521609084,270423,3572,2100,916,556,0,0.588,0.256,0.156,0,0.097,0.057,0.025,0.015,0
64,High-income,GBD Super Regions,1996,3445657029,2016837707,885696342,542743389,379591,3650,2136,938,575,0,0.585,0.257,0.158,0,0.097,0.057,0.025,0.015,0
64,High-income,GBD Super Regions,1997,3562660518,2071687595,919916892,570621081,434951,3751,2181,969,601,0,0.582,0.258,0.16,0,0.097,0.056,0.025,0.016,0
64,High-income,GBD Super Regions,1998,3710049468,2148294331,960547299,600834573,373265,3882,2248,1005,629,0,0.579,0.259,0.162,0,0.098,0.057,0.025,0.016,0
64,High-income,GBD Super Regions,1999,3858663081,2225623552,1004365465,628497739,176325,4013,2315,1045,654,0,0.577,0.26,0.163,0,0.098,0.057,0.026,0.016,0
64,High-income,GBD Super Regions,2000,4029666619,2322896601,1051243108,655419217,107693,4164,2400,1086,677,0,0.576,0.261,0.163,0,0.099,0.057,0.026,0.016,0
64,High-income,GBD Super Regions,2001,4254320798,2457734780,1114757890,681529921,298206,4367,2523,1144,700,0,0.578,0.262,0.16,0,0.103,0.059,0.027,0.016,0
64,High-income,GBD Super Regions,2002,4499100563,2598772555,1191062781,709100517,164711,4588,2650,1215,723,0,0.578,0.265,0.158,0,0.107,0.062,0.028,0.017,0
64,High-income,GBD Super Regions,2003,4734417629,2731323210,1265229136,736837037,1028246,4796,2767,1282,746,1,0.577,0.267,0.156,0,0.11,0.064,0.029,0.017,0
64,High-income,GBD Super Regions,2004,4911683052,2828377112,1322222300,760772476,311164,4941,2845,1330,765,0,0.576,0.269,0.155,0,0.111,0.064,0.03,0.017,0
64,High-income,GBD Super Regions,2005,5104822579,2946295319,1375451712,782895911,179637,5099,2943,1374,782,0,0.577,0.269,0.153,0,0.112,0.065,0.03,0.017,0
64,High-income,GBD Super Regions,2006,5251818309,3035117813,1413510622,803081018,108856,5209,3010,1402,797,0,0.578,0.269,0.153,0,0.112,0.065,0.03,0.017,0
64,High-income,GBD Super Regions,2007,5389856744,3124800138,1444445412,820221695,389499,5308,3077,1422,808,0,0.58,0.268,0.152,0,0.112,0.065,0.03,0.017,0
64,High-income,GBD Super Regions,2008,5585528203,3278028339,1473247956,834029851,222057,5461,3205,1440,815,0,0.587,0.264,0.149,0,0.116,0.068,0.03,0.017,0
64,High-income,GBD Super Regions,2009,5877058163,3517949949,1515436194,843459743,212277,5707,3416,1472,819,0,0.599,0.258,0.144,0,0.126,0.075,0.032,0.018,0
64,High-income,GBD Super Regions,2010,5961656436,3573726485,1534257981,853436019,235951,5753,3448,1480,824,0,0.599,0.257,0.143,0,0.124,0.074,0.032,0.018,0
64,High-income,GBD Super Regions,2011,6062692527,3637218285,1558300926,866760629,412688,5815,3488,1495,831,0,0.6,0.257,0.143,0,0.124,0.074,0.032,0.018,0
64,High-income,GBD Super Regions,2012,6190363952,3709769943,1598773678,881501817,318515,5902,3537,1524,840,0,0.599,0.258,0.142,0,0.125,0.075,0.032,0.018,0
64,High-income,GBD Super Regions,2013,6284920579,3741847121,1651535034,891186331,352093,5958,3547,1566,845,0,0.595,0.263,0.142,0,0.125,0.074,0.033,0.018,0
64,High-income,GBD Super Regions,2014,6538052624,4025842862,1594895642,917314121,0,6163,3795,1503,865,0,0.616,0.244,0.14,0,0.127,0.078,0.031,0.018,0
64,High-income,GBD Super Regions,2015,6717233816,4105339262,1678852637,932809495,232422,6298,3849,1574,875,0,0.611,0.25,0.139,0,0.127,0.078,0.032,0.018,0
64,High-income,GBD Super Regions,2016,6919520236,4220324370,1750071644,948752111,372112,6454,3937,1632,885,0,0.61,0.253,0.137,0,0.129,0.079,0.033,0.018,0
64,High-income,GBD Super Regions,2017,7065576888,4310423492,1791249914,963903482,0,6560,4002,1663,895,0,0.61,0.254,0.136,0,0.129,0.078,0.033,0.018,0
64,High-income,GBD Super Regions,2018,7226996667,4418727458,1824301509,983319779,647920,6681,4085,1686,909,1,0.611,0.252,0.136,0,0.129,0.079,0.032,0.018,0
64,High-income,GBD Super Regions,2019,7442646644,4567051597,1870534908,1004692421,367717,6854,4206,1723,925,0,0.614,0.251,0.135,0,0.13,0.08,0.033,0.018,0
64,High-income,GBD Super Regions,2020,7947272045,5168903213,1819916841,957513656,938335,7298,4746,1671,879,1,0.65,0.229,0.12,0,0.145,0.094,0.033,0.017,0
64,High-income,GBD Super Regions,2021,8052895811,5178390728,1852930592,1019739302,1835189,7380,4746,1698,935,2,0.643,0.23,0.127,0,0.138,0.089,0.032,0.018,0
64,High-income,GBD Super Regions,2022,7881455504,5057683977,1808087544,1014811063,872920,7204,4623,1653,928,1,0.642,0.229,0.129,0,0.132,0.085,0.03,0.017,0
103,Latin America and Caribbean,GBD Super Regions,1995,201395756,92357734,25636951,82232012,1169059,472,216,60,193,3,0.458,0.127,0.408,0.006,0.06,0.028,0.008,0.024,0
103,Latin America and Caribbean,GBD Super Regions,1996,208172024,96800914,26441427,83740200,1189483,479,223,61,193,3,0.465,0.127,0.402,0.006,0.06,0.028,0.008,0.024,0
103,Latin America and Caribbean,GBD Super Regions,1997,217636126,102444730,27827650,86025234,1338513,492,232,63,195,3,0.471,0.128,0.395,0.006,0.06,0.028,0.008,0.024,0
103,Latin America and Caribbean,GBD Super Regions,1998,225139312,106174799,28960566,88202438,1801509,501,236,64,196,4,0.472,0.129,0.392,0.008,0.06,0.028,0.008,0.024,0
103,Latin America and Caribbean,GBD Super Regions,1999,233452415,110606844,30146979,91205097,1493495,511,242,66,200,3,0.474,0.129,0.391,0.006,0.062,0.029,0.008,0.024,0
103,Latin America and Caribbean,GBD Super Regions,2000,241143075,112988411,30963842,95638143,1552679,520,244,67,206,3,0.469,0.128,0.397,0.006,0.061,0.029,0.008,0.024,0
103,Latin America and Caribbean,GBD Super Regions,2001,254357101,119649906,32345544,100977737,1383915,540,254,69,214,3,0.47,0.127,0.397,0.005,0.063,0.03,0.008,0.025,0
103,Latin America and Caribbean,GBD Super Regions,2002,267284624,127140962,33716754,105125771,1301137,559,266,71,220,3,0.476,0.126,0.393,0.005,0.066,0.031,0.008,0.026,0
103,Latin America and Caribbean,GBD Super Regions,2003,274654905,130911043,34003738,108127372,1612752,567,270,70,223,3,0.477,0.124,0.394,0.006,0.067,0.032,0.008,0.026,0
103,Latin America and Caribbean,GBD Super Regions,2004,283412430,134917066,35489408,111402091,1603866,577,275,72,227,3,0.476,0.125,0.393,0.006,0.065,0.031,0.008,0.026,0
103,Latin America and Caribbean,GBD Super Regions,2005,302013253,147059383,38524764,114942329,1486778,607,296,77,231,3,0.487,0.128,0.381,0.005,0.067,0.033,0.009,0.025,0
103,Latin America and Caribbean,GBD Super Regions,2006,321641048,159475348,42675716,118155597,1334386,638,317,85,235,3,0.496,0.133,0.367,0.004,0.068,0.033,0.009,0.025,0
103,Latin America and Caribbean,GBD Super Regions,2007,338575192,169932740,46918138,120365164,1359149,664,333,92,236,3,0.502,0.139,0.356,0.004,0.068,0.034,0.009,0.024,0
103,Latin America and Caribbean,GBD Super Regions,2008,358884515,184620076,51365069,121394751,1504618,695,357,99,235,3,0.514,0.143,0.338,0.004,0.069,0.036,0.01,0.023,0
103,Latin America and Caribbean,GBD Super Regions,2009,368135653,191269659,54423061,120696402,1746530,704,366,104,231,3,0.52,0.148,0.328,0.005,0.072,0.038,0.011,0.024,0
103,Latin America and Caribbean,GBD Super Regions,2010,372449068,194166821,56813012,118743509,2725726,704,367,107,225,5,0.521,0.153,0.319,0.007,0.07,0.036,0.011,0.022,0.001
103,Latin America and Caribbean,GBD Super Regions,2011,380783908,200479945,60103283,118063143,2137536,712,375,112,221,4,0.526,0.158,0.31,0.006,0.068,0.036,0.011,0.021,0
103,Latin America and Caribbean,GBD Super Regions,2012,390227445,207151880,63382601,117967677,1725286,720,382,117,218,3,0.531,0.162,0.302,0.004,0.068,0.036,0.011,0.021,0
103,Latin America and Caribbean,GBD Super Regions,2013,402153207,214072249,67556580,118435018,2089360,734,390,123,216,4,0.532,0.168,0.295,0.005,0.068,0.036,0.011,0.02,0
103,Latin America and Caribbean,GBD Super Regions,2014,414870221,222341293,71533150,118774967,2220811,748,401,129,214,4,0.536,0.172,0.286,0.005,0.07,0.037,0.012,0.02,0
103,Latin America and Caribbean,GBD Super Regions,2015,427208047,232322268,74588033,118284259,2013488,761,414,133,211,4,0.544,0.175,0.277,0.005,0.072,0.039,0.013,0.02,0
103,Latin America and Caribbean,GBD Super Regions,2016,425066899,231438803,74983374,117346277,1298445,749,408,132,207,2,0.544,0.176,0.276,0.003,0.073,0.04,0.013,0.02,0
103,Latin America and Caribbean,GBD Super Regions,2017,425535608,230764468,76032764,117587833,1150543,742,402,133,205,2,0.542,0.179,0.276,0.003,0.072,0.039,0.013,0.02,0
103,Latin America and Caribbean,GBD Super Regions,2018,432526733,233843571,78081794,118659643,1941725,747,404,135,205,3,0.541,0.181,0.274,0.004,0.073,0.039,0.013,0.02,0
103,Latin America and Caribbean,GBD Super Regions,2019,432582055,231147664,79760167,119899300,1774924,741,396,137,205,3,0.534,0.184,0.277,0.004,0.073,0.039,0.013,0.02,0
103,Latin America and Caribbean,GBD Super Regions,2020,437040823,240397475,76164198,117530989,2948160,743,408,129,200,5,0.55,0.174,0.269,0.007,0.079,0.044,0.014,0.021,0.001
103,Latin America and Caribbean,GBD Super Regions,2021,466752292,258680488,78555592,125498013,4018198,789,437,133,212,7,0.554,0.168,0.269,0.009,0.08,0.044,0.014,0.022,0.001
103,Latin America and Caribbean,GBD Super Regions,2022,451356902,246930312,73751706,127972903,2701980,758,415,124,215,5,0.547,0.163,0.284,0.006,0.075,0.041,0.012,0.021,0
137,North Africa and Middle East,GBD Super Regions,1995,61656005,32848907,4697561,23634834,474703,162,87,12,62,1,0.533,0.076,0.383,0.008,0.034,0.018,0.003,0.013,0
137,North Africa and Middle East,GBD Super Regions,1996,64791970,34831585,4931092,24574792,454500,167,90,13,63,1,0.538,0.076,0.379,0.007,0.034,0.018,0.003,0.013,0
137,North Africa and Middle East,GBD Super Regions,1997,69519697,37989185,5258666,25880553,391292,176,96,13,65,1,0.546,0.076,0.372,0.006,0.035,0.019,0.003,0.013,0
137,North Africa and Middle East,GBD Super Regions,1998,75373789,41822680,5647451,27427219,476438,187,104,14,68,1,0.555,0.075,0.364,0.006,0.036,0.02,0.003,0.013,0
137,North Africa and Middle East,GBD Super Regions,1999,78847756,44087470,5898293,28446264,415729,191,107,14,69,1,0.559,0.075,0.361,0.005,0.038,0.021,0.003,0.014,0
137,North Africa and Middle East,GBD Super Regions,2000,83107224,46963706,6350548,29361055,431915,198,112,15,70,1,0.565,0.076,0.353,0.005,0.038,0.021,0.003,0.013,0
137,North Africa and Middle East,GBD Super Regions,2001,90815725,53353495,6671283,30429241,361707,212,125,16,71,1,0.588,0.073,0.335,0.004,0.041,0.024,0.003,0.014,0
137,North Africa and Middle East,GBD Super Regions,2002,94781963,55903640,6929600,31536018,412705,217,128,16,72,1,0.59,0.073,0.333,0.004,0.042,0.025,0.003,0.014,0
137,North Africa and Middle East,GBD Super Regions,2003,97384058,56829683,7212853,32813592,527931,218,127,16,74,1,0.584,0.074,0.337,0.005,0.041,0.024,0.003,0.014,0
137,North Africa and Middle East,GBD Super Regions,2004,101811944,59237770,7543593,34365253,665329,224,130,17,76,1,0.582,0.074,0.338,0.007,0.039,0.023,0.003,0.013,0
137,North Africa and Middle East,GBD Super Regions,2005,105606487,60180020,7990242,35931360,1504865,227,130,17,77,3,0.57,0.076,0.34,0.014,0.039,0.022,0.003,0.013,0.001
137,North Africa and Middle East,GBD Super Regions,2006,112057618,64381070,8464374,37761571,1450603,236,136,18,80,3,0.575,0.076,0.337,0.013,0.039,0.022,0.003,0.013,0
137,North Africa and Middle East,GBD Super Regions,2007,118330557,68241444,9191134,39657704,1240275,244,141,19,82,3,0.577,0.078,0.335,0.01,0.039,0.022,0.003,0.013,0
137,North Africa and Middle East,GBD Super Regions,2008,126916878,73806049,10038667,41593317,1478845,256,149,20,84,3,0.581,0.079,0.328,0.012,0.039,0.023,0.003,0.013,0
137,North Africa and Middle East,GBD Super Regions,2009,143418409,86747763,11487597,43842179,1340871,283,171,23,87,3,0.605,0.08,0.306,0.009,0.044,0.027,0.004,0.013,0
137,North Africa and Middle East,GBD Super Regions,2010,143449976,84982187,11889996,45048285,1529508,277,164,23,87,3,0.592,0.083,0.314,0.011,0.042,0.025,0.003,0.013,0
137,North Africa and Middle East,GBD Super Regions,2011,148706839,88373006,12816908,46169236,1347689,282,167,24,88,3,0.594,0.086,0.31,0.009,0.041,0.024,0.004,0.013,0
137,North Africa and Middle East,GBD Super Regions,2012,156203701,93842497,13803462,47393153,1164589,290,174,26,88,2,0.601,0.088,0.303,0.007,0.041,0.025,0.004,0.012,0
137,North Africa and Middle East,GBD Super Regions,2013,168584344,102547103,15186557,49353533,1497151,308,187,28,90,3,0.608,0.09,0.293,0.009,0.043,0.026,0.004,0.013,0
137,North Africa and Middle East,GBD Super Regions,2014,186516199,115656041,17160665,52220185,1479308,335,208,31,94,3,0.62,0.092,0.28,0.008,0.047,0.029,0.004,0.013,0
137,North Africa and Middle East,GBD Super Regions,2015,203000835,127036675,19095119,55813497,1055544,358,224,34,98,2,0.626,0.094,0.275,0.005,0.05,0.031,0.005,0.014,0
137,North Africa and Middle East,GBD Super Regions,2016,213898973,133562948,20370355,58718947,1246724,371,232,35,102,2,0.624,0.095,0.275,0.006,0.05,0.032,0.005,0.014,0
137,North Africa and Middle East,GBD Super Regions,2017,219417698,132590778,25039976,59870534,1916409,374,226,43,102,3,0.604,0.114,0.273,0.009,0.05,0.03,0.006,0.014,0
137,North Africa and Middle East,GBD Super Regions,2018,221731108,134688761,25475259,59740838,1826250,372,226,43,100,3,0.607,0.115,0.269,0.008,0.049,0.03,0.006,0.013,0
137,North Africa and Middle East,GBD Super Regions,2019,225530593,138371749,26115834,59064716,1978293,372,228,43,98,3,0.614,0.116,0.262,0.009,0.049,0.03,0.006,0.013,0
137,North Africa and Middle East,GBD Super Regions,2020,240029371,158040574,21861831,57124764,3002202,391,257,36,93,5,0.658,0.091,0.238,0.013,0.054,0.035,0.005,0.013,0.001
137,North Africa and Middle East,GBD Super Regions,2021,238613940,155276282,22170401,56527382,4639876,383,249,36,91,7,0.651,0.093,0.237,0.019,0.05,0.033,0.005,0.012,0.001
137,North Africa and Middle East,GBD Super Regions,2022,211559823,131010464,20321233,56471636,3756490,335,207,32,89,6,0.619,0.096,0.267,0.018,0.043,0.026,0.004,0.011,0.001
158,South Asia,GBD Super Regions,1995,35117942,6967116,1725653,25530440,894732,29,6,1,21,1,0.2,0.049,0.725,0.026,0.041,0.008,0.002,0.03,0.001
158,South Asia,GBD Super Regions,1996,36771554,7242941,1820032,26518402,1190178,30,6,1,22,1,0.198,0.05,0.72,0.033,0.041,0.008,0.002,0.029,0.001
158,South Asia,GBD Super Regions,1997,38253239,7712694,1936536,27666268,937741,31,6,2,22,1,0.202,0.051,0.722,0.025,0.041,0.008,0.002,0.029,0.001
158,South Asia,GBD Super Regions,1998,40140695,8231843,2066273,28817524,1025055,31,6,2,23,1,0.206,0.052,0.717,0.026,0.04,0.008,0.002,0.029,0.001
158,South Asia,GBD Super Regions,1999,41698504,8585031,2203962,29806221,1103290,32,7,2,23,1,0.206,0.053,0.714,0.027,0.039,0.008,0.002,0.028,0.001
158,South Asia,GBD Super Regions,2000,43499882,8991557,2332504,30929849,1245972,33,7,2,23,1,0.207,0.054,0.71,0.029,0.039,0.008,0.002,0.028,0.001
158,South Asia,GBD Super Regions,2001,45832135,9406668,2553494,32626904,1245068,34,7,2,24,1,0.206,0.056,0.711,0.027,0.039,0.008,0.002,0.028,0.001
158,South Asia,GBD Super Regions,2002,47794862,9718371,2850487,33877280,1348723,35,7,2,25,1,0.204,0.06,0.708,0.028,0.039,0.008,0.002,0.028,0.001
158,South Asia,GBD Super Regions,2003,49361546,9994444,3109740,35220381,1036981,35,7,2,25,1,0.203,0.063,0.713,0.021,0.038,0.008,0.002,0.027,0.001
158,South Asia,GBD Super Regions,2004,51765065,10210235,3322637,36832689,1399504,36,7,2,26,1,0.198,0.064,0.711,0.027,0.037,0.007,0.002,0.026,0.001
158,South Asia,GBD Super Regions,2005,54483572,10774066,3390434,38786904,1532168,37,7,2,27,1,0.198,0.062,0.711,0.028,0.036,0.007,0.002,0.026,0.001
158,South Asia,GBD Super Regions,2006,57175077,11535864,3608512,40687615,1343086,39,8,2,27,1,0.202,0.063,0.711,0.024,0.035,0.007,0.002,0.025,0.001
158,South Asia,GBD Super Regions,2007,60560922,12535358,3917560,42489265,1618739,40,8,3,28,1,0.208,0.065,0.701,0.027,0.034,0.007,0.002,0.024,0.001
158,South Asia,GBD Super Regions,2008,64539659,14271795,4224039,44067923,1975902,42,9,3,29,1,0.222,0.065,0.682,0.031,0.035,0.008,0.002,0.024,0.001
158,South Asia,GBD Super Regions,2009,67723840,15545775,4576001,45567333,2034732,43,10,3,29,1,0.23,0.067,0.672,0.03,0.035,0.008,0.002,0.023,0.001
158,South Asia,GBD Super Regions,2010,71198724,16766988,5038152,47216135,2177448,45,11,3,30,1,0.236,0.071,0.663,0.031,0.034,0.008,0.002,0.022,0.001
158,South Asia,GBD Super Regions,2011,75070112,18174411,5533630,49396579,1965492,47,11,3,31,1,0.243,0.073,0.658,0.026,0.034,0.008,0.002,0.022,0.001
158,South Asia,GBD Super Regions,2012,80524144,19500759,6046257,52871362,2105766,49,12,4,32,1,0.243,0.075,0.656,0.026,0.034,0.008,0.003,0.023,0.001
158,South Asia,GBD Super Regions,2013,87269630,20570528,6571122,57416778,2711202,52,12,4,34,2,0.236,0.075,0.658,0.031,0.035,0.008,0.003,0.023,0.001
158,South Asia,GBD Super Regions,2014,91171299,21964118,7262058,60099515,1845607,54,13,4,36,1,0.241,0.079,0.659,0.02,0.034,0.008,0.003,0.022,0.001
158,South Asia,GBD Super Regions,2015,97069481,24608424,8172514,61856466,2432077,57,14,5,36,1,0.254,0.084,0.637,0.025,0.034,0.009,0.003,0.021,0.001
158,South Asia,GBD Super Regions,2016,101208970,27479829,9110274,62009676,2609191,58,16,5,36,2,0.272,0.09,0.613,0.026,0.032,0.009,0.003,0.02,0.001
158,South Asia,GBD Super Regions,2017,102122667,29883040,9937259,59719407,2582960,58,17,6,34,1,0.293,0.097,0.585,0.025,0.031,0.009,0.003,0.018,0.001
158,South Asia,GBD Super Regions,2018,105923203,32827481,10942786,59206273,2946662,59,18,6,33,2,0.31,0.103,0.559,0.028,0.03,0.009,0.003,0.017,0.001
158,South Asia,GBD Super Regions,2019,110326319,35682252,12014728,59867626,2761713,61,20,7,33,2,0.324,0.108,0.543,0.025,0.03,0.01,0.003,0.016,0.001
158,South Asia,GBD Super Regions,2020,118418786,39383021,13954130,59820054,5261581,65,22,8,33,3,0.333,0.117,0.505,0.045,0.034,0.011,0.004,0.017,0.001
158,South Asia,GBD Super Regions,2021,130302911,47727761,15061573,59755323,7758254,70,26,8,32,4,0.367,0.115,0.458,0.06,0.034,0.012,0.004,0.015,0.002
158,South Asia,GBD Super Regions,2022,133430036,48225589,16167330,63934561,5102556,71,26,9,34,3,0.362,0.121,0.479,0.038,0.032,0.012,0.004,0.015,0.001
4,"Southeast Asia, East Asia, and Oceania",GBD Super Regions,1995,117148344,41731277,20974128,53408303,1034636,65,23,12,30,1,0.357,0.178,0.456,0.009,0.035,0.013,0.006,0.016,0
4,"Southeast Asia, East Asia, and Oceania",GBD Super Regions,1996,127997461,44353277,22296818,60603695,743671,71,25,12,34,0,0.347,0.173,0.474,0.006,0.036,0.012,0.006,0.017,0
4,"Southeast Asia, East Asia, and Oceania",GBD Super Regions,1997,140714601,47928048,23536232,68411574,838746,77,26,13,38,0,0.341,0.166,0.486,0.006,0.037,0.013,0.006,0.018,0
4,"Southeast Asia, East Asia, and Oceania",GBD Super Regions,1998,152179928,51065481,24059433,76256281,798733,83,28,13,42,0,0.336,0.157,0.501,0.005,0.039,0.013,0.006,0.02,0
4,"Southeast Asia, East Asia, and Oceania",GBD Super Regions,1999,164615743,54246849,24593417,84830810,944667,89,29,13,46,1,0.33,0.149,0.515,0.006,0.04,0.013,0.006,0.02,0
4,"Southeast Asia, East Asia, and Oceania",GBD Super Regions,2000,178011025,59079675,24478022,93271546,1181782,96,32,13,50,1,0.332,0.137,0.524,0.007,0.04,0.013,0.006,0.021,0
4,"Southeast Asia, East Asia, and Oceania",GBD Super Regions,2001,189825861,63104122,23683942,102185301,852496,102,34,13,55,0,0.333,0.124,0.539,0.005,0.04,0.013,0.005,0.022,0
4,"Southeast Asia, East Asia, and Oceania",GBD Super Regions,2002,207177231,70767328,23719540,111920286,770076,110,38,13,59,0,0.342,0.114,0.54,0.004,0.041,0.014,0.005,0.022,0
4,"Southeast Asia, East Asia, and Oceania",GBD Super Regions,2003,224550515,78540783,24058692,120882150,1068889,118,41,13,64,1,0.35,0.107,0.539,0.005,0.041,0.014,0.004,0.022,0
4,"Southeast Asia, East Asia, and Oceania",GBD Super Regions,2004,241568433,87128632,24544365,128591242,1304193,126,46,13,67,1,0.361,0.101,0.533,0.005,0.04,0.015,0.004,0.022,0
4,"Southeast Asia, East Asia, and Oceania",GBD Super Regions,2005,261928133,99060329,25122465,136214816,1530523,136,51,13,71,1,0.378,0.096,0.52,0.006,0.04,0.015,0.004,0.021,0
4,"Southeast Asia, East Asia, and Oceania",GBD Super Regions,2006,281359601,111721892,25963655,141871620,1802433,145,57,13,73,1,0.397,0.092,0.504,0.006,0.039,0.015,0.004,0.02,0
4,"Southeast Asia, East Asia, and Oceania",GBD Super Regions,2007,303721723,127183944,27395545,147343499,1798736,155,65,14,75,1,0.419,0.09,0.485,0.006,0.037,0.016,0.003,0.018,0
4,"Southeast Asia, East Asia, and Oceania",GBD Super Regions,2008,348848732,160077329,29636795,157173850,1960758,176,81,15,79,1,0.459,0.085,0.451,0.006,0.04,0.018,0.003,0.018,0
4,"Southeast Asia, East Asia, and Oceania",GBD Super Regions,2009,399376301,197189558,31768779,168371699,2046264,200,99,16,84,1,0.494,0.079,0.422,0.005,0.042,0.021,0.003,0.018,0
4,"Southeast Asia, East Asia, and Oceania",GBD Super Regions,2010,431700808,218322146,32992036,178269999,2116628,214,108,16,89,1,0.506,0.076,0.413,0.005,0.042,0.021,0.003,0.017,0
4,"Southeast Asia, East Asia, and Oceania",GBD Super Regions,2011,483438272,254653052,34668238,191886521,2230461,239,126,17,95,1,0.527,0.072,0.397,0.005,0.043,0.023,0.003,0.017,0
4,"Southeast Asia, East Asia, and Oceania",GBD Super Regions,2012,536119367,291234403,36470778,206119671,2294515,263,143,18,101,1,0.543,0.068,0.385,0.004,0.045,0.024,0.003,0.017,0
4,"Southeast Asia, East Asia, and Oceania",GBD Super Regions,2013,584759449,323480251,38953847,220012430,2312922,284,157,19,107,1,0.553,0.067,0.376,0.004,0.045,0.025,0.003,0.017,0
4,"Southeast Asia, East Asia, and Oceania",GBD Super Regions,2014,633858818,355400181,42686474,233802983,1969179,306,171,21,113,1,0.561,0.067,0.369,0.003,0.046,0.026,0.003,0.017,0
4,"Southeast Asia, East Asia, and Oceania",GBD Super Regions,2015,699347742,399437695,47967465,250005845,1936737,334,191,23,120,1,0.571,0.069,0.357,0.003,0.048,0.027,0.003,0.017,0
4,"Southeast Asia, East Asia, and Oceania",GBD Super Regions,2016,753818117,428149679,55401424,268350353,1916662,357,203,26,127,1,0.568,0.073,0.356,0.003,0.048,0.027,0.004,0.017,0
4,"Southeast Asia, East Asia, and Oceania",GBD Super Regions,2017,808892700,454344648,64467630,287920203,2160218,380,213,30,135,1,0.562,0.08,0.356,0.003,0.049,0.027,0.004,0.017,0
4,"Southeast Asia, East Asia, and Oceania",GBD Super Regions,2018,873466226,487334304,74451166,309187481,2493275,407,227,35,144,1,0.558,0.085,0.354,0.003,0.049,0.027,0.004,0.017,0
4,"Southeast Asia, East Asia, and Oceania",GBD Super Regions,2019,944360440,525918432,85417667,330336627,2687714,437,243,40,153,1,0.557,0.09,0.35,0.003,0.05,0.028,0.005,0.018,0
4,"Southeast Asia, East Asia, and Oceania",GBD Super Regions,2020,1013685164,553951744,106831233,348335541,4566646,466,255,49,160,2,0.547,0.105,0.344,0.005,0.053,0.029,0.006,0.018,0
4,"Southeast Asia, East Asia, and Oceania",GBD Super Regions,2021,1073494452,582604700,123556634,359623011,7710107,492,267,57,165,4,0.543,0.115,0.335,0.007,0.052,0.028,0.006,0.018,0
4,"Southeast Asia, East Asia, and Oceania",GBD Super Regions,2022,1084041127,595208417,126725486,357521049,4586174,495,272,58,163,2,0.549,0.117,0.33,0.004,0.051,0.028,0.006,0.017,0
166,Sub-Saharan Africa,GBD Super Regions,1995,33215779,11173457,8198688,12281960,1561674,59,20,15,22,3,0.337,0.247,0.369,0.047,0.054,0.018,0.013,0.02,0.003
166,Sub-Saharan Africa,GBD Super Regions,1996,34012733,11486467,8452137,12300451,1773678,59,20,15,21,3,0.338,0.249,0.361,0.052,0.052,0.017,0.013,0.019,0.003
166,Sub-Saharan Africa,GBD Super Regions,1997,34822950,11805971,8754249,12529484,1733246,59,20,15,21,3,0.339,0.252,0.359,0.05,0.051,0.017,0.013,0.018,0.003
166,Sub-Saharan Africa,GBD Super Regions,1998,35483105,11868304,9024579,12754430,1835791,58,19,15,21,3,0.335,0.255,0.359,0.052,0.051,0.017,0.013,0.018,0.003
166,Sub-Saharan Africa,GBD Super Regions,1999,36130955,11986440,9414729,12725358,2004428,57,19,15,20,3,0.332,0.261,0.352,0.056,0.05,0.017,0.013,0.018,0.003
166,Sub-Saharan Africa,GBD Super Regions,2000,36784947,12019677,9887866,12681981,2195425,57,19,15,20,3,0.327,0.269,0.344,0.06,0.05,0.016,0.013,0.017,0.003
166,Sub-Saharan Africa,GBD Super Regions,2001,38412208,12513839,10225038,13316722,2356609,58,19,15,20,4,0.326,0.266,0.346,0.061,0.05,0.016,0.013,0.017,0.003
166,Sub-Saharan Africa,GBD Super Regions,2002,39080289,12728067,10136832,13964804,2250586,57,19,15,20,3,0.326,0.26,0.357,0.058,0.048,0.016,0.012,0.017,0.003
166,Sub-Saharan Africa,GBD Super Regions,2003,42955172,14107392,9999383,15465673,3382725,61,20,14,22,5,0.328,0.233,0.36,0.079,0.051,0.017,0.012,0.018,0.004
166,Sub-Saharan Africa,GBD Super Regions,2004,45617740,14951564,9725172,16464999,4476005,63,21,13,23,6,0.328,0.213,0.361,0.098,0.05,0.017,0.011,0.018,0.005
166,Sub-Saharan Africa,GBD Super Regions,2005,48641336,16433637,9636530,17305837,5265332,66,22,13,23,7,0.338,0.198,0.356,0.108,0.051,0.017,0.01,0.018,0.005
166,Sub-Saharan Africa,GBD Super Regions,2006,51047714,17343825,9685851,17864935,6153103,67,23,13,23,8,0.34,0.19,0.35,0.121,0.05,0.017,0.01,0.018,0.006
166,Sub-Saharan Africa,GBD Super Regions,2007,54824625,18977988,9998575,18562918,7285143,70,24,13,24,9,0.346,0.182,0.338,0.133,0.051,0.018,0.009,0.017,0.007
166,Sub-Saharan Africa,GBD Super Regions,2008,59710622,20545141,10507948,18813877,9843656,74,26,13,23,12,0.344,0.176,0.315,0.165,0.053,0.018,0.009,0.017,0.009
166,Sub-Saharan Africa,GBD Super Regions,2009,62996610,22396856,11111646,19335077,10153031,76,27,13,23,12,0.356,0.176,0.307,0.161,0.054,0.019,0.009,0.016,0.009
166,Sub-Saharan Africa,GBD Super Regions,2010,65275234,23453319,11541109,19896683,10384123,77,28,14,23,12,0.359,0.177,0.305,0.159,0.052,0.019,0.009,0.016,0.008
166,Sub-Saharan Africa,GBD Super Regions,2011,67839851,24413375,12079188,20422069,10925219,78,28,14,23,12,0.36,0.178,0.301,0.161,0.052,0.019,0.009,0.016,0.008
166,Sub-Saharan Africa,GBD Super Regions,2012,71699892,25736485,12839255,21093965,12030187,80,29,14,23,13,0.359,0.179,0.294,0.168,0.052,0.019,0.009,0.015,0.009
166,Sub-Saharan Africa,GBD Super Regions,2013,76058067,27116385,13545719,21878332,13517632,82,29,15,24,15,0.357,0.178,0.288,0.178,0.053,0.019,0.009,0.015,0.009
166,Sub-Saharan Africa,GBD Super Regions,2014,78616356,28405784,14365636,22666887,13178048,83,30,15,24,14,0.361,0.183,0.288,0.168,0.052,0.019,0.01,0.015,0.009
166,Sub-Saharan Africa,GBD Super Regions,2015,81269921,29528877,14831999,23316980,13592065,83,30,15,24,14,0.363,0.182,0.287,0.167,0.052,0.019,0.01,0.015,0.009
166,Sub-Saharan Africa,GBD Super Regions,2016,81878685,30104332,14897491,23453614,13423248,82,30,15,23,13,0.368,0.182,0.286,0.164,0.052,0.019,0.009,0.015,0.008
166,Sub-Saharan Africa,GBD Super Regions,2017,83907582,31100581,14785291,23371305,14650405,82,30,14,23,14,0.371,0.176,0.279,0.175,0.052,0.019,0.009,0.014,0.009
166,Sub-Saharan Africa,GBD Super Regions,2018,86515297,31808800,14779288,23018503,16908706,82,30,14,22,16,0.368,0.171,0.266,0.195,0.051,0.019,0.009,0.014,0.01
166,Sub-Saharan Africa,GBD Super Regions,2019,88393084,33198799,14944408,22933156,17316722,82,31,14,21,16,0.376,0.169,0.259,0.196,0.051,0.019,0.009,0.013,0.01
166,Sub-Saharan Africa,GBD Super Regions,2020,96337073,38472976,12501055,25100775,20262268,87,35,11,23,18,0.399,0.13,0.261,0.21,0.057,0.023,0.007,0.015,0.012
166,Sub-Saharan Africa,GBD Super Regions,2021,105805683,38955557,13431404,27247267,26171455,93,34,12,24,23,0.368,0.127,0.258,0.247,0.06,0.022,0.008,0.015,0.015
166,Sub-Saharan Africa,GBD Super Regions,2022,101367075,38704130,14108686,28435719,20118540,87,33,12,24,17,0.382,0.139,0.281,0.199,0.055,0.021,0.008,0.015,0.011
160,Afghanistan,Country,1995,720553,19912,3,695854,4783,53,1,0,52,0,0.028,0,0.965,0.007,0.135,0.004,0,0.131,0.001
160,Afghanistan,Country,1996,685061,18316,7,659945,6794,49,1,0,47,0,0.027,0,0.962,0.01,0.132,0.004,0,0.128,0.001
160,Afghanistan,Country,1997,653444,17012,14,622916,13502,45,1,0,43,1,0.027,0,0.952,0.021,0.131,0.003,0,0.125,0.003
160,Afghanistan,Country,1998,613535,15971,21,590734,6808,41,1,0,39,0,0.027,0,0.962,0.011,0.127,0.003,0,0.123,0.001
160,Afghanistan,Country,1999,584875,14862,29,559913,10071,37,1,0,36,1,0.026,0,0.956,0.018,0.126,0.003,0,0.12,0.002
160,Afghanistan,Country,2000,554918,13851,33,529659,11375,35,1,0,33,1,0.025,0,0.954,0.021,0.124,0.003,0,0.118,0.003
160,Afghanistan,Country,2001,537376,13305,34,502633,21403,34,1,0,31,1,0.025,0,0.934,0.04,0.129,0.003,0,0.121,0.005
160,Afghanistan,Country,2002,578390,14084,45,527742,36518,35,1,0,32,2,0.025,0,0.911,0.064,0.099,0.002,0,0.09,0.006
160,Afghanistan,Country,2003,730890,31592,31,642998,56269,42,2,0,37,3,0.044,0,0.878,0.078,0.115,0.005,0,0.101,0.009
160,Afghanistan,Country,2004,878934,41487,28,694532,142888,48,2,0,38,8,0.048,0,0.788,0.164,0.135,0.006,0,0.107,0.022
160,Afghanistan,Country,2005,970459,45684,33,728599,196143,51,2,0,38,10,0.047,0,0.749,0.204,0.135,0.006,0,0.101,0.027
160,Afghanistan,Country,2006,1048802,52842,35,773685,222239,53,3,0,39,11,0.051,0,0.736,0.213,0.138,0.007,0,0.102,0.029
160,Afghanistan,Country,2007,1254837,63838,37,833535,357427,62,3,0,41,18,0.051,0,0.663,0.286,0.139,0.007,0,0.093,0.04
160,Afghanistan,Country,2008,1292670,67272,40,869768,355590,62,3,0,42,17,0.052,0,0.671,0.276,0.143,0.007,0,0.097,0.039
160,Afghanistan,Country,2009,1514334,71997,45,927645,514647,71,3,0,44,24,0.048,0,0.611,0.341,0.142,0.007,0,0.087,0.048
160,Afghanistan,Country,2010,1497145,73565,50,970293,453237,68,3,0,44,21,0.049,0,0.647,0.304,0.129,0.006,0,0.084,0.039
160,Afghanistan,Country,2011,1625213,77666,50,1011465,536032,72,3,0,45,24,0.048,0,0.621,0.331,0.135,0.006,0,0.084,0.044
160,Afghanistan,Country,2012,1635704,85356,48,1086640,463659,70,4,0,46,20,0.052,0,0.663,0.284,0.121,0.006,0,0.08,0.034
160,Afghanistan,Country,2013,1861998,92997,40,1208044,560917,76,4,0,50,23,0.05,0,0.648,0.302,0.13,0.007,0,0.084,0.039
160,Afghanistan,Country,2014,2029680,101915,24,1358772,568969,81,4,0,54,23,0.05,0,0.669,0.281,0.139,0.007,0,0.093,0.039
160,Afghanistan,Country,2015,2085289,109279,11,1533721,442277,80,4,0,59,17,0.052,0,0.735,0.212,0.142,0.007,0,0.105,0.03
160,Afghanistan,Country,2016,2248714,120874,6,1749664,378170,84,5,0,65,14,0.054,0,0.778,0.168,0.149,0.008,0,0.116,0.025
160,Afghanistan,Country,2017,2586376,121937,19,1969467,494952,94,4,0,71,18,0.047,0,0.761,0.191,0.168,0.008,0,0.128,0.032
160,Afghanistan,Country,2018,2834366,119758,163,2231006,483439,100,4,0,79,17,0.042,0,0.787,0.171,0.181,0.008,0,0.143,0.031
160,Afghanistan,Country,2019,3044905,112178,409,2395421,536897,104,4,0,82,18,0.037,0,0.787,0.176,0.183,0.007,0,0.144,0.032
160,Afghanistan,Country,2020,3275004,251546,12895,2440097,570466,108,8,0,81,19,0.077,0.004,0.745,0.174,0.202,0.015,0.001,0.15,0.035
160,Afghanistan,Country,2021,3739005,125818,2244,2994117,616826,119,4,0,95,20,0.034,0.001,0.801,0.165,0.28,0.009,0,0.224,0.046
160,Afghanistan,Country,2022,3638044,29772,866,3032427,574978,114,1,0,95,18,0.008,0,0.834,0.158,0.29,0.002,0,0.242,0.046
43,Albania,Country,1995,544007,201166,29,325145,17667,164,61,0,98,5,0.37,0,0.597,0.033,0.071,0.026,0,0.043,0.002
43,Albania,Country,1996,577186,200388,28,361363,15406,175,61,0,109,5,0.347,0,0.626,0.027,0.07,0.024,0,0.044,0.002
43,Albania,Country,1997,550659,213871,28,331207,5553,168,65,0,101,2,0.389,0,0.601,0.01,0.075,0.029,0,0.045,0.001
43,Albania,Country,1998,565672,241989,29,309759,13894,174,74,0,95,4,0.428,0,0.547,0.025,0.071,0.03,0,0.039,0.002
43,Albania,Country,1999,590510,260821,30,302997,26661,183,81,0,94,8,0.442,0,0.513,0.045,0.065,0.029,0,0.034,0.003
43,Albania,Country,2000,588227,263340,31,298008,26849,184,82,0,93,8,0.448,0,0.506,0.046,0.061,0.027,0,0.031,0.003
43,Albania,Country,2001,604720,276774,33,301485,26428,192,88,0,96,8,0.458,0,0.498,0.044,0.058,0.027,0,0.029,0.003
43,Albania,Country,2002,619456,288274,35,308793,22354,199,92,0,99,7,0.465,0,0.498,0.036,0.058,0.027,0,0.029,0.002
43,Albania,Country,2003,649192,298592,36,321728,28836,211,97,0,104,9,0.46,0,0.495,0.044,0.058,0.027,0,0.029,0.003
43,Albania,Country,2004,688899,322910,40,337778,28172,226,106,0,111,9,0.469,0,0.49,0.041,0.058,0.027,0,0.029,0.002
43,Albania,Country,2005,721108,328790,45,355124,37149,239,109,0,118,12,0.456,0,0.492,0.052,0.058,0.027,0,0.029,0.003
43,Albania,Country,2006,760507,342694,49,379317,38447,254,115,0,127,13,0.451,0,0.499,0.051,0.058,0.026,0,0.029,0.003
43,Albania,Country,2007,788520,353064,52,414991,20412,266,119,0,140,7,0.448,0,0.526,0.026,0.057,0.025,0,0.03,0.001
43,Albania,Country,2008,863732,372062,69,462300,29301,294,127,0,158,10,0.431,0,0.535,0.034,0.058,0.025,0,0.031,0.002
43,Albania,Country,2009,925692,388469,94,513803,23325,318,133,0,177,8,0.42,0,0.555,0.025,0.06,0.025,0,0.033,0.002
43,Albania,Country,2010,962445,379528,118,563598,19201,333,131,0,195,7,0.394,0,0.586,0.02,0.06,0.024,0,0.035,0.001
43,Albania,Country,2011,1027455,392650,128,596306,38371,358,137,0,208,13,0.382,0,0.58,0.037,0.063,0.024,0,0.037,0.002
43,Albania,Country,2012,1031202,403654,123,613372,14053,362,142,0,215,5,0.391,0,0.595,0.014,0.063,0.025,0,0.037,0.001
43,Albania,Country,2013,1060892,428758,111,628261,3763,375,151,0,222,1,0.404,0,0.592,0.004,0.064,0.026,0,0.038,0
43,Albania,Country,2014,1132701,469779,103,646548,16273,403,167,0,230,6,0.415,0,0.571,0.014,0.068,0.028,0,0.039,0.001
43,Albania,Country,2015,1152354,485944,109,657986,8316,414,175,0,236,3,0.422,0,0.571,0.007,0.068,0.029,0,0.039,0
43,Albania,Country,2016,1186154,500963,167,679661,5363,431,182,0,247,2,0.422,0,0.573,0.005,0.068,0.029,0,0.039,0
43,Albania,Country,2017,1245710,528498,446,711608,5159,455,193,0,260,2,0.424,0,0.571,0.004,0.069,0.029,0,0.04,0
43,Albania,Country,2018,1318876,557527,830,741507,19013,484,204,0,272,7,0.423,0.001,0.562,0.014,0.071,0.03,0,0.04,0.001
43,Albania,Country,2019,1366283,583129,1597,771207,10350,504,215,1,285,4,0.427,0.001,0.564,0.008,0.072,0.031,0,0.041,0.001
43,Albania,Country,2020,1451956,578525,789,859845,12796,540,215,0,320,5,0.398,0.001,0.592,0.009,0.079,0.032,0,0.047,0.001
43,Albania,Country,2021,1607349,620457,794,929240,56858,609,235,0,352,22,0.386,0,0.578,0.035,0.081,0.031,0,0.047,0.003
43,Albania,Country,2022,1340786,621115,1137,701519,17015,514,238,0,269,7,0.463,0.001,0.523,0.013,0.065,0.03,0,0.034,0.001
139,Algeria,Country,1995,3607830,2590379,83645,933725,81,127,91,3,33,0,0.718,0.023,0.259,0,0.036,0.026,0.001,0.009,0
139,Algeria,Country,1996,3549502,2539187,84405,925807,103,122,88,3,32,0,0.715,0.024,0.261,0,0.034,0.024,0.001,0.009,0
139,Algeria,Country,1997,3722440,2656798,87703,977334,605,126,90,3,33,0,0.714,0.024,0.262,0,0.035,0.025,0.001,0.009,0
139,Algeria,Country,1998,3842124,2739139,89534,1011822,1628,128,91,3,34,0,0.713,0.023,0.263,0,0.034,0.024,0.001,0.009,0
139,Algeria,Country,1999,3955532,2839871,91798,1021440,2423,129,93,3,33,0,0.718,0.023,0.258,0.001,0.034,0.025,0.001,0.009,0
139,Algeria,Country,2000,3946269,2839718,93445,1011489,1618,127,92,3,33,0,0.72,0.024,0.256,0,0.033,0.024,0.001,0.008,0
139,Algeria,Country,2001,4335207,3207126,100753,1024762,2566,138,102,3,33,0,0.74,0.023,0.236,0.001,0.035,0.026,0.001,0.008,0
139,Algeria,Country,2002,4752118,3574386,108730,1067179,1823,149,112,3,33,0,0.752,0.023,0.225,0,0.036,0.027,0.001,0.008,0
139,Algeria,Country,2003,4541732,3320006,109667,1111329,730,140,103,3,34,0,0.731,0.024,0.245,0,0.033,0.024,0.001,0.008,0
139,Algeria,Country,2004,4732194,3389148,117035,1222230,3781,144,103,4,37,0,0.716,0.025,0.258,0.001,0.033,0.023,0.001,0.008,0
139,Algeria,Country,2005,4987625,3519909,121790,1342921,3006,150,106,4,40,0,0.706,0.024,0.269,0.001,0.032,0.023,0.001,0.009,0
139,Algeria,Country,2006,5263034,3656380,123260,1478728,4665,156,108,4,44,0,0.695,0.023,0.281,0.001,0.033,0.023,0.001,0.009,0
139,Algeria,Country,2007,6154016,4352284,130469,1666331,4932,179,127,4,48,0,0.707,0.021,0.271,0.001,0.038,0.027,0.001,0.01,0
139,Algeria,Country,2008,7117729,5097562,136817,1876311,7039,203,146,4,54,0,0.716,0.019,0.264,0.001,0.043,0.031,0.001,0.011,0
139,Algeria,Country,2009,8128385,5836688,143090,2145503,3105,228,164,4,60,0,0.718,0.018,0.264,0,0.048,0.035,0.001,0.013,0
139,Algeria,Country,2010,8306018,5812153,140648,2348815,4401,229,160,4,65,0,0.7,0.017,0.283,0.001,0.047,0.033,0.001,0.013,0
139,Algeria,Country,2011,9430903,6666129,147805,2607101,9868,255,180,4,71,0,0.707,0.016,0.276,0.001,0.052,0.037,0.001,0.014,0
139,Algeria,Country,2012,10744701,7645967,157693,2937045,3996,285,203,4,78,0,0.712,0.015,0.273,0,0.058,0.041,0.001,0.016,0
139,Algeria,Country,2013,10740868,7361211,157988,3213819,7850,280,192,4,84,0,0.686,0.015,0.299,0.001,0.057,0.039,0.001,0.017,0
139,Algeria,Country,2014,12088063,8333601,171489,3575969,7003,309,213,4,91,0,0.69,0.014,0.296,0.001,0.061,0.042,0.001,0.018,0
139,Algeria,Country,2015,13286989,9152304,185741,3946409,2535,333,229,5,99,0,0.689,0.014,0.297,0,0.065,0.045,0.001,0.019,0
139,Algeria,Country,2016,13011876,8631599,188819,4189717,1741,320,212,5,103,0,0.663,0.014,0.322,0,0.062,0.041,0.001,0.02,0
139,Algeria,Country,2017,12980445,8403117,193779,4381512,2037,313,203,5,106,0,0.647,0.015,0.337,0,0.061,0.039,0.001,0.021,0
139,Algeria,Country,2018,12923042,8203804,197927,4510582,10729,306,194,5,107,0,0.635,0.015,0.349,0.001,0.06,0.038,0.001,0.021,0
139,Algeria,Country,2019,12734866,7939322,200178,4584978,10388,297,185,5,107,0,0.624,0.016,0.36,0.001,0.058,0.036,0.001,0.021,0
139,Algeria,Country,2020,12358205,7294010,202628,4795904,65663,284,167,5,110,2,0.59,0.016,0.388,0.005,0.058,0.034,0.001,0.023,0
139,Algeria,Country,2021,11296622,6406095,199062,4529256,162209,253,144,4,101,4,0.567,0.018,0.401,0.014,0.05,0.028,0.001,0.02,0.001
139,Algeria,Country,2022,8331098,3919764,193592,4204707,13035,184,87,4,93,0,0.471,0.023,0.504,0.002,0.036,0.017,0.001,0.018,0
298,American Samoa,Country,1995,35305,27932,229,7144,0,639,506,4,129,0,0.79,0.007,0.204,0,0.039,0.031,0,0.008,0
298,American Samoa,Country,1996,35818,28359,230,7229,0,638,505,4,129,0,0.791,0.006,0.203,0,0.038,0.03,0,0.008,0
298,American Samoa,Country,1997,37101,29514,229,7359,0,652,519,4,129,0,0.795,0.006,0.199,0,0.038,0.03,0,0.008,0
298,American Samoa,Country,1998,38589,30880,221,7488,0,671,537,4,130,0,0.8,0.006,0.194,0,0.039,0.031,0,0.008,0
298,American Samoa,Country,1999,39481,31686,205,7590,0,680,546,4,131,0,0.802,0.005,0.192,0,0.04,0.032,0,0.008,0
298,American Samoa,Country,2000,40238,32357,188,7693,0,688,553,3,132,0,0.804,0.005,0.191,0,0.04,0.032,0,0.008,0
298,American Samoa,Country,2001,41761,33729,195,7836,0,711,574,3,133,0,0.808,0.005,0.187,0,0.041,0.033,0,0.008,0
298,American Samoa,Country,2002,42561,34363,220,7978,0,722,583,4,135,0,0.808,0.005,0.187,0,0.041,0.033,0,0.008,0
298,American Samoa,Country,2003,43073,34709,260,8104,0,730,588,4,137,0,0.807,0.006,0.187,0,0.041,0.033,0,0.008,0
298,American Samoa,Country,2004,43598,35063,313,8221,0,739,594,5,139,0,0.805,0.007,0.188,0,0.041,0.033,0,0.008,0
298,American Samoa,Country,2005,43187,34521,368,8298,0,733,586,6,141,0,0.8,0.009,0.192,0,0.041,0.033,0,0.008,0
298,American Samoa,Country,2006,42427,33705,427,8295,0,723,574,7,141,0,0.795,0.01,0.195,0,0.042,0.033,0,0.008,0
298,American Samoa,Country,2007,40553,31839,492,8222,0,694,545,8,141,0,0.785,0.012,0.202,0,0.039,0.031,0,0.008,0
298,American Samoa,Country,2008,39183,30502,577,8104,0,675,525,10,140,0,0.779,0.015,0.207,0,0.039,0.031,0.001,0.008,0
298,American Samoa,Country,2009,36882,28341,639,7901,0,640,492,11,137,0,0.769,0.017,0.214,0,0.039,0.03,0.001,0.008,0
298,American Samoa,Country,2010,37680,29134,723,7823,0,659,510,13,137,0,0.773,0.019,0.207,0,0.039,0.03,0.001,0.008,0
298,American Samoa,Country,2011,37391,28902,787,7702,0,661,511,14,136,0,0.773,0.021,0.206,0,0.039,0.03,0.001,0.008,0
298,American Samoa,Country,2012,34715,26470,805,7440,0,620,473,14,133,0,0.763,0.023,0.214,0,0.038,0.029,0.001,0.008,0
298,American Samoa,Country,2013,33226,25177,823,7226,0,600,455,15,130,0,0.758,0.025,0.217,0,0.038,0.028,0.001,0.008,0
298,American Samoa,Country,2014,33497,25524,844,7129,0,612,467,15,130,0,0.763,0.025,0.212,0,0.037,0.028,0.001,0.008,0
298,American Samoa,Country,2015,33690,25792,837,7060,0,624,478,16,131,0,0.766,0.025,0.209,0,0.036,0.028,0.001,0.008,0
298,American Samoa,Country,2016,32746,24998,803,6945,0,614,469,15,130,0,0.763,0.025,0.212,0,0.036,0.028,0.001,0.008,0
298,American Samoa,Country,2017,33378,25736,788,6855,0,635,489,15,130,0,0.771,0.024,0.206,0,0.04,0.031,0.001,0.008,0
298,American Samoa,Country,2018,34055,26442,781,6831,0,657,510,15,132,0,0.776,0.023,0.201,0,0.039,0.031,0.001,0.008,0
298,American Samoa,Country,2019,34007,26429,768,6810,0,665,517,15,133,0,0.776,0.023,0.201,0,0.039,0.031,0.001,0.008,0
298,American Samoa,Country,2020,35321,27630,784,6907,0,700,548,16,137,0,0.781,0.022,0.197,0,0.039,0.031,0.001,0.008,0
298,American Samoa,Country,2021,35555,27834,793,6928,0,715,560,16,139,0,0.781,0.023,0.196,0,0.04,0.031,0.001,0.008,0
298,American Samoa,Country,2022,36108,28381,814,6913,0,743,584,17,142,0,0.784,0.023,0.193,0,0.04,0.032,0.001,0.008,0
74,Andorra,Country,1995,150203,99624,28659,21920,0,2356,1562,449,344,0,0.663,0.191,0.146,0,0.069,0.046,0.013,0.01,0
74,Andorra,Country,1996,153173,100739,30050,22384,0,2382,1567,467,348,0,0.657,0.196,0.146,0,0.067,0.044,0.013,0.01,0
74,Andorra,Country,1997,159864,104525,32057,23282,0,2455,1605,492,357,0,0.654,0.201,0.146,0,0.064,0.042,0.013,0.009,0
74,Andorra,Country,1998,164598,107160,33475,23963,0,2507,1632,510,365,0,0.651,0.203,0.146,0,0.064,0.042,0.013,0.009,0
74,Andorra,Country,1999,159089,102991,31962,24136,0,2419,1566,486,367,0,0.647,0.201,0.152,0,0.06,0.039,0.012,0.009,0
74,Andorra,Country,2000,151329,97196,30053,24079,0,2305,1481,458,367,0,0.642,0.199,0.159,0,0.056,0.036,0.011,0.009,0
74,Andorra,Country,2001,186867,127231,33752,25884,0,2829,1926,511,392,0,0.681,0.181,0.139,0,0.064,0.043,0.012,0.009,0
74,Andorra,Country,2002,170731,111309,32781,26641,0,2545,1659,489,397,0,0.652,0.192,0.156,0,0.055,0.036,0.011,0.009,0
74,Andorra,Country,2003,174263,110250,34992,29021,0,2423,1533,487,404,0,0.632,0.201,0.167,0,0.051,0.032,0.01,0.008,0
74,Andorra,Country,2004,180266,111274,37708,31285,0,2358,1455,493,409,0,0.617,0.209,0.174,0,0.049,0.03,0.01,0.008,0
74,Andorra,Country,2005,200603,126112,41522,32970,0,2559,1609,530,421,0,0.628,0.207,0.164,0,0.052,0.033,0.011,0.009,0
74,Andorra,Country,2006,191464,117226,40988,33250,0,2366,1449,507,411,0,0.612,0.214,0.174,0,0.048,0.029,0.01,0.008,0
74,Andorra,Country,2007,201442,126505,41471,33466,0,2434,1528,501,404,0,0.628,0.206,0.166,0,0.049,0.031,0.01,0.008,0
74,Andorra,Country,2008,212963,140115,40280,32569,0,2534,1667,479,387,0,0.658,0.189,0.153,0,0.055,0.036,0.01,0.008,0
74,Andorra,Country,2009,238772,167366,39933,31473,0,2849,1997,476,375,0,0.701,0.167,0.132,0,0.066,0.046,0.011,0.009,0
74,Andorra,Country,2010,245192,174831,39109,31252,0,2918,2081,465,372,0,0.713,0.16,0.128,0,0.066,0.047,0.011,0.008,0
74,Andorra,Country,2011,229535,163788,36310,29438,0,2935,2094,464,376,0,0.713,0.158,0.128,0,0.065,0.046,0.01,0.008,0
74,Andorra,Country,2012,232074,167503,35757,28814,0,3047,2200,470,378,0,0.722,0.154,0.124,0,0.07,0.051,0.011,0.009,0
74,Andorra,Country,2013,239639,174932,36098,28608,0,3155,2303,475,377,0,0.73,0.151,0.119,0,0.074,0.054,0.011,0.009,0
74,Andorra,Country,2014,202963,141901,33092,27970,0,2644,1849,431,364,0,0.699,0.163,0.138,0,0.06,0.042,0.01,0.008,0
74,Andorra,Country,2015,222512,158940,34693,28879,0,2862,2044,446,371,0,0.714,0.156,0.13,0,0.064,0.046,0.01,0.008,0
74,Andorra,Country,2016,243555,176990,37114,29452,0,3114,2263,475,377,0,0.727,0.152,0.121,0,0.067,0.049,0.01,0.008,0
74,Andorra,Country,2017,238330,170212,38212,29907,0,2980,2128,478,374,0,0.714,0.16,0.126,0,0.066,0.047,0.011,0.008,0
74,Andorra,Country,2018,248017,176327,40636,31054,0,3040,2161,498,381,0,0.711,0.164,0.125,0,0.067,0.048,0.011,0.008,0
74,Andorra,Country,2019,254397,180865,41555,31978,0,3063,2177,500,385,0,0.711,0.163,0.126,0,0.067,0.048,0.011,0.008,0
74,Andorra,Country,2020,271579,196518,44464,30596,0,3218,2329,527,363,0,0.723,0.164,0.113,0,0.081,0.058,0.013,0.009,0
74,Andorra,Country,2021,280661,207789,39423,33449,0,3280,2428,461,391,0,0.74,0.141,0.119,0,0.077,0.057,0.011,0.009,0
74,Andorra,Country,2022,276488,203435,49016,24037,0,3177,2337,563,276,0,0.736,0.177,0.087,0,0.069,0.051,0.012,0.006,0
168,Angola,Country,1995,1326284,548024,279602,441991,56668,108,45,23,36,5,0.414,0.209,0.334,0.043,0.073,0.03,0.015,0.024,0.003
168,Angola,Country,1996,1023289,416560,197574,299258,109897,81,33,16,24,9,0.408,0.192,0.293,0.108,0.039,0.016,0.007,0.011,0.004
168,Angola,Country,1997,969322,437279,173528,305278,53236,74,33,13,23,4,0.452,0.178,0.315,0.055,0.034,0.015,0.006,0.011,0.002
168,Angola,Country,1998,921134,415280,151799,322848,31207,67,30,11,24,2,0.451,0.164,0.351,0.034,0.031,0.014,0.005,0.011,0.001
168,Angola,Country,1999,1075774,548085,152294,334007,41388,76,39,11,24,3,0.509,0.141,0.311,0.039,0.035,0.018,0.005,0.011,0.001
168,Angola,Country,2000,1064237,517052,131067,372231,43887,72,35,9,25,3,0.486,0.123,0.35,0.041,0.034,0.016,0.004,0.012,0.001
168,Angola,Country,2001,1269174,549868,134591,529254,55461,83,36,9,35,4,0.434,0.106,0.417,0.044,0.039,0.017,0.004,0.016,0.002
168,Angola,Country,2002,1362755,560594,136615,619744,45801,86,35,9,39,3,0.412,0.1,0.454,0.034,0.036,0.015,0.004,0.016,0.001
168,Angola,Country,2003,1539876,658742,147236,683315,50583,93,40,9,41,3,0.428,0.095,0.443,0.033,0.039,0.017,0.004,0.017,0.001
168,Angola,Country,2004,1604206,682180,153640,700084,68301,93,40,9,41,4,0.426,0.096,0.436,0.043,0.037,0.016,0.004,0.016,0.002
168,Angola,Country,2005,1649038,703961,158408,640868,145801,92,39,9,36,8,0.427,0.096,0.388,0.089,0.033,0.014,0.003,0.013,0.003
168,Angola,Country,2006,1716463,875502,182257,589916,68788,92,47,10,32,4,0.51,0.106,0.343,0.04,0.031,0.016,0.003,0.011,0.001
168,Angola,Country,2007,2056039,1157470,228720,576659,93190,106,60,12,30,5,0.563,0.111,0.28,0.046,0.032,0.018,0.004,0.009,0.001
168,Angola,Country,2008,2615093,1631244,298881,562996,121972,130,81,15,28,6,0.624,0.114,0.215,0.047,0.037,0.023,0.004,0.008,0.002
168,Angola,Country,2009,2507237,1576255,321644,509072,100265,120,75,15,24,5,0.629,0.128,0.203,0.04,0.035,0.022,0.004,0.007,0.001
168,Angola,Country,2010,2331236,1448943,320133,472185,89975,107,66,15,22,4,0.622,0.137,0.203,0.039,0.031,0.019,0.004,0.006,0.001
168,Angola,Country,2011,2307666,1443311,330657,467302,66395,102,64,15,21,3,0.626,0.143,0.203,0.029,0.029,0.018,0.004,0.006,0.001
168,Angola,Country,2012,2418195,1467513,349083,491840,109758,102,62,15,21,5,0.607,0.144,0.204,0.046,0.028,0.017,0.004,0.006,0.001
168,Angola,Country,2013,2563314,1495683,376966,568281,122384,104,61,15,23,5,0.584,0.146,0.222,0.048,0.028,0.017,0.004,0.006,0.001
168,Angola,Country,2014,2607808,1464662,402363,654368,86415,102,57,16,26,3,0.562,0.154,0.251,0.033,0.028,0.016,0.004,0.007,0.001
168,Angola,Country,2015,2506338,1235652,408097,741292,121297,94,47,15,28,5,0.494,0.162,0.296,0.049,0.026,0.013,0.004,0.008,0.001
168,Angola,Country,2016,2455430,1108734,414719,798849,133128,89,40,15,29,5,0.452,0.168,0.325,0.055,0.026,0.012,0.004,0.009,0.001
168,Angola,Country,2017,2603727,1191263,442430,838574,131461,91,42,15,29,5,0.458,0.169,0.322,0.051,0.028,0.013,0.005,0.009,0.001
168,Angola,Country,2018,2477703,1079250,431912,831245,135295,84,36,15,28,5,0.436,0.173,0.335,0.055,0.027,0.012,0.005,0.009,0.001
168,Angola,Country,2019,2492917,1081008,434243,807538,170128,81,35,14,26,6,0.434,0.173,0.324,0.069,0.027,0.012,0.005,0.009,0.002
168,Angola,Country,2020,2935964,1501479,421239,838500,174746,93,47,13,26,6,0.512,0.143,0.286,0.06,0.034,0.017,0.005,0.01,0.002
168,Angola,Country,2021,3214592,1590388,421104,750613,452487,99,49,13,23,14,0.495,0.13,0.233,0.141,0.036,0.018,0.005,0.009,0.005
168,Angola,Country,2022,2881593,1431657,434641,789134,226161,86,43,13,24,7,0.497,0.15,0.274,0.079,0.032,0.016,0.005,0.009,0.002
105,Antigua and Barbuda,Country,1995,56737,34394,10645,11696,1,850,515,159,175,0,0.606,0.188,0.206,0,0.054,0.033,0.01,0.011,0
105,Antigua and Barbuda,Country,1996,57604,34586,10889,12122,7,840,504,159,177,0,0.6,0.189,0.21,0,0.051,0.031,0.01,0.011,0
105,Antigua and Barbuda,Country,1997,56591,33411,10924,12245,11,802,474,155,174,0,0.59,0.193,0.216,0,0.047,0.028,0.009,0.01,0
105,Antigua and Barbuda,Country,1998,63206,37140,11584,12502,1979,872,512,160,172,27,0.588,0.183,0.198,0.031,0.05,0.03,0.009,0.01,0.002
105,Antigua and Barbuda,Country,1999,63837,36872,11673,12804,2487,857,495,157,172,33,0.578,0.183,0.201,0.039,0.049,0.028,0.009,0.01,0.002
105,Antigua and Barbuda,Country,2000,63989,37159,11854,13642,1334,838,487,155,179,17,0.581,0.185,0.213,0.021,0.046,0.027,0.009,0.01,0.001
105,Antigua and Barbuda,Country,2001,67894,40691,12274,14785,145,869,521,157,189,2,0.599,0.181,0.218,0.002,0.051,0.031,0.009,0.011,0
105,Antigua and Barbuda,Country,2002,71351,42919,12667,15766,0,896,539,159,198,0,0.601,0.178,0.221,0,0.052,0.031,0.009,0.012,0
105,Antigua and Barbuda,Country,2003,72347,41905,12825,17240,377,893,517,158,213,5,0.579,0.177,0.238,0.005,0.05,0.029,0.009,0.012,0
105,Antigua and Barbuda,Country,2004,71443,39499,12722,18675,547,869,481,155,227,7,0.553,0.178,0.261,0.008,0.046,0.026,0.008,0.012,0
105,Antigua and Barbuda,Country,2005,71801,38575,12635,20591,0,863,464,152,248,0,0.537,0.176,0.287,0,0.043,0.023,0.008,0.012,0
105,Antigua and Barbuda,Country,2006,78822,42803,13058,22961,0,939,510,155,273,0,0.543,0.166,0.291,0,0.042,0.023,0.007,0.012,0
105,Antigua and Barbuda,Country,2007,77512,40582,12830,24101,0,915,479,152,285,0,0.523,0.166,0.311,0,0.038,0.02,0.006,0.012,0
105,Antigua and Barbuda,Country,2008,76285,39935,12961,23389,0,895,468,152,274,0,0.523,0.17,0.307,0,0.037,0.019,0.006,0.011,0
105,Antigua and Barbuda,Country,2009,86784,49720,14277,21891,896,1012,580,166,255,10,0.573,0.165,0.252,0.01,0.048,0.028,0.008,0.012,0
105,Antigua and Barbuda,Country,2010,75215,40455,13183,20951,627,873,469,153,243,7,0.538,0.175,0.279,0.008,0.045,0.024,0.008,0.013,0
105,Antigua and Barbuda,Country,2011,81013,44974,13863,21271,905,936,520,160,246,10,0.555,0.171,0.263,0.011,0.05,0.028,0.008,0.013,0.001
105,Antigua and Barbuda,Country,2012,79232,43950,13679,21602,0,912,506,157,249,0,0.555,0.173,0.273,0,0.047,0.026,0.008,0.013,0
105,Antigua and Barbuda,Country,2013,84586,48442,14077,22067,0,970,555,161,253,0,0.573,0.166,0.261,0,0.051,0.029,0.009,0.013,0
105,Antigua and Barbuda,Country,2014,86192,49727,14085,22380,0,984,568,161,256,0,0.577,0.163,0.26,0,0.051,0.03,0.008,0.013,0
105,Antigua and Barbuda,Country,2015,91446,54403,14624,22419,0,1041,619,166,255,0,0.595,0.16,0.245,0,0.054,0.032,0.009,0.013,0
105,Antigua and Barbuda,Country,2016,89688,52155,14673,22860,0,1018,592,167,259,0,0.581,0.164,0.255,0,0.051,0.03,0.008,0.013,0
105,Antigua and Barbuda,Country,2017,88433,51139,14765,22528,0,1001,579,167,255,0,0.578,0.167,0.255,0,0.05,0.029,0.008,0.013,0
105,Antigua and Barbuda,Country,2018,88442,51342,14915,22185,0,998,579,168,250,0,0.58,0.169,0.251,0,0.047,0.027,0.008,0.012,0
105,Antigua and Barbuda,Country,2019,89504,52684,15074,21746,0,1007,592,170,245,0,0.589,0.168,0.243,0,0.046,0.027,0.008,0.011,0
105,Antigua and Barbuda,Country,2020,95744,59853,14759,21131,0,1073,671,165,237,0,0.625,0.154,0.221,0,0.061,0.038,0.009,0.013,0
105,Antigua and Barbuda,Country,2021,87149,55291,13212,18646,0,981,622,149,210,0,0.634,0.152,0.214,0,0.052,0.033,0.008,0.011,0
105,Antigua and Barbuda,Country,2022,105202,60616,18676,25910,0,1180,680,209,291,0,0.576,0.178,0.246,0,0.058,0.033,0.01,0.014,0
97,Argentina,Country,1995,36930587,22264014,4702695,9729647,234232,1056,637,134,278,7,0.603,0.127,0.263,0.006,0.096,0.058,0.012,0.025,0.001
97,Argentina,Country,1996,37900313,22935221,4999282,9621676,344134,1073,649,142,272,10,0.605,0.132,0.254,0.009,0.094,0.057,0.012,0.024,0.001
97,Argentina,Country,1997,38445937,23216643,5402868,9459048,367378,1077,651,151,265,10,0.604,0.14,0.246,0.01,0.088,0.053,0.012,0.022,0.001
97,Argentina,Country,1998,38667154,23230304,5689145,9385082,362622,1073,644,158,260,10,0.601,0.147,0.243,0.009,0.086,0.051,0.013,0.021,0.001
97,Argentina,Country,1999,38382047,22973665,5807026,9433511,167847,1054,631,159,259,5,0.599,0.151,0.246,0.004,0.088,0.053,0.013,0.022,0
97,Argentina,Country,2000,35868426,20605463,5556452,9605298,101212,975,560,151,261,3,0.575,0.155,0.268,0.003,0.083,0.048,0.013,0.022,0
97,Argentina,Country,2001,34441978,19397669,5253102,9516920,274286,926,522,141,256,7,0.563,0.152,0.276,0.008,0.083,0.047,0.013,0.023,0.001
97,Argentina,Country,2002,29154431,15705707,4462201,8882171,104351,776,418,119,236,3,0.539,0.153,0.305,0.004,0.079,0.043,0.012,0.024,0
97,Argentina,Country,2003,29846310,15441503,4498392,8962300,944115,786,407,118,236,25,0.517,0.151,0.3,0.032,0.074,0.039,0.011,0.022,0.002
97,Argentina,Country,2004,31021956,16319353,4698715,9729260,274628,808,425,122,253,7,0.526,0.151,0.314,0.009,0.071,0.037,0.011,0.022,0.001
97,Argentina,Country,2005,34353859,17996780,5127170,11116370,113540,884,463,132,286,3,0.524,0.149,0.324,0.003,0.072,0.038,0.011,0.023,0
97,Argentina,Country,2006,38558917,20464824,5649107,12346470,98517,982,521,144,314,3,0.531,0.146,0.32,0.003,0.075,0.04,0.011,0.024,0
97,Argentina,Country,2007,44051708,23946181,6244814,13486863,373850,1109,603,157,340,9,0.544,0.142,0.306,0.008,0.078,0.043,0.011,0.024,0.001
97,Argentina,Country,2008,48102436,26929045,6698116,14261813,213462,1198,670,167,355,5,0.56,0.139,0.297,0.004,0.082,0.046,0.011,0.024,0
97,Argentina,Country,2009,53360280,31353755,7130309,14670963,205252,1313,772,175,361,5,0.588,0.134,0.275,0.004,0.097,0.057,0.013,0.027,0
97,Argentina,Country,2010,55947768,33142852,7242594,15340039,222282,1361,806,176,373,5,0.592,0.129,0.274,0.004,0.092,0.055,0.012,0.025,0
97,Argentina,Country,2011,59963841,36352935,7142041,16087578,381287,1442,874,172,387,9,0.606,0.119,0.268,0.006,0.093,0.056,0.011,0.025,0.001
97,Argentina,Country,2012,62612038,39005640,6757789,16530094,318515,1489,928,161,393,8,0.623,0.108,0.264,0.005,0.098,0.061,0.011,0.026,0
97,Argentina,Country,2013,63713790,40310904,6202289,16848504,352093,1499,948,146,396,8,0.633,0.097,0.264,0.006,0.097,0.062,0.009,0.026,0.001
97,Argentina,Country,2014,63749175,41184362,5748938,16815876,0,1484,958,134,391,0,0.646,0.09,0.264,0,0.1,0.065,0.009,0.026,0
97,Argentina,Country,2015,66313973,43190354,6032842,16858355,232422,1527,995,139,388,5,0.651,0.091,0.254,0.004,0.101,0.066,0.009,0.026,0
97,Argentina,Country,2016,65907858,42508259,6638068,16389418,372112,1503,970,151,374,8,0.645,0.101,0.249,0.006,0.103,0.066,0.01,0.026,0.001
97,Argentina,Country,2017,66273341,42099688,8301219,15872434,0,1498,952,188,359,0,0.635,0.125,0.24,0,0.101,0.064,0.013,0.024,0
97,Argentina,Country,2018,65524814,39742887,9364844,15769163,647920,1468,890,210,353,15,0.607,0.143,0.241,0.01,0.102,0.062,0.015,0.025,0.001
97,Argentina,Country,2019,64345793,38732864,9825715,15419497,367717,1430,861,218,343,8,0.602,0.153,0.24,0.006,0.102,0.062,0.016,0.025,0.001
97,Argentina,Country,2020,59992545,37633728,8540242,12880240,938335,1325,831,189,284,21,0.627,0.142,0.215,0.016,0.106,0.066,0.015,0.023,0.002
97,Argentina,Country,2021,63981079,38213617,8302003,15630270,1835189,1408,841,183,344,40,0.597,0.13,0.244,0.029,0.102,0.061,0.013,0.025,0.003
97,Argentina,Country,2022,64848534,37643234,9345005,16987375,872920,1421,825,205,372,19,0.581,0.144,0.262,0.013,0.099,0.057,0.014,0.026,0.001
33,Armenia,Country,1995,287590,84719,5909,195987,975,85,25,2,58,0,0.296,0.021,0.68,0.003,0.057,0.017,0.001,0.039,0
33,Armenia,Country,1996,285691,79211,5844,195839,4797,84,23,2,58,1,0.278,0.021,0.684,0.017,0.053,0.015,0.001,0.036,0.001
33,Armenia,Country,1997,287744,76039,5875,203957,1873,85,23,2,60,1,0.265,0.021,0.708,0.007,0.051,0.014,0.001,0.036,0
33,Armenia,Country,1998,302717,77840,5975,212363,6539,90,23,2,63,2,0.258,0.02,0.701,0.022,0.05,0.013,0.001,0.035,0.001
33,Armenia,Country,1999,310162,78201,6012,216139,9810,93,23,2,65,3,0.253,0.019,0.696,0.032,0.05,0.012,0.001,0.035,0.002
33,Armenia,Country,2000,316939,76944,6071,215452,18472,96,23,2,65,6,0.243,0.019,0.679,0.059,0.048,0.012,0.001,0.033,0.003
33,Armenia,Country,2001,351099,85974,6390,247901,10834,106,26,2,75,3,0.245,0.018,0.706,0.031,0.049,0.012,0.001,0.034,0.001
33,Armenia,Country,2002,450457,94905,6453,331478,17622,138,29,2,101,5,0.211,0.014,0.735,0.039,0.055,0.012,0.001,0.04,0.002
33,Armenia,Country,2003,520757,112691,6093,394933,7040,160,35,2,121,2,0.217,0.012,0.758,0.014,0.055,0.012,0.001,0.042,0.001
33,Armenia,Country,2004,568932,129357,4706,423922,10947,176,40,1,131,3,0.228,0.008,0.745,0.019,0.055,0.013,0,0.041,0.001
33,Armenia,Country,2005,629892,153503,2851,451579,21960,196,48,1,141,7,0.244,0.005,0.717,0.035,0.053,0.013,0,0.038,0.002
33,Armenia,Country,2006,710794,178733,2405,497225,32430,223,56,1,156,10,0.252,0.003,0.699,0.046,0.053,0.013,0,0.037,0.002
33,Armenia,Country,2007,824632,213080,2761,572999,35792,261,67,1,181,11,0.258,0.003,0.695,0.043,0.055,0.014,0,0.038,0.002
33,Armenia,Country,2008,949740,220900,3478,696878,28484,302,70,1,222,9,0.233,0.004,0.734,0.03,0.059,0.014,0,0.043,0.002
33,Armenia,Country,2009,1126295,254352,4705,815882,51357,360,81,2,261,16,0.226,0.004,0.724,0.046,0.081,0.018,0,0.059,0.004
33,Armenia,Country,2010,1199865,237806,6198,921369,34492,385,76,2,296,11,0.198,0.005,0.768,0.029,0.085,0.017,0,0.065,0.002
33,Armenia,Country,2011,1304158,233645,8953,1025687,35874,421,75,3,331,12,0.179,0.007,0.786,0.028,0.088,0.016,0.001,0.069,0.002
33,Armenia,Country,2012,1400867,222796,13160,1125250,39661,453,72,4,364,13,0.159,0.009,0.803,0.028,0.089,0.014,0.001,0.071,0.003
33,Armenia,Country,2013,1519495,231035,17962,1238442,32056,494,75,6,402,10,0.152,0.012,0.815,0.021,0.093,0.014,0.001,0.076,0.002
33,Armenia,Country,2014,1586083,237537,20195,1308910,19441,517,77,7,426,6,0.15,0.013,0.825,0.012,0.094,0.014,0.001,0.078,0.001
33,Armenia,Country,2015,1666278,257876,22986,1370616,14801,545,84,8,448,5,0.155,0.014,0.823,0.009,0.096,0.015,0.001,0.079,0.001
33,Armenia,Country,2016,1730191,262893,24614,1417262,25422,567,86,8,465,8,0.152,0.014,0.819,0.015,0.1,0.015,0.001,0.082,0.001
33,Armenia,Country,2017,1823036,257389,28099,1520606,16942,600,85,9,500,6,0.141,0.015,0.834,0.009,0.098,0.014,0.002,0.082,0.001
33,Armenia,Country,2018,1949939,251558,34088,1645713,18580,643,83,11,543,6,0.129,0.017,0.844,0.01,0.1,0.013,0.002,0.084,0.001
33,Armenia,Country,2019,2203763,278849,40609,1861835,22470,729,92,13,616,7,0.127,0.018,0.845,0.01,0.105,0.013,0.002,0.088,0.001
33,Armenia,Country,2020,2264967,437024,41988,1768572,17384,752,145,14,587,6,0.193,0.019,0.781,0.008,0.116,0.022,0.002,0.091,0.001
33,Armenia,Country,2021,2460122,432564,68472,1928301,30784,820,144,23,643,10,0.176,0.028,0.784,0.013,0.119,0.021,0.003,0.094,0.001
33,Armenia,Country,2022,2236131,383528,74149,1767373,11081,751,129,25,593,4,0.171,0.033,0.79,0.005,0.097,0.017,0.003,0.077,0
71,Australia,Country,1995,54897196,38745472,6562717,9589007,0,3069,2166,367,536,0,0.706,0.12,0.175,0,0.075,0.053,0.009,0.013,0
71,Australia,Country,1996,57727913,40838033,6375079,10514801,0,3194,2259,353,582,0,0.707,0.11,0.182,0,0.076,0.054,0.008,0.014,0
71,Australia,Country,1997,60400632,42927389,5870783,11602460,0,3306,2350,321,635,0,0.711,0.097,0.192,0,0.076,0.054,0.007,0.015,0
71,Australia,Country,1998,64954092,46433179,5481854,13039060,0,3518,2515,297,706,0,0.715,0.084,0.201,0,0.078,0.056,0.007,0.016,0
71,Australia,Country,1999,69643023,50183628,5353683,14105712,0,3730,2688,287,755,0,0.721,0.077,0.203,0,0.08,0.057,0.006,0.016,0
71,Australia,Country,2000,72747842,52153079,5587930,15006833,0,3852,2762,296,795,0,0.717,0.077,0.206,0,0.081,0.058,0.006,0.017,0
71,Australia,Country,2001,76642634,54883276,6190534,15568824,0,4011,2873,324,815,0,0.716,0.081,0.203,0,0.083,0.059,0.007,0.017,0
71,Australia,Country,2002,80163639,57355625,6808748,15999266,0,4146,2967,352,828,0,0.715,0.085,0.2,0,0.084,0.06,0.007,0.017,0
71,Australia,Country,2003,84171431,60220194,7528365,16422872,0,4301,3077,385,839,0,0.715,0.089,0.195,0,0.085,0.061,0.008,0.017,0
71,Australia,Country,2004,88335503,63303969,7958113,17073421,0,4457,3194,402,861,0,0.717,0.09,0.193,0,0.086,0.061,0.008,0.017,0
71,Australia,Country,2005,91402023,65623879,8062826,17715317,0,4552,3268,402,882,0,0.718,0.088,0.194,0,0.086,0.062,0.008,0.017,0
71,Australia,Country,2006,94603068,68135797,8128782,18338489,0,4647,3347,399,901,0,0.72,0.086,0.194,0,0.086,0.062,0.007,0.017,0
71,Australia,Country,2007,97631925,70583102,8139041,18909782,0,4728,3418,394,916,0,0.723,0.083,0.194,0,0.086,0.062,0.007,0.017,0
71,Australia,Country,2008,102646662,74688294,8319312,19639056,0,4899,3565,397,937,0,0.728,0.081,0.191,0,0.089,0.065,0.007,0.017,0
71,Australia,Country,2009,108337214,79222642,8526722,20587850,0,5096,3726,401,968,0,0.731,0.079,0.19,0,0.092,0.067,0.007,0.018,0
71,Australia,Country,2010,109768528,79528491,8819564,21420474,0,5087,3686,409,993,0,0.725,0.08,0.195,0,0.091,0.066,0.007,0.018,0
71,Australia,Country,2011,113242387,81399978,9666832,22175578,0,5171,3717,441,1013,0,0.719,0.085,0.196,0,0.091,0.066,0.008,0.018,0
71,Australia,Country,2012,118696175,84030448,11509204,23156523,0,5338,3779,518,1041,0,0.708,0.097,0.195,0,0.093,0.066,0.009,0.018,0
71,Australia,Country,2013,126266989,88061009,14210053,23995927,0,5592,3900,629,1063,0,0.697,0.113,0.19,0,0.096,0.067,0.011,0.018,0
71,Australia,Country,2014,137797596,96288703,16532635,24976257,0,6009,4199,721,1089,0,0.699,0.12,0.181,0,0.103,0.072,0.012,0.019,0
71,Australia,Country,2015,148116055,104377445,18001955,25736656,0,6358,4480,773,1105,0,0.705,0.122,0.174,0,0.108,0.076,0.013,0.019,0
71,Australia,Country,2016,154575335,109574883,18807498,26192954,0,6527,4627,794,1106,0,0.709,0.122,0.169,0,0.109,0.078,0.013,0.019,0
71,Australia,Country,2017,157465806,112288154,19112047,26065605,0,6536,4661,793,1082,0,0.713,0.121,0.166,0,0.109,0.077,0.013,0.018,0
71,Australia,Country,2018,158581354,113960553,19123356,25497444,0,6468,4648,780,1040,0,0.719,0.121,0.161,0,0.106,0.076,0.013,0.017,0
71,Australia,Country,2019,165281680,121431514,19189240,24660926,0,6626,4868,769,989,0,0.735,0.116,0.149,0,0.109,0.08,0.013,0.016,0
71,Australia,Country,2020,175891139,129449133,20199744,26242262,0,6933,5102,796,1034,0,0.736,0.115,0.149,0,0.115,0.085,0.013,0.017,0
71,Australia,Country,2021,180446808,137242041,18299938,24904829,0,6969,5300,707,962,0,0.761,0.101,0.138,0,0.112,0.085,0.011,0.015,0
71,Australia,Country,2022,174569732,129473198,18453512,26643022,0,6675,4951,706,1019,0,0.742,0.106,0.153,0,0.105,0.078,0.011,0.016,0
75,Austria,Country,1995,31449869,21760298,4423914,5265657,0,3985,2757,561,667,0,0.692,0.141,0.167,0,0.096,0.066,0.013,0.016,0
75,Austria,Country,1996,32140630,22612534,4059726,5468370,0,4060,2856,513,691,0,0.704,0.126,0.17,0,0.096,0.067,0.012,0.016,0
75,Austria,Country,1997,32341879,23236700,3434916,5670263,0,4073,2927,433,714,0,0.718,0.106,0.175,0,0.094,0.068,0.01,0.017,0
75,Austria,Country,1998,33915510,24884447,3122515,5908547,0,4259,3125,392,742,0,0.734,0.092,0.174,0,0.095,0.07,0.009,0.017,0
75,Austria,Country,1999,34388295,25374807,2907570,6105917,0,4305,3176,364,764,0,0.738,0.085,0.178,0,0.093,0.069,0.008,0.016,0
75,Austria,Country,2000,35430594,26245780,2837014,6347799,0,4419,3273,354,792,0,0.741,0.08,0.179,0,0.093,0.069,0.007,0.017,0
75,Austria,Country,2001,36359066,26866941,2861521,6630604,0,4516,3337,355,823,0,0.739,0.079,0.182,0,0.094,0.069,0.007,0.017,0
75,Austria,Country,2002,37093251,27192989,2957775,6942487,0,4583,3360,365,858,0,0.733,0.08,0.187,0,0.094,0.069,0.008,0.018,0
75,Austria,Country,2003,37971062,27616814,3093307,7260942,0,4665,3393,380,892,0,0.727,0.081,0.191,0,0.095,0.069,0.008,0.018,0
75,Austria,Country,2004,40042661,29132258,3308624,7601779,0,4890,3557,404,928,0,0.728,0.083,0.19,0,0.098,0.071,0.008,0.019,0
75,Austria,Country,2005,40506043,29378298,3368551,7759194,0,4917,3566,409,942,0,0.725,0.083,0.192,0,0.097,0.07,0.008,0.019,0
75,Austria,Country,2006,41649804,30320475,3460610,7868718,0,5032,3663,418,951,0,0.728,0.083,0.189,0,0.097,0.07,0.008,0.018,0
75,Austria,Country,2007,42634105,31067300,3568540,7998265,0,5133,3740,430,963,0,0.729,0.084,0.188,0,0.095,0.069,0.008,0.018,0
75,Austria,Country,2008,43830948,32009618,3718026,8103305,0,5262,3843,446,973,0,0.73,0.085,0.185,0,0.097,0.071,0.008,0.018,0
75,Austria,Country,2009,45869421,33663999,3977279,8228143,0,5494,4032,476,985,0,0.734,0.087,0.179,0,0.105,0.077,0.009,0.019,0
75,Austria,Country,2010,45883801,33410456,4045317,8428028,0,5481,3991,483,1007,0,0.728,0.088,0.184,0,0.103,0.075,0.009,0.019,0
75,Austria,Country,2011,45911871,33239784,4018151,8653936,0,5465,3956,478,1030,0,0.724,0.088,0.188,0,0.1,0.072,0.009,0.019,0
75,Austria,Country,2012,47072846,34109394,4060673,8902778,0,5574,4039,481,1054,0,0.725,0.086,0.189,0,0.102,0.074,0.009,0.019,0
75,Austria,Country,2013,47795495,34590987,4102728,9101779,0,5621,4068,482,1070,0,0.724,0.086,0.19,0,0.104,0.075,0.009,0.02,0
75,Austria,Country,2014,48681958,35289843,4136750,9255365,0,5676,4114,482,1079,0,0.725,0.085,0.19,0,0.105,0.076,0.009,0.02,0
75,Austria,Country,2015,48998645,35480998,4114071,9403577,0,5657,4096,475,1086,0,0.724,0.084,0.192,0,0.104,0.075,0.009,0.02,0
75,Austria,Country,2016,49818145,36227949,4007562,9582634,0,5699,4145,458,1096,0,0.727,0.08,0.192,0,0.104,0.076,0.008,0.02,0
75,Austria,Country,2017,50998649,37499492,3811795,9687362,0,5796,4262,433,1101,0,0.735,0.075,0.19,0,0.104,0.077,0.008,0.02,0
75,Austria,Country,2018,52244522,38824215,3755258,9665048,0,5902,4386,424,1092,0,0.743,0.072,0.185,0,0.104,0.077,0.007,0.019,0
75,Austria,Country,2019,53576727,40093913,3819001,9663814,0,6019,4505,429,1086,0,0.748,0.071,0.18,0,0.104,0.078,0.007,0.019,0
75,Austria,Country,2020,54083651,41622827,3577516,8883308,0,6047,4654,400,993,0,0.77,0.066,0.164,0,0.113,0.087,0.007,0.018,0
75,Austria,Country,2021,60547685,47337144,3711642,9498900,0,6770,5293,415,1062,0,0.782,0.061,0.157,0,0.121,0.094,0.007,0.019,0
75,Austria,Country,2022,58224620,45091551,3820982,9312087,0,6478,5017,425,1036,0,0.774,0.066,0.16,0,0.111,0.086,0.007,0.018,0
34,Azerbaijan,Country,1995,444183,162744,35,281358,47,57,21,0,36,0,0.367,0,0.633,0,0.04,0.015,0,0.026,0
34,Azerbaijan,Country,1996,428084,155535,43,271879,628,54,20,0,34,0,0.364,0,0.635,0.001,0.038,0.014,0,0.024,0
34,Azerbaijan,Country,1997,400715,137922,56,262503,235,50,17,0,33,0,0.345,0,0.655,0.001,0.033,0.012,0,0.022,0
34,Azerbaijan,Country,1998,394687,128728,67,265062,830,49,16,0,33,0,0.327,0,0.671,0.002,0.03,0.01,0,0.02,0
34,Azerbaijan,Country,1999,421849,129878,75,275485,16410,51,16,0,34,2,0.308,0,0.652,0.039,0.03,0.009,0,0.019,0.001
34,Azerbaijan,Country,2000,440245,128209,86,291137,20812,53,15,0,35,3,0.292,0,0.661,0.048,0.028,0.008,0,0.019,0.001
34,Azerbaijan,Country,2001,432925,124589,101,304292,3944,52,15,0,36,0,0.288,0,0.702,0.009,0.026,0.007,0,0.018,0
34,Azerbaijan,Country,2002,497259,158916,100,330907,7335,59,19,0,39,1,0.32,0,0.665,0.015,0.027,0.009,0,0.018,0
34,Azerbaijan,Country,2003,519717,167289,110,347943,4375,61,20,0,41,1,0.322,0,0.669,0.008,0.025,0.008,0,0.017,0
34,Azerbaijan,Country,2004,577074,205027,108,368122,3817,67,24,0,43,0,0.355,0,0.638,0.007,0.026,0.009,0,0.016,0
34,Azerbaijan,Country,2005,640999,234604,134,393315,12946,74,27,0,45,1,0.366,0,0.613,0.02,0.022,0.008,0,0.014,0
34,Azerbaijan,Country,2006,785546,311267,130,455688,18461,89,35,0,52,2,0.396,0,0.58,0.024,0.02,0.008,0,0.012,0
34,Azerbaijan,Country,2007,940770,384331,137,540160,16141,105,43,0,60,2,0.408,0,0.574,0.017,0.02,0.008,0,0.011,0
34,Azerbaijan,Country,2008,1173960,494034,95,660300,19531,130,55,0,73,2,0.421,0,0.562,0.017,0.022,0.009,0,0.012,0
34,Azerbaijan,Country,2009,1431650,587962,73,816081,27534,156,64,0,89,3,0.411,0,0.57,0.019,0.025,0.01,0,0.014,0
34,Azerbaijan,Country,2010,1555023,589861,59,933119,31984,167,63,0,100,3,0.379,0,0.6,0.021,0.025,0.01,0,0.015,0.001
34,Azerbaijan,Country,2011,1733186,627949,27,1055407,49804,184,67,0,112,5,0.362,0,0.609,0.029,0.028,0.01,0,0.017,0.001
34,Azerbaijan,Country,2012,1951218,694180,5,1230344,26689,204,73,0,129,3,0.356,0,0.631,0.014,0.031,0.011,0,0.02,0
34,Azerbaijan,Country,2013,2179961,733842,4,1412729,33386,225,76,0,146,3,0.337,0,0.648,0.015,0.033,0.011,0,0.021,0.001
34,Azerbaijan,Country,2014,2394342,752545,12,1620202,21584,244,77,0,165,2,0.314,0,0.677,0.009,0.035,0.011,0,0.024,0
34,Azerbaijan,Country,2015,2652657,802960,77,1837500,12120,267,81,0,185,1,0.303,0,0.693,0.005,0.039,0.012,0,0.027,0
34,Azerbaijan,Country,2016,2717222,739164,2011,1965978,10069,271,74,0,196,1,0.272,0.001,0.724,0.004,0.041,0.011,0,0.03,0
34,Azerbaijan,Country,2017,2714930,712128,11519,1976366,14917,267,70,1,195,1,0.262,0.004,0.728,0.005,0.041,0.011,0,0.03,0
34,Azerbaijan,Country,2018,2680133,676520,29493,1965160,8960,261,66,3,192,1,0.252,0.011,0.733,0.003,0.04,0.01,0,0.029,0
34,Azerbaijan,Country,2019,2776522,702126,51647,2014410,8339,268,68,5,195,1,0.253,0.019,0.726,0.003,0.04,0.01,0.001,0.029,0
34,Azerbaijan,Country,2020,3745652,1487085,68890,2180047,9630,359,142,7,209,1,0.397,0.018,0.582,0.003,0.056,0.022,0.001,0.033,0
34,Azerbaijan,Country,2021,3202688,1009271,74269,2101156,17992,304,96,7,200,2,0.315,0.023,0.656,0.006,0.045,0.014,0.001,0.03,0
34,Azerbaijan,Country,2022,2766284,864606,67638,1821672,12367,261,82,6,172,1,0.313,0.024,0.659,0.004,0.037,0.012,0.001,0.024,0
106,Bahamas,Country,1995,489109,165273,190232,133604,0,1730,585,673,473,0,0.338,0.389,0.273,0,0.053,0.018,0.021,0.015,0
106,Bahamas,Country,1996,482259,167590,182157,132512,0,1681,584,635,462,0,0.347,0.378,0.275,0,0.05,0.017,0.019,0.014,0
106,Bahamas,Country,1997,468837,173605,166396,128836,0,1612,597,572,443,0,0.37,0.355,0.275,0,0.047,0.017,0.017,0.013,0
106,Bahamas,Country,1998,461842,176975,157296,127571,0,1567,600,534,433,0,0.383,0.341,0.276,0,0.044,0.017,0.015,0.012,0
106,Bahamas,Country,1999,440656,166922,147208,126526,0,1475,559,493,423,0,0.379,0.334,0.287,0,0.04,0.015,0.013,0.011,0
106,Bahamas,Country,2000,469781,188183,151554,130044,0,1550,621,500,429,0,0.401,0.323,0.277,0,0.041,0.016,0.013,0.011,0
106,Bahamas,Country,2001,476347,191012,150568,134767,0,1548,621,489,438,0,0.401,0.316,0.283,0,0.04,0.016,0.013,0.011,0
106,Bahamas,Country,2002,487362,195721,151155,140486,0,1559,626,484,449,0,0.402,0.31,0.288,0,0.04,0.016,0.012,0.011,0
106,Bahamas,Country,2003,500634,201613,152660,146360,0,1576,635,481,461,0,0.403,0.305,0.292,0,0.041,0.017,0.013,0.012,0
106,Bahamas,Country,2004,518702,209231,156581,152890,0,1608,649,485,474,0,0.403,0.302,0.295,0,0.042,0.017,0.013,0.012,0
106,Bahamas,Country,2005,541263,215764,164635,160864,0,1651,658,502,491,0,0.399,0.304,0.297,0,0.042,0.017,0.013,0.013,0
106,Bahamas,Country,2006,577974,230815,177865,169294,0,1736,693,534,508,0,0.399,0.308,0.293,0,0.044,0.018,0.014,0.013,0
106,Bahamas,Country,2007,610835,249549,185429,175858,0,1806,738,548,520,0,0.408,0.304,0.288,0,0.046,0.019,0.014,0.013,0
106,Bahamas,Country,2008,642095,275299,186767,180029,0,1869,802,544,524,0,0.429,0.291,0.28,0,0.049,0.021,0.014,0.014,0
106,Bahamas,Country,2009,664153,297644,183907,182601,0,1905,854,528,524,0,0.448,0.277,0.275,0,0.053,0.024,0.015,0.015,0
106,Bahamas,Country,2010,670250,300595,182139,187516,0,1896,850,515,530,0,0.448,0.272,0.28,0,0.053,0.024,0.014,0.015,0
106,Bahamas,Country,2011,704060,319331,189003,195727,0,1966,892,528,546,0,0.454,0.268,0.278,0,0.055,0.025,0.015,0.015,0
106,Bahamas,Country,2012,710043,314829,191984,203231,0,1959,869,530,561,0,0.443,0.27,0.286,0,0.054,0.024,0.015,0.015,0
106,Bahamas,Country,2013,741359,335998,195983,209377,0,2023,917,535,571,0,0.453,0.264,0.282,0,0.058,0.026,0.015,0.016,0
106,Bahamas,Country,2014,739530,337332,189798,212401,0,1997,911,513,574,0,0.456,0.257,0.287,0,0.056,0.026,0.014,0.016,0
106,Bahamas,Country,2015,743430,349907,179592,213931,0,1990,936,481,573,0,0.471,0.242,0.288,0,0.056,0.026,0.014,0.016,0
106,Bahamas,Country,2016,783362,388042,177453,217867,0,2079,1030,471,578,0,0.495,0.227,0.278,0,0.06,0.03,0.014,0.017,0
106,Bahamas,Country,2017,886465,469717,188702,228046,0,2335,1237,497,601,0,0.53,0.213,0.257,0,0.066,0.035,0.014,0.017,0
106,Bahamas,Country,2018,831872,426117,178581,227175,0,2176,1115,467,594,0,0.512,0.215,0.273,0,0.06,0.031,0.013,0.016,0
106,Bahamas,Country,2019,839613,439403,176248,223963,0,2183,1142,458,582,0,0.523,0.21,0.267,0,0.061,0.032,0.013,0.016,0
106,Bahamas,Country,2020,820065,492928,143835,183302,0,2121,1275,372,474,0,0.601,0.175,0.224,0,0.076,0.046,0.013,0.017,0
106,Bahamas,Country,2021,892820,486148,178563,228109,0,2290,1247,458,585,0,0.544,0.2,0.256,0,0.072,0.039,0.014,0.018,0
106,Bahamas,Country,2022,982782,555788,187254,239740,0,2515,1422,479,613,0,0.565,0.191,0.244,0,0.072,0.041,0.014,0.017,0
140,Bahrain,Country,1995,575014,396028,22730,156257,0,1004,691,40,273,0,0.689,0.04,0.272,0,0.038,0.026,0.002,0.01,0
140,Bahrain,Country,1996,576483,394047,22368,160067,0,985,673,38,273,0,0.684,0.039,0.278,0,0.037,0.026,0.001,0.01,0
140,Bahrain,Country,1997,649232,459497,22658,167077,0,1085,768,38,279,0,0.708,0.035,0.257,0,0.041,0.029,0.001,0.011,0
140,Bahrain,Country,1998,623136,433224,19999,169843,70,1017,707,33,277,0,0.695,0.032,0.273,0,0.038,0.026,0.001,0.01,0
140,Bahrain,Country,1999,640398,449742,16976,173646,35,1020,716,27,276,0,0.702,0.027,0.271,0,0.037,0.026,0.001,0.01,0
140,Bahrain,Country,2000,600363,414004,11869,174463,27,929,641,18,270,0,0.69,0.02,0.291,0,0.032,0.022,0.001,0.009,0
140,Bahrain,Country,2001,662870,465729,12203,184938,0,991,696,18,276,0,0.703,0.018,0.279,0,0.035,0.025,0.001,0.01,0
140,Bahrain,Country,2002,735367,520039,13187,202141,0,1043,738,19,287,0,0.707,0.018,0.275,0,0.038,0.027,0.001,0.011,0
140,Bahrain,Country,2003,754866,517282,14965,222619,0,996,683,20,294,0,0.685,0.02,0.295,0,0.037,0.025,0.001,0.011,0
140,Bahrain,Country,2004,754552,508603,17373,228576,0,917,618,21,278,0,0.674,0.023,0.303,0,0.034,0.023,0.001,0.01,0
140,Bahrain,Country,2005,780088,527059,23107,229922,0,877,593,26,259,0,0.676,0.03,0.295,0,0.033,0.022,0.001,0.01,0
140,Bahrain,Country,2006,812876,545242,32323,235311,0,853,572,34,247,0,0.671,0.04,0.29,0,0.033,0.022,0.001,0.009,0
140,Bahrain,Country,2007,879002,577084,46791,255126,0,860,564,46,250,0,0.656,0.053,0.29,0,0.033,0.021,0.002,0.009,0
140,Bahrain,Country,2008,976008,635348,64418,276242,0,885,576,58,250,0,0.651,0.066,0.283,0,0.033,0.022,0.002,0.009,0
140,Bahrain,Country,2009,1118638,726792,83995,307851,0,944,613,71,260,0,0.65,0.075,0.275,0,0.037,0.024,0.003,0.01,0
140,Bahrain,Country,2010,1282984,856000,99177,327807,0,1023,682,79,261,0,0.667,0.077,0.256,0,0.04,0.027,0.003,0.01,0
140,Bahrain,Country,2011,1284936,847337,102085,335514,0,993,655,79,259,0,0.659,0.079,0.261,0,0.037,0.025,0.003,0.01,0
140,Bahrain,Country,2012,1371382,903461,109075,358846,0,1035,682,82,271,0,0.659,0.08,0.262,0,0.038,0.025,0.003,0.01,0
140,Bahrain,Country,2013,1497987,982485,122949,392553,0,1103,724,91,289,0,0.656,0.082,0.262,0,0.04,0.026,0.003,0.01,0
140,Bahrain,Country,2014,1513324,950926,137526,424873,0,1089,684,99,306,0,0.628,0.091,0.281,0,0.039,0.025,0.004,0.011,0
140,Bahrain,Country,2015,1804576,1157646,170903,476026,0,1276,818,121,337,0,0.641,0.095,0.264,0,0.047,0.03,0.004,0.012,0
140,Bahrain,Country,2016,1797722,1104202,186735,506784,0,1254,770,130,353,0,0.614,0.104,0.282,0,0.046,0.028,0.005,0.013,0
140,Bahrain,Country,2017,1724884,1011618,190550,522716,0,1187,696,131,360,0,0.586,0.11,0.303,0,0.044,0.026,0.005,0.013,0
140,Bahrain,Country,2018,1716849,1008849,192571,515429,0,1165,685,131,350,0,0.588,0.112,0.3,0,0.042,0.025,0.005,0.013,0
140,Bahrain,Country,2019,1681516,982763,193112,505641,0,1125,658,129,338,0,0.584,0.115,0.301,0,0.039,0.023,0.005,0.012,0
140,Bahrain,Country,2020,1854915,1163712,197837,493366,0,1225,769,131,326,0,0.627,0.107,0.266,0,0.045,0.028,0.005,0.012,0
140,Bahrain,Country,2021,1811015,1152273,191806,466937,0,1189,757,126,307,0,0.636,0.106,0.258,0,0.043,0.027,0.005,0.011,0
140,Bahrain,Country,2022,1612170,1046111,187950,378109,0,1044,677,122,245,0,0.649,0.117,0.235,0,0.036,0.024,0.004,0.009,0
161,Bangladesh,Country,1995,2094699,535791,72838,1343363,142707,17,4,1,11,1,0.256,0.035,0.64,0.069,0.027,0.007,0.001,0.017,0.002
161,Bangladesh,Country,1996,2009016,516438,75232,1294747,122598,16,4,1,11,1,0.257,0.038,0.644,0.061,0.024,0.006,0.001,0.016,0.001
161,Bangladesh,Country,1997,1962734,513641,76760,1202370,169963,16,4,1,10,1,0.262,0.039,0.612,0.087,0.023,0.006,0.001,0.014,0.002
161,Bangladesh,Country,1998,2126616,506843,77334,1196468,345972,17,4,1,10,3,0.238,0.036,0.563,0.163,0.024,0.006,0.001,0.013,0.004
161,Bangladesh,Country,1999,2159587,489610,77162,1234218,358597,17,4,1,10,3,0.226,0.036,0.572,0.166,0.023,0.005,0.001,0.013,0.004
161,Bangladesh,Country,2000,2200539,534295,70069,1313740,282435,17,4,1,10,2,0.242,0.032,0.598,0.129,0.022,0.005,0.001,0.013,0.003
161,Bangladesh,Country,2001,2299167,568476,71207,1408029,251455,18,4,1,11,2,0.246,0.031,0.613,0.11,0.022,0.006,0.001,0.014,0.002
161,Bangladesh,Country,2002,2379137,593539,75444,1523586,186568,18,4,1,11,1,0.249,0.032,0.641,0.079,0.022,0.006,0.001,0.014,0.002
161,Bangladesh,Country,2003,2544650,624652,81093,1650546,188358,19,5,1,12,1,0.244,0.032,0.65,0.074,0.023,0.006,0.001,0.015,0.002
161,Bangladesh,Country,2004,2739273,649196,88659,1798925,202494,20,5,1,13,1,0.236,0.032,0.658,0.074,0.023,0.005,0.001,0.015,0.002
161,Bangladesh,Country,2005,3063404,697902,100249,1993179,272074,22,5,1,14,2,0.227,0.033,0.652,0.089,0.024,0.006,0.001,0.016,0.002
161,Bangladesh,Country,2006,3294841,737718,109956,2204962,242204,24,5,1,16,2,0.223,0.033,0.67,0.074,0.025,0.005,0.001,0.016,0.002
161,Bangladesh,Country,2007,3444876,753724,113576,2411249,166327,24,5,1,17,1,0.218,0.033,0.701,0.048,0.024,0.005,0.001,0.017,0.001
161,Bangladesh,Country,2008,3889190,867927,121329,2635788,264147,27,6,1,18,2,0.222,0.031,0.679,0.068,0.025,0.006,0.001,0.017,0.002
161,Bangladesh,Country,2009,4127838,856838,121991,2838058,310951,28,6,1,20,2,0.207,0.029,0.688,0.075,0.025,0.005,0.001,0.017,0.002
161,Bangladesh,Country,2010,4487420,909333,127947,3103527,346613,30,6,1,21,2,0.202,0.028,0.692,0.077,0.026,0.005,0.001,0.018,0.002
161,Bangladesh,Country,2011,4829260,1007418,139964,3395649,286230,32,7,1,23,2,0.208,0.029,0.704,0.059,0.026,0.005,0.001,0.018,0.002
161,Bangladesh,Country,2012,5264589,1054367,145042,3644071,421109,35,7,1,24,3,0.2,0.027,0.693,0.08,0.026,0.005,0.001,0.018,0.002
161,Bangladesh,Country,2013,5676777,1109167,148288,3892522,526800,37,7,1,26,3,0.195,0.026,0.686,0.093,0.026,0.005,0.001,0.018,0.002
161,Bangladesh,Country,2014,5895520,1136256,154264,4167597,437402,38,7,1,27,3,0.192,0.026,0.708,0.074,0.026,0.005,0.001,0.018,0.002
161,Bangladesh,Country,2015,6286387,1185939,164458,4490202,445787,40,8,1,29,3,0.188,0.026,0.715,0.071,0.025,0.005,0.001,0.018,0.002
161,Bangladesh,Country,2016,6873272,1312496,181564,4881747,497465,44,8,1,31,3,0.19,0.026,0.711,0.072,0.026,0.005,0.001,0.018,0.002
161,Bangladesh,Country,2017,7406857,1464012,200431,5206673,535741,47,9,1,33,3,0.197,0.027,0.704,0.072,0.026,0.005,0.001,0.018,0.002
161,Bangladesh,Country,2018,8000023,1595980,215410,5510673,677960,50,10,1,34,4,0.199,0.027,0.69,0.085,0.026,0.005,0.001,0.018,0.002
161,Bangladesh,Country,2019,8443044,1712734,232336,5833662,664312,52,11,1,36,4,0.202,0.027,0.692,0.079,0.026,0.005,0.001,0.018,0.002
161,Bangladesh,Country,2020,9044257,1590225,234736,6255337,963959,55,10,1,38,6,0.175,0.026,0.692,0.107,0.027,0.005,0.001,0.018,0.003
161,Bangladesh,Country,2021,11661827,1643578,254808,6894748,2868692,71,10,2,42,17,0.141,0.022,0.591,0.246,0.032,0.005,0.001,0.019,0.008
161,Bangladesh,Country,2022,10132705,679933,273230,7445668,1733874,61,4,2,45,10,0.067,0.027,0.735,0.171,0.026,0.002,0.001,0.019,0.004
107,Barbados,Country,1995,317936,185596,24910,107119,311,1256,733,98,423,1,0.584,0.078,0.337,0.001,0.067,0.039,0.005,0.022,0
107,Barbados,Country,1996,328495,192572,25532,110147,244,1297,760,101,435,1,0.586,0.078,0.335,0.001,0.066,0.039,0.005,0.022,0
107,Barbados,Country,1997,330727,191273,25641,113574,239,1304,754,101,448,1,0.578,0.078,0.343,0.001,0.064,0.037,0.005,0.022,0
107,Barbados,Country,1998,321736,180518,25639,115342,237,1265,710,101,454,1,0.561,0.08,0.359,0.001,0.06,0.033,0.005,0.021,0
107,Barbados,Country,1999,317359,174920,25694,116512,233,1242,685,101,456,1,0.551,0.081,0.367,0.001,0.058,0.032,0.005,0.021,0
107,Barbados,Country,2000,309878,167870,25293,116716,0,1206,653,98,454,0,0.542,0.082,0.377,0,0.054,0.029,0.004,0.02,0
107,Barbados,Country,2001,309163,166958,24475,117292,438,1194,645,95,453,2,0.54,0.079,0.379,0.001,0.055,0.03,0.004,0.021,0
107,Barbados,Country,2002,357606,207873,25639,124094,0,1370,796,98,475,0,0.581,0.072,0.347,0,0.063,0.037,0.005,0.022,0
107,Barbados,Country,2003,377041,214669,25220,131585,5567,1432,815,96,500,21,0.569,0.067,0.349,0.015,0.065,0.037,0.004,0.023,0.001
107,Barbados,Country,2004,392989,221554,26018,137135,8282,1480,834,98,516,31,0.564,0.066,0.349,0.021,0.067,0.037,0.004,0.023,0.001
107,Barbados,Country,2005,396709,227252,26982,139758,2717,1480,848,101,522,10,0.573,0.068,0.352,0.007,0.064,0.037,0.004,0.023,0
107,Barbados,Country,2006,388315,220794,26764,140757,0,1435,816,99,520,0,0.569,0.069,0.363,0,0.059,0.034,0.004,0.021,0
107,Barbados,Country,2007,389791,222287,25809,141694,0,1426,813,94,519,0,0.57,0.066,0.364,0,0.057,0.033,0.004,0.021,0
107,Barbados,Country,2008,395062,224728,24915,145420,0,1431,814,90,527,0,0.569,0.063,0.368,0,0.057,0.032,0.004,0.021,0
107,Barbados,Country,2009,401656,226585,24311,150760,0,1440,812,87,541,0,0.564,0.061,0.375,0,0.059,0.034,0.004,0.022,0
107,Barbados,Country,2010,399359,220074,24059,155225,0,1418,781,85,551,0,0.551,0.06,0.389,0,0.059,0.033,0.004,0.023,0
107,Barbados,Country,2011,392751,206797,23929,162025,0,1382,728,84,570,0,0.526,0.061,0.413,0,0.059,0.031,0.004,0.024,0
107,Barbados,Country,2012,415308,220222,25450,169636,0,1450,769,89,592,0,0.53,0.061,0.409,0,0.062,0.033,0.004,0.025,0
107,Barbados,Country,2013,408989,211420,26198,171371,0,1418,733,91,594,0,0.517,0.064,0.419,0,0.061,0.032,0.004,0.026,0
107,Barbados,Country,2014,389338,191124,26405,171809,0,1341,658,91,592,0,0.491,0.068,0.441,0,0.058,0.028,0.004,0.026,0
107,Barbados,Country,2015,393386,190958,27602,174827,0,1347,654,95,599,0,0.485,0.07,0.444,0,0.059,0.029,0.004,0.026,0
107,Barbados,Country,2016,389731,183973,28311,177446,0,1327,627,96,604,0,0.472,0.073,0.455,0,0.057,0.027,0.004,0.026,0
107,Barbados,Country,2017,385796,180128,28688,176980,0,1308,611,97,600,0,0.467,0.074,0.459,0,0.056,0.026,0.004,0.026,0
107,Barbados,Country,2018,373523,170853,28296,174374,0,1261,577,96,589,0,0.457,0.076,0.467,0,0.055,0.025,0.004,0.026,0
107,Barbados,Country,2019,361104,161100,27894,172110,0,1215,542,94,579,0,0.446,0.077,0.477,0,0.053,0.024,0.004,0.025,0
107,Barbados,Country,2020,364162,180377,25006,158779,0,1221,605,84,533,0,0.495,0.069,0.436,0,0.063,0.031,0.004,0.027,0
107,Barbados,Country,2021,403925,220826,25497,157601,0,1349,738,85,526,0,0.547,0.063,0.39,0,0.07,0.038,0.004,0.027,0
107,Barbados,Country,2022,377897,171535,28905,177456,0,1266,574,97,594,0,0.454,0.077,0.47,0,0.055,0.025,0.004,0.026,0
57,Belarus,Country,1995,1448264,1093220,106886,248110,49,139,105,10,24,0,0.755,0.074,0.171,0,0.061,0.046,0.004,0.01,0
57,Belarus,Country,1996,1439794,1112116,104767,222882,29,138,107,10,21,0,0.773,0.072,0.155,0,0.059,0.045,0.004,0.009,0
57,Belarus,Country,1997,1493230,1175601,105854,211559,216,144,113,10,20,0,0.788,0.071,0.142,0,0.055,0.043,0.004,0.008,0
57,Belarus,Country,1998,1544871,1205982,106004,232520,364,150,117,10,23,0,0.781,0.068,0.151,0,0.052,0.041,0.004,0.008,0
57,Belarus,Country,1999,1599303,1240019,102538,256348,397,156,121,10,25,0,0.776,0.064,0.16,0,0.052,0.04,0.003,0.008,0
57,Belarus,Country,2000,1659564,1271547,97181,290406,429,162,124,10,28,0,0.766,0.058,0.175,0,0.051,0.039,0.003,0.009,0
57,Belarus,Country,2001,1890378,1446066,95407,347919,986,186,142,9,34,0,0.765,0.05,0.184,0.001,0.056,0.043,0.003,0.01,0
57,Belarus,Country,2002,2029622,1538589,91137,399318,578,201,153,9,40,0,0.758,0.045,0.197,0,0.057,0.043,0.003,0.011,0
57,Belarus,Country,2003,2178657,1641093,92238,444134,1193,218,164,9,44,0,0.753,0.042,0.204,0.001,0.057,0.043,0.002,0.012,0
57,Belarus,Country,2004,2378297,1772861,99100,503732,2604,239,178,10,51,0,0.746,0.042,0.212,0.001,0.056,0.042,0.002,0.012,0
57,Belarus,Country,2005,2602519,1895853,105733,590916,10017,263,192,11,60,1,0.729,0.041,0.227,0.004,0.056,0.041,0.002,0.013,0
57,Belarus,Country,2006,2792687,1990982,111991,682230,7484,284,203,11,69,1,0.713,0.04,0.244,0.003,0.055,0.039,0.002,0.013,0
57,Belarus,Country,2007,2990864,2076619,117253,785710,11281,306,213,12,80,1,0.694,0.039,0.263,0.004,0.054,0.037,0.002,0.014,0
57,Belarus,Country,2008,3447143,2391576,126254,909096,20218,354,246,13,93,2,0.694,0.037,0.264,0.006,0.056,0.039,0.002,0.015,0
57,Belarus,Country,2009,3390950,2261472,119481,990172,19826,350,233,12,102,2,0.667,0.035,0.292,0.006,0.055,0.037,0.002,0.016,0
57,Belarus,Country,2010,3425702,2220817,109294,1072050,23541,355,230,11,111,2,0.648,0.032,0.313,0.007,0.052,0.034,0.002,0.016,0
57,Belarus,Country,2011,3457028,2188842,107013,1142586,18587,359,228,11,119,2,0.633,0.031,0.33,0.005,0.05,0.032,0.002,0.016,0
57,Belarus,Country,2012,3619917,2277871,111171,1212598,18276,377,237,12,126,2,0.629,0.031,0.335,0.005,0.051,0.032,0.002,0.017,0
57,Belarus,Country,2013,3868455,2444416,114339,1292258,17442,404,255,12,135,2,0.632,0.03,0.334,0.005,0.055,0.034,0.002,0.018,0
57,Belarus,Country,2014,3875152,2441592,107826,1309883,15852,405,255,11,137,2,0.63,0.028,0.338,0.004,0.054,0.034,0.001,0.018,0
57,Belarus,Country,2015,4068690,2647735,112478,1299440,9037,426,277,12,136,1,0.651,0.028,0.319,0.002,0.059,0.038,0.002,0.019,0
57,Belarus,Country,2016,4022513,2712725,112693,1184487,12608,422,285,12,124,1,0.674,0.028,0.294,0.003,0.06,0.04,0.002,0.018,0
57,Belarus,Country,2017,3999960,2738667,128516,1118721,14057,420,288,14,118,1,0.685,0.032,0.28,0.004,0.058,0.04,0.002,0.016,0
57,Belarus,Country,2018,4033143,2797060,142837,1078071,15175,425,295,15,114,2,0.694,0.035,0.267,0.004,0.057,0.039,0.002,0.015,0
57,Belarus,Country,2019,4152685,2900324,155974,1078892,17495,439,307,17,114,2,0.699,0.037,0.26,0.004,0.058,0.04,0.002,0.015,0
57,Belarus,Country,2020,4577091,3210575,187174,1117900,61442,487,342,20,119,7,0.702,0.041,0.244,0.013,0.064,0.045,0.003,0.016,0.001
57,Belarus,Country,2021,4907421,3540564,179569,1035009,152279,524,378,19,111,16,0.722,0.037,0.211,0.031,0.067,0.048,0.002,0.014,0.002
57,Belarus,Country,2022,4623499,3107728,224452,1260024,31295,499,336,24,136,3,0.672,0.048,0.272,0.007,0.066,0.044,0.003,0.018,0
76,Belgium,Country,1995,28435430,21938544,1162064,5334822,0,2815,2172,115,528,0,0.771,0.041,0.188,0,0.074,0.057,0.003,0.014,0
76,Belgium,Country,1996,29810048,22823553,1251332,5735163,0,2943,2254,124,566,0,0.766,0.042,0.192,0,0.076,0.059,0.003,0.015,0
76,Belgium,Country,1997,30834869,23175677,1373852,6285340,0,3036,2282,135,619,0,0.752,0.045,0.204,0,0.076,0.057,0.003,0.016,0
76,Belgium,Country,1998,32127740,23893486,1523721,6710533,0,3154,2346,150,659,0,0.744,0.047,0.209,0,0.078,0.058,0.004,0.016,0
76,Belgium,Country,1999,33658564,24960308,1681193,7017063,0,3294,2442,165,687,0,0.742,0.05,0.208,0,0.079,0.058,0.004,0.016,0
76,Belgium,Country,2000,35052993,26039961,1810839,7202192,0,3418,2539,177,702,0,0.743,0.052,0.205,0,0.079,0.059,0.004,0.016,0
76,Belgium,Country,2001,36601069,27259098,1904274,7437697,0,3554,2647,185,722,0,0.745,0.052,0.203,0,0.081,0.061,0.004,0.017,0
76,Belgium,Country,2002,38746517,28813388,2020482,7912647,0,3746,2786,195,765,0,0.744,0.052,0.204,0,0.085,0.063,0.004,0.017,0
76,Belgium,Country,2003,41745094,31109892,2152913,8482289,0,4018,2994,207,816,0,0.745,0.052,0.203,0,0.09,0.067,0.005,0.018,0
76,Belgium,Country,2004,43226319,32146762,2247947,8831610,0,4139,3078,215,846,0,0.744,0.052,0.204,0,0.09,0.067,0.005,0.018,0
76,Belgium,Country,2005,45778938,34315633,2368406,9094899,0,4359,3267,225,866,0,0.75,0.052,0.199,0,0.093,0.07,0.005,0.019,0
76,Belgium,Country,2006,45687352,34018074,2377063,9292214,0,4323,3219,225,879,0,0.745,0.052,0.203,0,0.091,0.068,0.005,0.018,0
76,Belgium,Country,2007,47103166,35125702,2351754,9625710,0,4427,3301,221,905,0,0.746,0.05,0.204,0,0.09,0.067,0.005,0.018,0
76,Belgium,Country,2008,49675029,37454879,2245961,9974189,0,4635,3495,210,931,0,0.754,0.045,0.201,0,0.095,0.072,0.004,0.019,0
76,Belgium,Country,2009,52693807,40207499,2184356,10301953,0,4882,3725,202,954,0,0.763,0.041,0.196,0,0.103,0.078,0.004,0.02,0
76,Belgium,Country,2010,53325229,40605275,2167575,10552379,0,4903,3734,199,970,0,0.761,0.041,0.198,0,0.101,0.077,0.004,0.02,0
76,Belgium,Country,2011,54930020,41863422,2243549,10823050,0,5013,3821,205,988,0,0.762,0.041,0.197,0,0.103,0.079,0.004,0.02,0
76,Belgium,Country,2012,56353062,42976397,2324110,11052556,0,5107,3895,211,1002,0,0.763,0.041,0.196,0,0.105,0.08,0.004,0.021,0
76,Belgium,Country,2013,57136123,43489491,2420035,11226597,0,5146,3917,218,1011,0,0.761,0.042,0.196,0,0.106,0.081,0.005,0.021,0
76,Belgium,Country,2014,58490441,44595940,2559021,11335480,0,5238,3994,229,1015,0,0.762,0.044,0.194,0,0.107,0.082,0.005,0.021,0
76,Belgium,Country,2015,59652090,45551603,2734673,11365814,0,5314,4058,244,1013,0,0.764,0.046,0.191,0,0.107,0.082,0.005,0.02,0
76,Belgium,Country,2016,61172077,46912899,2901482,11357696,0,5424,4159,257,1007,0,0.767,0.047,0.186,0,0.109,0.084,0.005,0.02,0
76,Belgium,Country,2017,62079751,47547180,3022023,11510548,0,5480,4197,267,1016,0,0.766,0.049,0.185,0,0.109,0.083,0.005,0.02,0
76,Belgium,Country,2018,63515351,48472143,3122892,11920316,0,5584,4262,275,1048,0,0.763,0.049,0.188,0,0.109,0.084,0.005,0.021,0
76,Belgium,Country,2019,64427461,48752836,3196685,12477940,0,5644,4271,280,1093,0,0.757,0.05,0.194,0,0.109,0.082,0.005,0.021,0
76,Belgium,Country,2020,63838886,49879499,2975364,10984023,0,5579,4359,260,960,0,0.781,0.047,0.172,0,0.113,0.088,0.005,0.019,0
76,Belgium,Country,2021,66887890,51256609,3005600,12625681,0,5847,4480,263,1104,0,0.766,0.045,0.189,0,0.112,0.086,0.005,0.021,0
76,Belgium,Country,2022,67142776,50502561,3168897,13471318,0,5856,4405,276,1175,0,0.752,0.047,0.201,0,0.108,0.082,0.005,0.022,0
108,Belize,Country,1995,39000,22071,4920,11462,547,185,105,23,54,3,0.566,0.126,0.294,0.014,0.032,0.018,0.004,0.009,0
108,Belize,Country,1996,39135,21643,4941,11926,625,181,100,23,55,3,0.553,0.126,0.305,0.016,0.032,0.018,0.004,0.01,0.001
108,Belize,Country,1997,40697,21978,4979,12876,864,184,99,23,58,4,0.54,0.122,0.317,0.021,0.032,0.017,0.004,0.01,0.001
108,Belize,Country,1998,42017,22475,4952,13964,625,185,99,22,62,3,0.535,0.117,0.333,0.015,0.032,0.017,0.004,0.011,0
108,Belize,Country,1999,46406,24109,4974,15789,1533,199,103,21,68,7,0.52,0.107,0.341,0.033,0.033,0.017,0.003,0.011,0.001
108,Belize,Country,2000,52227,25459,4946,18714,3110,218,106,21,78,13,0.487,0.094,0.359,0.06,0.033,0.016,0.003,0.012,0.002
108,Belize,Country,2001,60454,30548,5390,21416,3101,245,124,22,87,13,0.505,0.089,0.355,0.051,0.036,0.018,0.003,0.013,0.002
108,Belize,Country,2002,64048,32765,5545,23159,2578,251,129,22,91,10,0.511,0.086,0.362,0.04,0.036,0.018,0.003,0.013,0.001
108,Belize,Country,2003,69400,36401,5883,24584,2532,264,138,22,93,10,0.524,0.085,0.355,0.037,0.036,0.019,0.003,0.013,0.001
108,Belize,Country,2004,71275,37673,5867,24945,2790,262,138,22,92,10,0.528,0.082,0.35,0.039,0.035,0.018,0.003,0.012,0.001
108,Belize,Country,2005,75530,42083,5928,24902,2617,269,150,21,89,9,0.557,0.078,0.33,0.035,0.036,0.02,0.003,0.012,0.001
108,Belize,Country,2006,80783,47055,5950,24548,3231,278,162,20,84,11,0.582,0.074,0.304,0.04,0.036,0.021,0.003,0.011,0.001
108,Belize,Country,2007,89275,55673,6217,24665,2720,297,185,21,82,9,0.624,0.07,0.276,0.03,0.039,0.024,0.003,0.011,0.001
108,Belize,Country,2008,94944,61518,6246,24656,2524,306,198,20,80,8,0.648,0.066,0.26,0.027,0.042,0.027,0.003,0.011,0.001
108,Belize,Country,2009,100836,67256,6300,24658,2621,315,210,20,77,8,0.667,0.062,0.245,0.026,0.044,0.029,0.003,0.011,0.001
108,Belize,Country,2010,104767,69448,6276,24819,4224,318,211,19,75,13,0.663,0.06,0.237,0.04,0.045,0.03,0.003,0.011,0.002
108,Belize,Country,2011,104413,70576,6335,25180,2323,308,208,19,74,7,0.676,0.061,0.241,0.022,0.044,0.03,0.003,0.011,0.001
108,Belize,Country,2012,104566,68674,6327,25767,3798,299,197,18,74,11,0.657,0.06,0.247,0.036,0.042,0.028,0.003,0.01,0.002
108,Belize,Country,2013,121503,73264,6648,26838,14753,339,204,19,75,41,0.603,0.055,0.221,0.122,0.047,0.028,0.003,0.01,0.006
108,Belize,Country,2014,115204,76937,6914,27817,3536,313,209,19,76,10,0.668,0.06,0.242,0.031,0.043,0.028,0.003,0.01,0.001
108,Belize,Country,2015,126626,84522,7223,28746,6135,336,224,19,76,16,0.667,0.057,0.227,0.048,0.045,0.03,0.003,0.01,0.002
108,Belize,Country,2016,126452,85674,7217,29114,4448,327,222,19,75,12,0.678,0.057,0.23,0.035,0.045,0.031,0.003,0.01,0.002
108,Belize,Country,2017,126601,86202,7182,29249,3969,320,218,18,74,10,0.681,0.057,0.231,0.031,0.046,0.031,0.003,0.011,0.001
108,Belize,Country,2018,129670,86130,7224,29708,6608,321,213,18,74,16,0.664,0.056,0.229,0.051,0.046,0.031,0.003,0.011,0.002
108,Belize,Country,2019,132897,89839,7561,30410,5086,322,218,18,74,12,0.676,0.057,0.229,0.038,0.045,0.031,0.003,0.01,0.002
108,Belize,Country,2020,126911,88873,6498,26650,4890,301,211,15,63,12,0.7,0.051,0.21,0.039,0.05,0.035,0.003,0.011,0.002
108,Belize,Country,2021,144287,97227,7703,31200,8157,337,227,18,73,19,0.674,0.053,0.216,0.057,0.048,0.033,0.003,0.01,0.003
108,Belize,Country,2022,134190,79856,8958,34823,10553,310,184,21,80,24,0.595,0.067,0.259,0.079,0.041,0.024,0.003,0.011,0.003
200,Benin,Country,1995,173342,59598,6988,90165,16591,30,10,1,16,3,0.345,0.041,0.518,0.097,0.039,0.013,0.002,0.02,0.004
200,Benin,Country,1996,183515,59716,7191,92582,24026,31,10,1,16,4,0.326,0.039,0.502,0.132,0.038,0.012,0.001,0.019,0.005
200,Benin,Country,1997,182954,62645,7549,96099,16660,30,10,1,16,3,0.343,0.041,0.523,0.092,0.035,0.012,0.001,0.018,0.003
200,Benin,Country,1998,213877,63508,7775,99627,42967,34,10,1,16,7,0.297,0.036,0.464,0.202,0.038,0.011,0.001,0.018,0.008
200,Benin,Country,1999,200952,59560,7747,103396,30248,31,9,1,16,5,0.297,0.039,0.513,0.152,0.033,0.01,0.001,0.017,0.005
200,Benin,Country,2000,231133,75760,8814,111089,35469,34,11,1,17,5,0.328,0.038,0.479,0.155,0.036,0.012,0.001,0.017,0.005
200,Benin,Country,2001,236767,80092,9032,115852,31791,34,12,1,17,5,0.339,0.038,0.488,0.135,0.035,0.012,0.001,0.017,0.005
200,Benin,Country,2002,241100,81589,9230,118955,31326,34,11,1,17,4,0.339,0.038,0.492,0.131,0.034,0.011,0.001,0.017,0.004
200,Benin,Country,2003,260957,81008,9456,122144,48349,35,11,1,16,7,0.311,0.036,0.466,0.187,0.035,0.011,0.001,0.016,0.007
200,Benin,Country,2004,288500,83855,9860,124902,69884,38,11,1,16,9,0.291,0.034,0.431,0.244,0.037,0.011,0.001,0.016,0.009
200,Benin,Country,2005,298850,87358,10209,125544,75740,38,11,1,16,10,0.292,0.034,0.419,0.255,0.038,0.011,0.001,0.016,0.01
200,Benin,Country,2006,290748,81966,10080,124992,73711,35,10,1,15,9,0.282,0.035,0.428,0.255,0.035,0.01,0.001,0.015,0.009
200,Benin,Country,2007,293905,88752,10470,125465,69218,35,10,1,15,8,0.302,0.036,0.425,0.237,0.033,0.01,0.001,0.014,0.008
200,Benin,Country,2008,305406,79855,9801,121694,94054,35,9,1,14,11,0.261,0.032,0.397,0.31,0.033,0.009,0.001,0.013,0.01
200,Benin,Country,2009,343441,87290,9668,126228,120257,38,10,1,14,13,0.254,0.028,0.366,0.352,0.036,0.009,0.001,0.013,0.013
200,Benin,Country,2010,326481,75253,8807,128663,113759,35,8,1,14,12,0.23,0.027,0.393,0.35,0.033,0.008,0.001,0.013,0.012
200,Benin,Country,2011,353497,75475,9559,134009,134453,36,8,1,14,14,0.213,0.027,0.378,0.382,0.035,0.007,0.001,0.013,0.013
200,Benin,Country,2012,319589,74579,13699,140602,90710,32,7,1,14,9,0.233,0.043,0.438,0.285,0.03,0.007,0.001,0.013,0.009
200,Benin,Country,2013,324369,76682,17684,149382,80621,31,7,2,14,8,0.237,0.055,0.459,0.25,0.028,0.007,0.002,0.013,0.007
200,Benin,Country,2014,374114,70405,20606,157734,125368,35,7,2,15,12,0.188,0.055,0.42,0.337,0.031,0.006,0.002,0.013,0.01
200,Benin,Country,2015,383529,76690,24210,170384,112245,34,7,2,15,10,0.2,0.063,0.442,0.294,0.031,0.006,0.002,0.014,0.009
200,Benin,Country,2016,387060,64760,24675,174869,122756,34,6,2,15,11,0.168,0.064,0.45,0.319,0.03,0.005,0.002,0.014,0.009
200,Benin,Country,2017,454914,68138,27245,184576,174955,38,6,2,16,15,0.15,0.06,0.404,0.386,0.033,0.005,0.002,0.013,0.013
200,Benin,Country,2018,434146,63771,28428,191619,150327,35,5,2,16,12,0.147,0.065,0.439,0.348,0.03,0.004,0.002,0.013,0.01
200,Benin,Country,2019,457665,56431,28864,195712,176659,36,4,2,15,14,0.124,0.063,0.425,0.388,0.029,0.004,0.002,0.012,0.011
200,Benin,Country,2020,542340,92773,30445,203983,215139,41,7,2,16,16,0.171,0.056,0.374,0.399,0.033,0.006,0.002,0.012,0.013
200,Benin,Country,2021,619922,59406,32711,217069,310736,46,4,2,16,23,0.096,0.053,0.348,0.503,0.035,0.003,0.002,0.012,0.018
200,Benin,Country,2022,543790,101293,32586,209630,200281,39,7,2,15,14,0.186,0.06,0.384,0.37,0.029,0.005,0.002,0.011,0.011
305,Bermuda,Country,1995,219840,80931,102916,35994,0,3574,1316,1673,585,0,0.375,0.458,0.167,0,0.037,0.014,0.017,0.006,0
305,Bermuda,Country,1996,210681,82028,93222,35431,0,3404,1325,1506,572,0,0.396,0.433,0.171,0,0.034,0.013,0.015,0.006,0
305,Bermuda,Country,1997,188602,76939,77075,34588,0,3029,1236,1238,556,0,0.413,0.401,0.186,0,0.029,0.012,0.012,0.005,0
305,Bermuda,Country,1998,174828,75530,65117,34181,0,2792,1206,1040,546,0,0.436,0.366,0.198,0,0.026,0.011,0.01,0.005,0
305,Bermuda,Country,1999,166857,75037,57681,34139,0,2650,1192,916,542,0,0.453,0.341,0.206,0,0.024,0.011,0.008,0.005,0
305,Bermuda,Country,2000,164217,75458,54197,34562,0,2594,1192,856,546,0,0.462,0.326,0.212,0,0.023,0.01,0.007,0.005,0
305,Bermuda,Country,2001,170600,79340,55627,35633,0,2682,1247,875,560,0,0.467,0.323,0.21,0,0.022,0.01,0.007,0.005,0
305,Bermuda,Country,2002,174214,80468,57372,36373,0,2726,1259,898,569,0,0.464,0.326,0.21,0,0.023,0.011,0.007,0.005,0
305,Bermuda,Country,2003,184128,85093,61465,37569,0,2869,1326,958,585,0,0.464,0.332,0.205,0,0.023,0.011,0.008,0.005,0
305,Bermuda,Country,2004,193588,88545,66172,38872,0,3004,1374,1027,603,0,0.459,0.34,0.201,0,0.024,0.011,0.008,0.005,0
305,Bermuda,Country,2005,211769,93359,77891,40519,0,3273,1443,1204,626,0,0.442,0.367,0.192,0,0.026,0.011,0.009,0.005,0
305,Bermuda,Country,2006,240914,96829,101232,42853,0,3711,1491,1559,660,0,0.403,0.419,0.178,0,0.028,0.011,0.012,0.005,0
305,Bermuda,Country,2007,307008,103418,157047,46543,0,4714,1588,2411,715,0,0.337,0.511,0.152,0,0.034,0.011,0.017,0.005,0
305,Bermuda,Country,2008,369206,112215,205618,51373,0,5655,1719,3149,787,0,0.304,0.557,0.139,0,0.04,0.012,0.022,0.006,0
305,Bermuda,Country,2009,438714,127749,253335,57630,0,6708,1953,3874,881,0,0.291,0.577,0.131,0,0.05,0.014,0.029,0.007,0
305,Bermuda,Country,2010,502859,147232,290921,64706,0,7682,2249,4444,988,0,0.293,0.578,0.129,0,0.058,0.017,0.033,0.007,0
305,Bermuda,Country,2011,552793,164349,318495,69949,0,8445,2511,4865,1069,0,0.297,0.576,0.127,0,0.066,0.02,0.038,0.008,0
305,Bermuda,Country,2012,574823,172501,331688,70634,0,8789,2637,5071,1080,0,0.3,0.577,0.123,0,0.072,0.022,0.042,0.009,0
305,Bermuda,Country,2013,579326,172937,340047,66342,0,8872,2648,5208,1016,0,0.299,0.587,0.115,0,0.073,0.022,0.043,0.008,0
305,Bermuda,Country,2014,563858,165744,339060,59054,0,8655,2544,5204,906,0,0.294,0.601,0.105,0,0.074,0.022,0.045,0.008,0
305,Bermuda,Country,2015,544833,157063,335182,52588,0,8385,2417,5158,809,0,0.288,0.615,0.097,0,0.071,0.02,0.044,0.007,0
305,Bermuda,Country,2016,531248,150415,332137,48696,0,8201,2322,5127,752,0,0.283,0.625,0.092,0,0.07,0.02,0.044,0.006,0
305,Bermuda,Country,2017,529485,149140,333311,47034,0,8200,2310,5162,728,0,0.282,0.629,0.089,0,0.068,0.019,0.043,0.006,0
305,Bermuda,Country,2018,530897,149869,334793,46235,0,8250,2329,5202,718,0,0.284,0.629,0.088,0,0.069,0.019,0.043,0.006,0
305,Bermuda,Country,2019,533521,151968,335456,46096,0,8321,2370,5232,719,0,0.287,0.625,0.087,0,0.069,0.02,0.044,0.006,0
305,Bermuda,Country,2020,526407,152532,328027,45847,0,8241,2388,5135,718,0,0.294,0.618,0.089,0,0.074,0.021,0.046,0.006,0
305,Bermuda,Country,2021,516115,152126,317904,46085,0,8142,2400,5015,727,0,0.3,0.609,0.091,0,0.07,0.021,0.043,0.006,0
305,Bermuda,Country,2022,513530,153774,312499,47257,0,8092,2423,4924,745,0,0.306,0.599,0.094,0,0.065,0.02,0.04,0.006,0
162,Bhutan,Country,1995,30760,23882,283,5514,1080,51,40,0,9,2,0.775,0.009,0.18,0.035,0.046,0.036,0,0.008,0.002
162,Bhutan,Country,1996,32273,25728,300,5979,265,53,42,0,10,0,0.797,0.009,0.186,0.008,0.046,0.036,0,0.008,0
162,Bhutan,Country,1997,47792,26799,309,6521,14162,78,43,1,11,23,0.56,0.006,0.136,0.298,0.064,0.036,0,0.009,0.019
162,Bhutan,Country,1998,40825,25325,302,6574,8625,65,40,0,10,14,0.619,0.007,0.161,0.212,0.052,0.032,0,0.008,0.011
162,Bhutan,Country,1999,35727,28063,308,6257,1099,56,44,0,10,2,0.785,0.009,0.175,0.031,0.042,0.033,0,0.007,0.001
162,Bhutan,Country,2000,48172,28389,295,5115,14373,75,44,0,8,22,0.588,0.006,0.106,0.299,0.054,0.032,0,0.006,0.016
162,Bhutan,Country,2001,40033,31524,314,4791,3404,61,48,0,7,5,0.787,0.008,0.12,0.086,0.042,0.033,0,0.005,0.004
162,Bhutan,Country,2002,37278,28150,251,5124,3753,57,43,0,8,6,0.754,0.007,0.138,0.101,0.036,0.027,0,0.005,0.004
162,Bhutan,Country,2003,40094,27132,191,6030,6741,61,41,0,9,10,0.676,0.005,0.151,0.169,0.037,0.025,0,0.006,0.006
162,Bhutan,Country,2004,38630,26467,160,6625,5378,58,40,0,10,8,0.684,0.004,0.172,0.14,0.034,0.023,0,0.006,0.005
162,Bhutan,Country,2005,47170,29634,148,7041,10347,71,44,0,11,15,0.627,0.003,0.149,0.22,0.04,0.025,0,0.006,0.009
162,Bhutan,Country,2006,45925,28838,132,7235,9720,69,43,0,11,15,0.627,0.003,0.157,0.212,0.037,0.023,0,0.006,0.008
162,Bhutan,Country,2007,46249,30803,142,7609,7696,69,46,0,11,11,0.665,0.003,0.164,0.167,0.033,0.022,0,0.005,0.005
162,Bhutan,Country,2008,47833,34058,183,8043,5549,71,50,0,12,8,0.712,0.004,0.168,0.116,0.032,0.023,0,0.005,0.004
162,Bhutan,Country,2009,51784,38693,233,8852,4005,76,56,0,13,6,0.747,0.005,0.171,0.078,0.032,0.024,0,0.006,0.002
162,Bhutan,Country,2010,58090,44001,296,9832,3961,83,63,0,14,6,0.757,0.005,0.169,0.068,0.032,0.024,0,0.005,0.002
162,Bhutan,Country,2011,59382,44729,377,10879,3398,84,63,1,15,5,0.753,0.006,0.183,0.057,0.03,0.023,0,0.005,0.002
162,Bhutan,Country,2012,67309,48963,553,12661,5132,93,68,1,17,7,0.727,0.008,0.188,0.076,0.032,0.023,0,0.006,0.002
162,Bhutan,Country,2013,69081,51433,671,13871,3106,94,70,1,19,4,0.745,0.01,0.201,0.045,0.032,0.024,0,0.006,0.001
162,Bhutan,Country,2014,71005,52000,737,14559,3710,95,70,1,20,5,0.732,0.01,0.205,0.052,0.031,0.023,0,0.006,0.002
162,Bhutan,Country,2015,76955,55299,792,14940,5924,102,74,1,20,8,0.719,0.01,0.194,0.077,0.032,0.023,0,0.006,0.002
162,Bhutan,Country,2016,82913,62333,915,14839,4826,110,83,1,20,6,0.752,0.011,0.179,0.058,0.032,0.024,0,0.006,0.002
162,Bhutan,Country,2017,85008,66157,1005,13844,4002,112,87,1,18,5,0.778,0.012,0.163,0.047,0.032,0.025,0,0.005,0.001
162,Bhutan,Country,2018,96227,72180,1196,14160,8692,127,95,2,19,11,0.75,0.012,0.147,0.09,0.035,0.026,0,0.005,0.003
162,Bhutan,Country,2019,102534,66441,1391,15664,19039,135,87,2,21,25,0.648,0.014,0.153,0.186,0.035,0.023,0,0.005,0.007
162,Bhutan,Country,2020,132048,85282,1505,16709,28552,174,112,2,22,38,0.645,0.011,0.127,0.217,0.05,0.032,0.001,0.006,0.011
162,Bhutan,Country,2021,109002,53981,1597,17271,36152,144,71,2,23,48,0.495,0.015,0.158,0.332,0.041,0.02,0.001,0.006,0.014
162,Bhutan,Country,2022,127444,59530,1842,42206,23865,167,78,2,55,31,0.467,0.014,0.331,0.188,0.045,0.021,0.001,0.015,0.008
121,Bolivia (Plurinational State of),Country,1995,630463,294233,49427,235018,51785,87,41,7,32,7,0.466,0.078,0.373,0.083,0.04,0.019,0.003,0.015,0.003
121,Bolivia (Plurinational State of),Country,1996,713201,340627,53330,252680,66565,96,46,7,34,9,0.477,0.074,0.355,0.094,0.043,0.021,0.003,0.015,0.004
121,Bolivia (Plurinational State of),Country,1997,771489,385610,55898,271557,58423,101,50,7,35,8,0.499,0.072,0.352,0.076,0.044,0.022,0.003,0.016,0.003
121,Bolivia (Plurinational State of),Country,1998,886618,441325,58420,301496,85377,113,56,7,38,11,0.497,0.066,0.34,0.097,0.048,0.024,0.003,0.016,0.005
121,Bolivia (Plurinational State of),Country,1999,928802,476017,58821,323626,70338,115,59,7,40,9,0.512,0.063,0.349,0.076,0.05,0.025,0.003,0.017,0.004
121,Bolivia (Plurinational State of),Country,2000,977313,491783,57318,315478,112734,118,59,7,38,14,0.503,0.058,0.323,0.116,0.051,0.026,0.003,0.016,0.006
121,Bolivia (Plurinational State of),Country,2001,1011955,537174,62253,324375,88153,119,63,7,38,10,0.53,0.061,0.321,0.087,0.051,0.027,0.003,0.016,0.004
121,Bolivia (Plurinational State of),Country,2002,1035744,566403,64905,335303,69133,119,65,7,39,8,0.547,0.062,0.324,0.067,0.051,0.028,0.003,0.017,0.003
121,Bolivia (Plurinational State of),Country,2003,1097237,573431,66817,344667,112322,124,65,8,39,13,0.522,0.061,0.314,0.103,0.052,0.027,0.003,0.016,0.005
121,Bolivia (Plurinational State of),Country,2004,1124157,595415,68226,353824,106691,124,66,8,39,12,0.529,0.06,0.315,0.095,0.051,0.027,0.003,0.016,0.005
121,Bolivia (Plurinational State of),Country,2005,1151429,637673,70530,367893,75333,125,69,8,40,8,0.554,0.061,0.32,0.066,0.05,0.028,0.003,0.016,0.003
121,Bolivia (Plurinational State of),Country,2006,1166757,627047,68260,375017,96433,124,67,7,40,10,0.537,0.058,0.321,0.083,0.049,0.026,0.003,0.016,0.004
121,Bolivia (Plurinational State of),Country,2007,1247163,701935,69147,391939,84142,130,73,7,41,9,0.563,0.055,0.314,0.068,0.05,0.028,0.003,0.016,0.003
121,Bolivia (Plurinational State of),Country,2008,1362543,785054,70176,418374,88940,140,81,7,43,9,0.576,0.051,0.307,0.065,0.051,0.029,0.003,0.016,0.003
121,Bolivia (Plurinational State of),Country,2009,1415842,818152,70739,456308,70643,143,83,7,46,7,0.578,0.05,0.322,0.05,0.051,0.03,0.003,0.017,0.003
121,Bolivia (Plurinational State of),Country,2010,1481397,837898,69931,498508,75059,147,83,7,50,7,0.566,0.047,0.336,0.051,0.052,0.029,0.002,0.017,0.003
121,Bolivia (Plurinational State of),Country,2011,1644487,945618,73084,542627,83159,161,93,7,53,8,0.575,0.044,0.33,0.051,0.054,0.031,0.002,0.018,0.003
121,Bolivia (Plurinational State of),Country,2012,1752605,1017825,75062,590386,69332,169,98,7,57,7,0.581,0.043,0.337,0.04,0.055,0.032,0.002,0.019,0.002
121,Bolivia (Plurinational State of),Country,2013,1966961,1165218,80434,643487,77823,186,110,8,61,7,0.593,0.041,0.327,0.04,0.058,0.034,0.002,0.019,0.002
121,Bolivia (Plurinational State of),Country,2014,2243539,1408431,89331,688484,57293,209,131,8,64,5,0.628,0.04,0.307,0.026,0.063,0.039,0.002,0.019,0.002
121,Bolivia (Plurinational State of),Country,2015,2514986,1630589,99211,723410,61777,231,150,9,66,6,0.648,0.039,0.288,0.025,0.067,0.043,0.003,0.019,0.002
121,Bolivia (Plurinational State of),Country,2016,2606553,1711235,104912,741439,48968,236,155,9,67,4,0.656,0.04,0.285,0.019,0.067,0.044,0.003,0.019,0.001
121,Bolivia (Plurinational State of),Country,2017,2777869,1862995,111016,734410,69448,248,166,10,65,6,0.671,0.04,0.264,0.025,0.068,0.046,0.003,0.018,0.002
121,Bolivia (Plurinational State of),Country,2018,2936674,2009427,115599,731791,79857,258,177,10,64,7,0.684,0.039,0.249,0.027,0.069,0.047,0.003,0.017,0.002
121,Bolivia (Plurinational State of),Country,2019,3154425,2126851,122316,750555,154703,273,184,11,65,13,0.674,0.039,0.238,0.049,0.073,0.049,0.003,0.017,0.004
121,Bolivia (Plurinational State of),Country,2020,3318003,2326771,137216,686262,167754,284,199,12,59,14,0.701,0.041,0.207,0.051,0.084,0.059,0.003,0.017,0.004
121,Bolivia (Plurinational State of),Country,2021,3823625,2513633,136758,798208,375026,322,212,12,67,32,0.657,0.036,0.209,0.098,0.09,0.059,0.003,0.019,0.009
121,Bolivia (Plurinational State of),Country,2022,3634319,2606305,133089,815910,79015,303,217,11,68,7,0.717,0.037,0.224,0.022,0.083,0.06,0.003,0.019,0.002
44,Bosnia and Herzegovina,Country,1995,610054,244220,57,364179,1598,150,60,0,89,0,0.401,0,0.596,0.003,0.107,0.043,0,0.064,0
44,Bosnia and Herzegovina,Country,1996,759273,303244,80,432256,23693,193,77,0,110,6,0.4,0,0.569,0.031,0.095,0.038,0,0.054,0.003
44,Bosnia and Herzegovina,Country,1997,839970,353690,99,480573,5608,220,93,0,126,1,0.421,0,0.572,0.007,0.084,0.035,0,0.048,0.001
44,Bosnia and Herzegovina,Country,1998,973850,417952,107,522331,33460,254,109,0,136,9,0.429,0,0.536,0.034,0.084,0.036,0,0.045,0.003
44,Bosnia and Herzegovina,Country,1999,1159781,525604,102,539027,95049,295,134,0,137,24,0.453,0,0.465,0.082,0.09,0.041,0,0.042,0.007
44,Bosnia and Herzegovina,Country,2000,1128659,595594,88,511078,21899,284,150,0,129,6,0.528,0,0.453,0.019,0.083,0.044,0,0.037,0.002
44,Bosnia and Herzegovina,Country,2001,1139690,627522,82,492102,19984,286,158,0,124,5,0.551,0,0.432,0.018,0.081,0.044,0,0.035,0.001
44,Bosnia and Herzegovina,Country,2002,1200674,682970,78,496016,21609,303,172,0,125,5,0.569,0,0.413,0.018,0.081,0.046,0,0.034,0.001
44,Bosnia and Herzegovina,Country,2003,1325466,769803,71,532622,22969,335,195,0,135,6,0.581,0,0.402,0.017,0.086,0.05,0,0.035,0.001
44,Bosnia and Herzegovina,Country,2004,1439239,811707,70,613362,14100,363,205,0,155,4,0.564,0,0.426,0.01,0.088,0.049,0,0.037,0.001
44,Bosnia and Herzegovina,Country,2005,1567177,862380,72,683678,21047,393,216,0,172,5,0.55,0,0.436,0.013,0.091,0.05,0,0.04,0.001
44,Bosnia and Herzegovina,Country,2006,1664105,916739,65,728315,18985,420,231,0,184,5,0.551,0,0.438,0.011,0.091,0.05,0,0.04,0.001
44,Bosnia and Herzegovina,Country,2007,1749368,992334,60,736448,20526,447,254,0,188,5,0.567,0,0.421,0.012,0.091,0.052,0,0.038,0.001
44,Bosnia and Herzegovina,Country,2008,1883093,1107642,35,694818,80598,485,285,0,179,21,0.588,0,0.369,0.043,0.093,0.054,0,0.034,0.004
44,Bosnia and Herzegovina,Country,2009,1941371,1179160,4786,720416,37009,503,306,1,187,10,0.607,0.002,0.371,0.019,0.098,0.059,0,0.036,0.002
44,Bosnia and Herzegovina,Country,2010,1937499,1230979,5086,635635,65798,510,324,1,167,17,0.635,0.003,0.328,0.034,0.097,0.061,0,0.032,0.003
44,Bosnia and Herzegovina,Country,2011,1878884,1245368,5040,587349,41127,502,333,1,157,11,0.663,0.003,0.313,0.022,0.093,0.061,0,0.029,0.002
44,Bosnia and Herzegovina,Country,2012,1919215,1310873,5138,566107,37097,520,355,1,153,10,0.683,0.003,0.295,0.019,0.095,0.065,0,0.028,0.002
44,Bosnia and Herzegovina,Country,2013,1913863,1322134,5225,557282,29222,525,363,1,153,8,0.691,0.003,0.291,0.015,0.092,0.064,0,0.027,0.001
44,Bosnia and Herzegovina,Country,2014,2007408,1404838,5591,560546,36434,557,390,2,156,10,0.7,0.003,0.279,0.018,0.096,0.067,0,0.027,0.002
44,Bosnia and Herzegovina,Country,2015,1969247,1386541,6145,565449,11112,553,389,2,159,3,0.704,0.003,0.287,0.006,0.09,0.064,0,0.026,0.001
44,Bosnia and Herzegovina,Country,2016,2006188,1413068,6780,576156,10185,571,402,2,164,3,0.704,0.003,0.287,0.005,0.09,0.063,0,0.026,0
44,Bosnia and Herzegovina,Country,2017,2049020,1416154,7648,589012,36207,590,408,2,170,10,0.691,0.004,0.287,0.018,0.089,0.061,0,0.026,0.002
44,Bosnia and Herzegovina,Country,2018,2127992,1470914,8486,610780,37812,620,429,2,178,11,0.691,0.004,0.287,0.018,0.089,0.062,0,0.026,0.002
44,Bosnia and Herzegovina,Country,2019,2154287,1506060,9160,633505,5561,635,444,3,187,2,0.699,0.004,0.294,0.003,0.088,0.062,0,0.026,0
44,Bosnia and Herzegovina,Country,2020,2305359,1605272,7179,662398,30509,688,479,2,198,9,0.696,0.003,0.287,0.013,0.097,0.068,0,0.028,0.001
44,Bosnia and Herzegovina,Country,2021,2497707,1665508,8296,748615,75288,753,502,3,226,23,0.667,0.003,0.3,0.03,0.098,0.065,0,0.029,0.003
44,Bosnia and Herzegovina,Country,2022,2274724,1527040,10570,717389,19725,696,467,3,219,6,0.671,0.005,0.315,0.009,0.086,0.058,0,0.027,0.001
193,Botswana,Country,1995,400612,210368,119720,44922,25602,262,138,78,29,17,0.525,0.298,0.112,0.064,0.055,0.029,0.016,0.006,0.003
193,Botswana,Country,1996,394363,222701,123633,46379,1651,252,142,79,30,1,0.565,0.313,0.118,0.004,0.051,0.029,0.016,0.006,0
193,Botswana,Country,1997,424457,245271,127982,48183,3021,265,153,80,30,2,0.578,0.301,0.114,0.007,0.051,0.03,0.015,0.006,0
193,Botswana,Country,1998,440185,261433,127182,49029,2541,269,160,78,30,2,0.594,0.289,0.111,0.006,0.053,0.032,0.015,0.006,0
193,Botswana,Country,1999,451810,272855,126107,51052,1796,271,164,76,31,1,0.604,0.279,0.113,0.004,0.05,0.03,0.014,0.006,0
193,Botswana,Country,2000,474093,291461,124917,54600,3115,280,172,74,32,2,0.615,0.263,0.115,0.007,0.051,0.032,0.014,0.006,0
193,Botswana,Country,2001,520491,328174,132143,56577,3597,302,191,77,33,2,0.631,0.254,0.109,0.007,0.056,0.035,0.014,0.006,0
193,Botswana,Country,2002,582586,366046,142150,58127,16263,333,209,81,33,9,0.628,0.244,0.1,0.028,0.059,0.037,0.014,0.006,0.002
193,Botswana,Country,2003,604067,369543,146419,57639,30466,340,208,82,32,17,0.612,0.242,0.095,0.051,0.059,0.036,0.014,0.006,0.003
193,Botswana,Country,2004,616105,363512,148534,55148,48910,341,201,82,31,27,0.59,0.241,0.09,0.079,0.059,0.035,0.014,0.005,0.005
193,Botswana,Country,2005,557811,329597,145291,51206,31717,304,180,79,28,17,0.591,0.26,0.092,0.057,0.051,0.03,0.013,0.005,0.003
193,Botswana,Country,2006,589233,335223,149644,48484,55882,315,179,80,26,30,0.569,0.254,0.082,0.095,0.05,0.029,0.013,0.004,0.005
193,Botswana,Country,2007,658580,376996,166621,46538,68424,346,198,88,24,36,0.572,0.253,0.071,0.104,0.053,0.03,0.013,0.004,0.006
193,Botswana,Country,2008,1027871,455683,196194,44617,331377,531,235,101,23,171,0.443,0.191,0.043,0.323,0.081,0.036,0.015,0.003,0.026
193,Botswana,Country,2009,1061759,482153,227267,41049,311290,539,245,115,21,158,0.454,0.214,0.039,0.293,0.097,0.044,0.021,0.004,0.029
193,Botswana,Country,2010,851440,462601,233130,38476,117233,425,231,116,19,59,0.543,0.274,0.045,0.138,0.071,0.039,0.019,0.003,0.01
193,Botswana,Country,2011,863116,469703,230787,36560,126065,423,230,113,18,62,0.544,0.267,0.042,0.146,0.068,0.037,0.018,0.003,0.01
193,Botswana,Country,2012,899334,528109,230729,35422,105074,434,255,111,17,51,0.587,0.256,0.039,0.117,0.071,0.041,0.018,0.003,0.008
193,Botswana,Country,2013,920391,550320,220450,34300,115320,436,261,105,16,55,0.598,0.239,0.037,0.125,0.065,0.039,0.016,0.002,0.008
193,Botswana,Country,2014,950229,616252,212078,33202,88697,443,287,99,15,41,0.649,0.223,0.035,0.093,0.063,0.041,0.014,0.002,0.006
193,Botswana,Country,2015,976094,663240,202611,31928,78314,448,304,93,15,36,0.68,0.207,0.033,0.08,0.068,0.047,0.014,0.002,0.005
193,Botswana,Country,2016,973829,653309,188982,31546,99992,439,295,85,14,45,0.671,0.194,0.032,0.103,0.064,0.043,0.012,0.002,0.007
193,Botswana,Country,2017,1017344,719335,173348,33720,90941,451,319,77,15,40,0.707,0.17,0.033,0.089,0.064,0.045,0.011,0.002,0.006
193,Botswana,Country,2018,1056876,746678,171857,38104,100237,461,326,75,17,44,0.707,0.162,0.036,0.095,0.064,0.045,0.01,0.002,0.006
193,Botswana,Country,2019,1083799,782487,167502,40515,93295,466,336,72,17,40,0.722,0.154,0.037,0.086,0.063,0.046,0.01,0.002,0.005
193,Botswana,Country,2020,1021027,724581,160839,41823,93783,432,307,68,18,40,0.71,0.157,0.041,0.092,0.066,0.047,0.01,0.003,0.006
193,Botswana,Country,2021,1165747,864405,156103,42409,102830,485,360,65,18,43,0.742,0.134,0.036,0.088,0.067,0.05,0.009,0.002,0.006
193,Botswana,Country,2022,1079302,809041,153036,42601,74624,445,334,63,18,31,0.75,0.142,0.039,0.069,0.059,0.044,0.008,0.002,0.004
135,Brazil,Country,1995,94449430,38943347,18539242,36759411,207430,587,242,115,228,1,0.412,0.196,0.389,0.002,0.079,0.033,0.016,0.031,0
135,Brazil,Country,1996,98121855,40721054,19401926,37742885,255990,599,249,119,231,2,0.415,0.198,0.385,0.003,0.081,0.034,0.016,0.031,0
135,Brazil,Country,1997,100957575,41951540,20091362,38614028,300645,607,252,121,232,2,0.415,0.199,0.383,0.003,0.08,0.033,0.016,0.031,0
135,Brazil,Country,1998,103208520,42993968,20687055,39342122,185375,610,254,122,232,1,0.417,0.2,0.381,0.002,0.082,0.034,0.016,0.031,0
135,Brazil,Country,1999,105602101,43777040,21451873,40057239,315949,614,255,125,233,2,0.415,0.203,0.379,0.003,0.083,0.035,0.017,0.032,0
135,Brazil,Country,2000,107891038,44214384,22502861,40938328,235464,618,253,129,234,1,0.41,0.209,0.38,0.002,0.082,0.033,0.017,0.031,0
135,Brazil,Country,2001,113591404,47390678,23719676,42127461,353590,641,267,134,238,2,0.417,0.209,0.371,0.003,0.085,0.035,0.018,0.031,0
135,Brazil,Country,2002,119818640,51593783,25082363,42888591,253903,666,287,139,238,1,0.431,0.209,0.358,0.002,0.086,0.037,0.018,0.031,0
135,Brazil,Country,2003,117718853,49812998,25016324,42332962,556569,646,273,137,232,3,0.423,0.212,0.36,0.005,0.084,0.035,0.018,0.03,0
135,Brazil,Country,2004,118953443,50067275,25912839,42796117,177212,644,271,140,232,1,0.421,0.218,0.36,0.001,0.08,0.034,0.017,0.029,0
135,Brazil,Country,2005,125105646,53418767,27858383,43633887,194608,669,286,149,233,1,0.427,0.223,0.349,0.002,0.081,0.035,0.018,0.028,0
135,Brazil,Country,2006,130948807,56294792,30136894,44363256,153864,692,298,159,235,1,0.43,0.23,0.339,0.001,0.082,0.035,0.019,0.028,0
135,Brazil,Country,2007,135734613,58212325,32581657,44807226,133404,709,304,170,234,1,0.429,0.24,0.33,0.001,0.08,0.034,0.019,0.026,0
135,Brazil,Country,2008,141769906,61598810,34993749,45019077,158271,732,318,181,233,1,0.434,0.247,0.318,0.001,0.079,0.034,0.02,0.025,0
135,Brazil,Country,2009,146680105,64656574,36501446,45288208,233877,750,330,187,231,1,0.441,0.249,0.309,0.002,0.082,0.036,0.02,0.025,0
135,Brazil,Country,2010,150778337,66918101,38115569,45327526,417140,762,338,193,229,2,0.444,0.253,0.301,0.003,0.078,0.035,0.02,0.023,0
135,Brazil,Country,2011,154474094,68663201,39878643,45691673,240576,773,344,200,229,1,0.444,0.258,0.296,0.002,0.077,0.034,0.02,0.023,0
135,Brazil,Country,2012,157876831,69763743,41862750,46023764,226574,782,345,207,228,1,0.442,0.265,0.292,0.001,0.077,0.034,0.02,0.022,0
135,Brazil,Country,2013,163854741,72159797,44864753,46476562,353629,803,354,220,228,2,0.44,0.274,0.284,0.002,0.077,0.034,0.021,0.022,0
135,Brazil,Country,2014,170129296,74850172,48268653,46715976,294494,825,363,234,227,1,0.44,0.284,0.275,0.002,0.079,0.035,0.023,0.022,0
135,Brazil,Country,2015,178052546,79677499,52375625,45917700,81722,855,382,251,220,0,0.447,0.294,0.258,0,0.086,0.039,0.025,0.022,0
135,Brazil,Country,2016,178003827,78298266,54364060,45159253,182248,846,372,258,215,1,0.44,0.305,0.254,0.001,0.089,0.039,0.027,0.023,0
135,Brazil,Country,2017,180175259,77793980,56589637,45612982,178659,848,366,266,215,1,0.432,0.314,0.253,0.001,0.088,0.038,0.028,0.022,0
135,Brazil,Country,2018,183604532,78223014,58630058,46610952,140507,855,364,273,217,1,0.426,0.319,0.254,0.001,0.088,0.038,0.028,0.022,0
135,Brazil,Country,2019,186918455,78675367,60271573,47688198,283317,862,363,278,220,1,0.421,0.322,0.255,0.002,0.088,0.037,0.029,0.023,0
135,Brazil,Country,2020,187824045,81268213,57284596,48968525,302712,859,372,262,224,1,0.433,0.305,0.261,0.002,0.092,0.04,0.028,0.024,0
135,Brazil,Country,2021,197735075,88145103,59120629,50073987,395355,899,401,269,228,2,0.446,0.299,0.253,0.002,0.092,0.041,0.027,0.023,0
135,Brazil,Country,2022,193448904,86761518,53301729,53222124,163533,874,392,241,240,1,0.448,0.276,0.275,0.001,0.087,0.039,0.024,0.024,0
66,Brunei Darussalam,Country,1995,345361,268961,65,76334,0,1166,908,0,258,0,0.779,0,0.221,0,0.027,0.021,0,0.006,0
66,Brunei Darussalam,Country,1996,364412,285097,63,79252,0,1200,939,0,261,0,0.782,0,0.218,0,0.028,0.022,0,0.006,0
66,Brunei Darussalam,Country,1997,390348,311659,60,78630,0,1255,1002,0,253,0,0.798,0,0.201,0,0.03,0.024,0,0.006,0
66,Brunei Darussalam,Country,1998,424140,348433,53,75654,0,1332,1094,0,238,0,0.821,0,0.178,0,0.033,0.027,0,0.006,0
66,Brunei Darussalam,Country,1999,400864,332630,59,68175,0,1231,1021,0,209,0,0.83,0,0.17,0,0.03,0.025,0,0.005,0
66,Brunei Darussalam,Country,2000,362453,301700,66,60686,0,1089,907,0,182,0,0.832,0,0.167,0,0.027,0.022,0,0.004,0
66,Brunei Darussalam,Country,2001,348269,289272,69,58928,0,1025,852,0,173,0,0.831,0,0.169,0,0.025,0.021,0,0.004,0
66,Brunei Darussalam,Country,2002,383333,323329,65,59940,0,1106,933,0,173,0,0.843,0,0.156,0,0.027,0.022,0,0.004,0
66,Brunei Darussalam,Country,2003,339229,279341,76,59811,0,961,791,0,169,0,0.823,0,0.176,0,0.023,0.019,0,0.004,0
66,Brunei Darussalam,Country,2004,354362,296122,67,58174,0,986,824,0,162,0,0.836,0,0.164,0,0.024,0.02,0,0.004,0
66,Brunei Darussalam,Country,2005,320459,268668,73,51718,0,877,735,0,142,0,0.838,0,0.161,0,0.021,0.018,0,0.003,0
66,Brunei Darussalam,Country,2006,303337,258627,77,44634,0,817,696,0,120,0,0.853,0,0.147,0,0.019,0.017,0,0.003,0
66,Brunei Darussalam,Country,2007,305573,266802,73,38698,0,810,707,0,103,0,0.873,0,0.127,0,0.02,0.017,0,0.003,0
66,Brunei Darussalam,Country,2008,291043,257502,74,33467,0,760,672,0,87,0,0.885,0,0.115,0,0.019,0.017,0,0.002,0
66,Brunei Darussalam,Country,2009,334750,303325,64,31360,0,860,780,0,81,0,0.906,0,0.094,0,0.023,0.021,0,0.002,0
66,Brunei Darussalam,Country,2010,333370,304822,69,28479,0,844,772,0,72,0,0.914,0,0.085,0,0.022,0.02,0,0.002,0
66,Brunei Darussalam,Country,2011,287585,261612,84,25888,0,718,653,0,65,0,0.91,0,0.09,0,0.018,0.017,0,0.002,0
66,Brunei Darussalam,Country,2012,290531,265632,84,24815,0,716,654,0,61,0,0.914,0,0.085,0,0.018,0.017,0,0.002,0
66,Brunei Darussalam,Country,2013,300916,277245,76,23595,0,731,674,0,57,0,0.921,0,0.078,0,0.02,0.018,0,0.002,0
66,Brunei Darussalam,Country,2014,306470,284996,79,21394,0,735,684,0,51,0,0.93,0,0.07,0,0.02,0.019,0,0.001,0
66,Brunei Darussalam,Country,2015,344956,324971,71,19914,0,817,770,0,47,0,0.942,0,0.058,0,0.023,0.022,0,0.001,0
66,Brunei Darussalam,Country,2016,358144,338989,68,19087,0,839,794,0,45,0,0.947,0,0.053,0,0.025,0.023,0,0.001,0
66,Brunei Darussalam,Country,2017,349939,331337,68,18534,0,810,767,0,43,0,0.947,0,0.053,0,0.024,0.023,0,0.001,0
66,Brunei Darussalam,Country,2018,335242,316989,70,18183,0,767,725,0,42,0,0.946,0,0.054,0,0.023,0.022,0,0.001,0
66,Brunei Darussalam,Country,2019,343630,324968,71,18591,0,778,736,0,42,0,0.946,0,0.054,0,0.023,0.022,0,0.001,0
66,Brunei Darussalam,Country,2020,381788,359613,74,22102,0,855,805,0,49,0,0.942,0,0.058,0,0.025,0.023,0,0.001,0
66,Brunei Darussalam,Country,2021,327072,304417,73,22582,0,727,677,0,50,0,0.931,0,0.069,0,0.021,0.02,0,0.001,0
66,Brunei Darussalam,Country,2022,271494,250459,73,20962,0,597,551,0,46,0,0.922,0,0.077,0,0.018,0.017,0,0.001,0
45,Bulgaria,Country,1995,2333691,1580035,7704,745905,48,281,190,1,90,0,0.677,0.003,0.319,0,0.043,0.029,0,0.014,0
45,Bulgaria,Country,1996,2253966,1485727,7223,760993,23,274,181,1,92,0,0.659,0.003,0.337,0,0.039,0.026,0,0.013,0
45,Bulgaria,Country,1997,2227005,1433926,6764,784385,1930,273,176,1,96,0,0.644,0.003,0.352,0.001,0.046,0.029,0,0.016,0
45,Bulgaria,Country,1998,2443279,1544211,6788,865677,26603,303,191,1,107,3,0.632,0.003,0.354,0.011,0.048,0.03,0,0.017,0.001
45,Bulgaria,Country,1999,2731687,1720199,6932,1001952,2605,341,215,1,125,0,0.63,0.003,0.367,0.001,0.059,0.037,0,0.022,0
45,Bulgaria,Country,2000,3027879,1850638,7094,1155050,15097,381,233,1,145,2,0.611,0.002,0.381,0.005,0.063,0.038,0,0.024,0
45,Bulgaria,Country,2001,3373245,2001722,13412,1345595,12516,428,254,2,171,2,0.593,0.004,0.399,0.004,0.067,0.04,0,0.027,0
45,Bulgaria,Country,2002,3711299,2188037,25782,1481064,16417,474,279,3,189,2,0.59,0.007,0.399,0.004,0.069,0.041,0,0.027,0
45,Bulgaria,Country,2003,4030056,2397363,40007,1582607,10079,517,308,5,203,1,0.595,0.01,0.393,0.003,0.071,0.042,0.001,0.028,0
45,Bulgaria,Country,2004,4253677,2499684,52241,1668114,33638,549,322,7,215,4,0.588,0.012,0.392,0.008,0.07,0.041,0.001,0.028,0.001
45,Bulgaria,Country,2005,4446556,2574263,63590,1764022,44681,577,334,8,229,6,0.579,0.014,0.397,0.01,0.068,0.04,0.001,0.027,0.001
45,Bulgaria,Country,2006,4446604,2503972,71237,1857934,13461,580,326,9,242,2,0.563,0.016,0.418,0.003,0.064,0.036,0.001,0.027,0
45,Bulgaria,Country,2007,4792312,2657584,79424,1967698,87606,629,349,10,258,11,0.555,0.017,0.411,0.018,0.065,0.036,0.001,0.027,0.001
45,Bulgaria,Country,2008,4964934,2738348,87748,2108119,30719,656,362,12,278,4,0.552,0.018,0.425,0.006,0.063,0.035,0.001,0.027,0
45,Bulgaria,Country,2009,5366495,2868519,90856,2244887,162233,715,382,12,299,22,0.534,0.017,0.418,0.03,0.071,0.038,0.001,0.03,0.002
45,Bulgaria,Country,2010,5442074,2942762,91000,2388465,19847,732,396,12,321,3,0.541,0.017,0.439,0.004,0.071,0.038,0.001,0.031,0
45,Bulgaria,Country,2011,5524151,2915231,88880,2504297,15743,751,396,12,340,2,0.528,0.016,0.453,0.003,0.07,0.037,0.001,0.032,0
45,Bulgaria,Country,2012,5696028,3007924,90547,2588767,8790,781,412,12,355,1,0.528,0.016,0.455,0.002,0.072,0.038,0.001,0.033,0
45,Bulgaria,Country,2013,5888367,3243382,93627,2545756,5602,814,448,13,352,1,0.551,0.016,0.432,0.001,0.075,0.041,0.001,0.032,0
45,Bulgaria,Country,2014,6207737,3531493,98653,2569126,8466,863,491,14,357,1,0.569,0.016,0.414,0.001,0.078,0.045,0.001,0.032,0
45,Bulgaria,Country,2015,6285120,3555946,102166,2617424,9584,880,498,14,367,1,0.566,0.016,0.416,0.002,0.077,0.043,0.001,0.032,0
45,Bulgaria,Country,2016,6182245,3395888,104560,2673332,8464,872,479,15,377,1,0.549,0.017,0.432,0.001,0.073,0.04,0.001,0.032,0
45,Bulgaria,Country,2017,6339425,3509834,111590,2711555,6446,900,498,16,385,1,0.554,0.018,0.428,0.001,0.073,0.041,0.001,0.031,0
45,Bulgaria,Country,2018,6583165,3774228,120512,2684562,3863,942,540,17,384,1,0.573,0.018,0.408,0.001,0.074,0.042,0.001,0.03,0
45,Bulgaria,Country,2019,6689535,3917646,126936,2644459,493,964,565,18,381,0,0.586,0.019,0.395,0,0.073,0.043,0.001,0.029,0
45,Bulgaria,Country,2020,7438888,4534558,121592,2782738,0,1082,660,18,405,0,0.61,0.016,0.374,0,0.084,0.051,0.001,0.031,0
45,Bulgaria,Country,2021,8216929,5326845,113921,2776162,0,1204,781,17,407,0,0.648,0.014,0.338,0,0.086,0.056,0.001,0.029,0
45,Bulgaria,Country,2022,7634307,4779891,190323,2664092,0,1132,709,28,395,0,0.626,0.025,0.349,0,0.075,0.047,0.002,0.026,0
201,Burkina Faso,Country,1995,192474,50583,11516,88866,41509,18,5,1,8,4,0.263,0.06,0.459,0.218,0.042,0.011,0.003,0.019,0.009
201,Burkina Faso,Country,1996,171181,54631,12014,90615,13921,15,5,1,8,1,0.32,0.07,0.527,0.082,0.034,0.011,0.002,0.018,0.003
201,Burkina Faso,Country,1997,201862,58386,12173,91681,39622,18,5,1,8,3,0.29,0.06,0.452,0.198,0.037,0.011,0.002,0.017,0.007
201,Burkina Faso,Country,1998,208169,61158,11952,91351,43708,18,5,1,8,4,0.294,0.057,0.437,0.212,0.036,0.011,0.002,0.016,0.008
201,Burkina Faso,Country,1999,198273,65316,11336,89908,31713,16,5,1,7,3,0.33,0.057,0.452,0.161,0.032,0.011,0.002,0.015,0.005
201,Burkina Faso,Country,2000,191430,65106,9561,83422,33341,15,5,1,7,3,0.34,0.05,0.434,0.176,0.03,0.01,0.002,0.013,0.005
201,Burkina Faso,Country,2001,211733,68378,9021,82058,52277,17,5,1,6,4,0.323,0.043,0.386,0.249,0.031,0.01,0.001,0.012,0.008
201,Burkina Faso,Country,2002,211942,74305,9029,82447,46160,16,6,1,6,3,0.35,0.043,0.388,0.219,0.03,0.011,0.001,0.012,0.007
201,Burkina Faso,Country,2003,251274,77613,9087,85574,79000,18,6,1,6,6,0.308,0.036,0.34,0.316,0.033,0.01,0.001,0.011,0.01
201,Burkina Faso,Country,2004,300685,98914,10043,96502,95227,21,7,1,7,7,0.328,0.033,0.32,0.318,0.038,0.013,0.001,0.012,0.012
201,Burkina Faso,Country,2005,335843,105129,10595,104638,115481,23,7,1,7,8,0.312,0.032,0.311,0.345,0.039,0.012,0.001,0.012,0.013
201,Burkina Faso,Country,2006,365615,119430,11548,117253,117384,24,8,1,8,8,0.326,0.032,0.32,0.322,0.04,0.013,0.001,0.013,0.013
201,Burkina Faso,Country,2007,389652,131222,13650,129060,115720,25,9,1,8,8,0.336,0.035,0.331,0.298,0.041,0.014,0.001,0.014,0.012
201,Burkina Faso,Country,2008,437422,122978,16084,138570,159790,28,8,1,9,10,0.281,0.037,0.316,0.366,0.044,0.012,0.002,0.014,0.016
201,Burkina Faso,Country,2009,472023,143601,21584,153477,153361,29,9,1,9,9,0.304,0.046,0.325,0.325,0.046,0.014,0.002,0.015,0.015
201,Burkina Faso,Country,2010,527604,148056,24736,164993,189819,31,9,1,10,11,0.28,0.047,0.313,0.36,0.047,0.013,0.002,0.015,0.017
201,Burkina Faso,Country,2011,477691,149828,29847,176951,121065,28,9,2,10,7,0.313,0.062,0.371,0.254,0.04,0.013,0.003,0.015,0.01
201,Burkina Faso,Country,2012,575882,170382,37585,194186,173729,32,10,2,11,10,0.296,0.065,0.337,0.302,0.045,0.013,0.003,0.015,0.014
201,Burkina Faso,Country,2013,648608,214439,50069,223733,160367,35,12,3,12,9,0.331,0.077,0.345,0.248,0.049,0.016,0.004,0.017,0.012
201,Burkina Faso,Country,2014,683773,219977,56248,238801,168747,36,12,3,13,9,0.322,0.081,0.35,0.247,0.049,0.016,0.004,0.017,0.012
201,Burkina Faso,Country,2015,773472,246967,60832,256445,209228,40,13,3,13,11,0.319,0.078,0.332,0.271,0.054,0.017,0.004,0.018,0.014
201,Burkina Faso,Country,2016,851831,308488,62012,279023,202308,43,16,3,14,10,0.362,0.072,0.328,0.238,0.056,0.02,0.004,0.018,0.013
201,Burkina Faso,Country,2017,961215,389370,69709,300846,201290,47,19,3,15,10,0.405,0.072,0.313,0.21,0.059,0.024,0.004,0.019,0.012
201,Burkina Faso,Country,2018,1090070,388217,69337,310366,322149,52,19,3,15,15,0.356,0.063,0.285,0.296,0.063,0.022,0.004,0.018,0.019
201,Burkina Faso,Country,2019,1202014,403804,75571,327183,395456,56,19,4,15,18,0.336,0.062,0.272,0.329,0.066,0.022,0.004,0.018,0.022
201,Burkina Faso,Country,2020,1361771,522434,46569,410016,382751,61,24,2,19,17,0.384,0.034,0.301,0.281,0.073,0.028,0.002,0.022,0.02
201,Burkina Faso,Country,2021,1579859,533370,58130,428945,559414,70,24,3,19,25,0.338,0.037,0.272,0.354,0.079,0.027,0.003,0.021,0.028
201,Burkina Faso,Country,2022,1473075,536012,60727,462833,413503,63,23,3,20,18,0.364,0.041,0.314,0.281,0.072,0.026,0.003,0.023,0.02
175,Burundi,Country,1995,120295,43551,3583,56857,16304,20,7,1,10,3,0.362,0.03,0.471,0.137,0.05,0.018,0.001,0.023,0.007
175,Burundi,Country,1996,113333,45487,3672,56670,7503,19,7,1,9,1,0.402,0.033,0.498,0.067,0.05,0.02,0.002,0.025,0.003
175,Burundi,Country,1997,106107,39288,3459,54984,8376,18,6,1,9,1,0.371,0.033,0.516,0.08,0.047,0.018,0.002,0.025,0.004
175,Burundi,Country,1998,108084,39427,3486,55989,9182,18,6,1,9,2,0.365,0.032,0.516,0.086,0.047,0.017,0.002,0.024,0.004
175,Burundi,Country,1999,109019,38095,3432,56949,10541,17,6,1,9,2,0.35,0.032,0.521,0.098,0.047,0.017,0.001,0.025,0.005
175,Burundi,Country,2000,113809,37013,3339,58289,15168,18,6,1,9,2,0.326,0.029,0.51,0.135,0.049,0.016,0.001,0.025,0.007
175,Burundi,Country,2001,114030,37313,3345,60053,13319,17,6,1,9,2,0.328,0.029,0.525,0.118,0.049,0.016,0.001,0.026,0.006
175,Burundi,Country,2002,117486,35221,3274,61478,17513,17,5,0,9,3,0.3,0.028,0.521,0.15,0.048,0.014,0.001,0.025,0.007
175,Burundi,Country,2003,139646,45412,3642,65693,24898,20,7,1,9,4,0.326,0.026,0.469,0.18,0.057,0.019,0.001,0.027,0.01
175,Burundi,Country,2004,167667,54523,4029,72628,36487,23,8,1,10,5,0.325,0.024,0.431,0.219,0.066,0.021,0.002,0.029,0.014
175,Burundi,Country,2005,185479,51173,4071,78804,51432,25,7,1,11,7,0.276,0.022,0.423,0.279,0.07,0.019,0.002,0.03,0.02
175,Burundi,Country,2006,212536,58076,4508,88240,61712,27,7,1,11,8,0.274,0.021,0.413,0.292,0.076,0.021,0.002,0.032,0.022
175,Burundi,Country,2007,228901,62073,4760,93941,68126,28,8,1,12,8,0.272,0.021,0.409,0.299,0.079,0.021,0.002,0.032,0.024
175,Burundi,Country,2008,241739,63298,4781,93551,80110,29,8,1,11,10,0.262,0.02,0.385,0.333,0.079,0.021,0.002,0.031,0.026
175,Burundi,Country,2009,267987,66187,4913,93468,103419,30,7,1,11,12,0.247,0.018,0.347,0.387,0.084,0.021,0.002,0.029,0.033
175,Burundi,Country,2010,295649,77867,5456,92571,119754,32,8,1,10,13,0.264,0.018,0.312,0.406,0.088,0.023,0.002,0.027,0.036
175,Burundi,Country,2011,329039,93711,6427,88239,140661,34,10,1,9,15,0.285,0.02,0.267,0.428,0.093,0.027,0.002,0.025,0.04
175,Burundi,Country,2012,330041,91650,6717,79935,151739,33,9,1,8,15,0.278,0.02,0.242,0.46,0.09,0.025,0.002,0.022,0.042
175,Burundi,Country,2013,302576,89132,6590,76498,130355,29,9,1,7,13,0.295,0.022,0.252,0.431,0.079,0.023,0.002,0.02,0.034
175,Burundi,Country,2014,319606,91322,6632,79794,141858,30,9,1,7,13,0.286,0.021,0.249,0.444,0.08,0.023,0.002,0.02,0.035
175,Burundi,Country,2015,303169,85153,6168,77660,134188,28,8,1,7,12,0.281,0.02,0.256,0.443,0.077,0.022,0.002,0.02,0.034
175,Burundi,Country,2016,360901,83343,5855,76321,195381,32,7,1,7,17,0.231,0.016,0.211,0.542,0.092,0.021,0.001,0.019,0.05
175,Burundi,Country,2017,345729,84043,5602,75662,180423,30,7,0,7,16,0.243,0.016,0.219,0.522,0.087,0.021,0.001,0.019,0.045
175,Burundi,Country,2018,412859,86950,5317,76010,244580,35,7,0,6,21,0.21,0.013,0.184,0.593,0.101,0.021,0.001,0.019,0.06
175,Burundi,Country,2019,473150,93737,5335,78062,296016,38,8,0,6,24,0.198,0.011,0.165,0.626,0.111,0.022,0.001,0.018,0.07
175,Burundi,Country,2020,395251,88041,13234,85825,208150,31,7,1,7,16,0.222,0.033,0.217,0.527,0.092,0.021,0.003,0.02,0.048
175,Burundi,Country,2021,470212,92924,13554,89651,274082,35,7,1,7,21,0.197,0.029,0.191,0.583,0.105,0.021,0.003,0.02,0.061
175,Burundi,Country,2022,408948,67087,12999,85330,243531,30,5,1,6,18,0.164,0.032,0.208,0.596,0.09,0.015,0.003,0.019,0.054
203,Cabo Verde,Country,1995,30226,26097,429,3284,415,75,65,1,8,1,0.863,0.014,0.109,0.014,0.045,0.039,0.001,0.005,0.001
203,Cabo Verde,Country,1996,30250,26264,439,3548,0,73,64,1,9,0,0.868,0.015,0.118,0,0.042,0.036,0.001,0.005,0
203,Cabo Verde,Country,1997,37268,27185,446,4315,5321,88,64,1,10,13,0.729,0.012,0.116,0.143,0.047,0.034,0.001,0.005,0.007
203,Cabo Verde,Country,1998,35564,27095,440,5915,2114,82,63,1,14,5,0.762,0.012,0.166,0.06,0.04,0.031,0,0.007,0.002
203,Cabo Verde,Country,1999,42153,30658,455,7346,3693,95,69,1,17,8,0.727,0.011,0.174,0.088,0.043,0.031,0,0.007,0.004
203,Cabo Verde,Country,2000,43568,32897,436,8694,1541,97,73,1,19,3,0.755,0.01,0.199,0.035,0.04,0.03,0,0.008,0.001
203,Cabo Verde,Country,2001,48192,28183,394,9350,10265,105,61,1,20,22,0.585,0.008,0.194,0.213,0.042,0.025,0,0.008,0.009
203,Cabo Verde,Country,2002,47035,33170,424,10279,3161,101,71,1,22,7,0.705,0.009,0.218,0.067,0.039,0.027,0,0.009,0.003
203,Cabo Verde,Country,2003,53533,31405,424,10885,10819,113,67,1,23,23,0.587,0.008,0.203,0.202,0.042,0.025,0,0.009,0.008
203,Cabo Verde,Country,2004,59330,34993,458,11602,12277,124,73,1,24,26,0.59,0.008,0.195,0.207,0.043,0.026,0,0.008,0.009
203,Cabo Verde,Country,2005,65241,36129,480,12272,16361,135,75,1,25,34,0.554,0.007,0.188,0.251,0.045,0.025,0,0.008,0.011
203,Cabo Verde,Country,2006,70839,40885,545,13531,15878,145,84,1,28,32,0.577,0.008,0.191,0.224,0.044,0.026,0,0.008,0.01
203,Cabo Verde,Country,2007,72922,43442,612,14796,14071,147,88,1,30,28,0.596,0.008,0.203,0.193,0.04,0.024,0,0.008,0.008
203,Cabo Verde,Country,2008,77781,45946,687,15796,15353,156,92,1,32,31,0.591,0.009,0.203,0.198,0.04,0.024,0,0.008,0.008
203,Cabo Verde,Country,2009,72904,48410,790,17077,6626,144,96,2,34,13,0.664,0.011,0.234,0.091,0.038,0.025,0,0.009,0.003
203,Cabo Verde,Country,2010,89538,53810,1995,19415,14319,176,106,4,38,28,0.601,0.022,0.217,0.16,0.046,0.028,0.001,0.01,0.007
203,Cabo Verde,Country,2011,99725,51568,2151,20563,25443,194,100,4,40,49,0.517,0.022,0.206,0.255,0.049,0.025,0.001,0.01,0.013
203,Cabo Verde,Country,2012,97931,55916,2367,22357,17290,188,108,5,43,33,0.571,0.024,0.228,0.177,0.047,0.027,0.001,0.011,0.008
203,Cabo Verde,Country,2013,109601,57494,2466,23797,25844,209,109,5,45,49,0.524,0.022,0.217,0.236,0.052,0.027,0.001,0.011,0.012
203,Cabo Verde,Country,2014,102073,55872,2381,25017,18803,192,105,4,47,35,0.547,0.023,0.245,0.184,0.048,0.026,0.001,0.012,0.009
203,Cabo Verde,Country,2015,102421,59128,2447,26315,14531,191,110,5,49,27,0.577,0.024,0.257,0.142,0.047,0.027,0.001,0.012,0.007
203,Cabo Verde,Country,2016,95088,59129,2563,27835,5560,176,110,5,52,10,0.622,0.027,0.293,0.059,0.042,0.026,0.001,0.012,0.002
203,Cabo Verde,Country,2017,101532,64131,2765,29880,4756,187,118,5,55,9,0.632,0.027,0.294,0.047,0.042,0.027,0.001,0.012,0.002
203,Cabo Verde,Country,2018,109399,66157,2890,31317,9034,199,121,5,57,16,0.605,0.026,0.286,0.083,0.044,0.026,0.001,0.013,0.004
203,Cabo Verde,Country,2019,119279,68993,3046,32391,14848,216,125,6,59,27,0.578,0.026,0.271,0.125,0.044,0.026,0.001,0.012,0.006
203,Cabo Verde,Country,2020,147227,86119,2393,34327,24388,265,155,4,62,44,0.585,0.016,0.233,0.166,0.069,0.04,0.001,0.016,0.011
203,Cabo Verde,Country,2021,173064,110453,2527,32700,27385,307,196,4,58,49,0.638,0.015,0.189,0.158,0.075,0.048,0.001,0.014,0.012
203,Cabo Verde,Country,2022,164158,102662,3114,41900,16482,288,180,5,74,29,0.625,0.019,0.255,0.101,0.061,0.038,0.001,0.015,0.006
10,Cambodia,Country,1995,602111,124006,5390,294893,177822,52,11,0,26,15,0.206,0.009,0.488,0.297,0.086,0.018,0.001,0.042,0.025
10,Cambodia,Country,1996,552031,138640,5715,314164,93511,47,12,0,27,8,0.251,0.01,0.568,0.171,0.078,0.02,0.001,0.044,0.013
10,Cambodia,Country,1997,532463,129290,5597,319771,77805,45,11,0,27,7,0.243,0.011,0.599,0.147,0.075,0.018,0.001,0.045,0.011
10,Cambodia,Country,1998,528451,132073,5709,334235,56434,44,11,0,28,5,0.25,0.011,0.631,0.108,0.072,0.018,0.001,0.046,0.008
10,Cambodia,Country,1999,538505,131291,5833,352935,48445,44,11,0,29,4,0.244,0.011,0.654,0.091,0.065,0.016,0.001,0.043,0.006
10,Cambodia,Country,2000,570895,129866,6043,374096,60891,46,10,0,30,5,0.228,0.011,0.654,0.107,0.063,0.014,0.001,0.041,0.007
10,Cambodia,Country,2001,600682,127739,6181,391037,75724,47,10,0,31,6,0.213,0.01,0.65,0.127,0.061,0.013,0.001,0.04,0.008
10,Cambodia,Country,2002,620005,144598,6764,416954,51688,48,11,1,32,4,0.234,0.011,0.671,0.084,0.06,0.014,0.001,0.04,0.005
10,Cambodia,Country,2003,683148,146909,7147,438348,90745,52,11,1,33,7,0.215,0.011,0.64,0.134,0.06,0.013,0.001,0.038,0.008
10,Cambodia,Country,2004,709923,142829,7477,455307,104310,53,11,1,34,8,0.202,0.011,0.64,0.148,0.057,0.011,0.001,0.036,0.008
10,Cambodia,Country,2005,761014,136802,7752,471829,144630,56,10,1,35,11,0.18,0.01,0.619,0.191,0.054,0.01,0.001,0.033,0.01
10,Cambodia,Country,2006,759442,140342,8040,468440,142620,55,10,1,34,10,0.185,0.011,0.616,0.189,0.048,0.009,0.001,0.03,0.009
10,Cambodia,Country,2007,805153,153399,8338,478999,164417,58,11,1,34,12,0.191,0.01,0.594,0.205,0.046,0.009,0,0.028,0.009
10,Cambodia,Country,2008,895253,168219,8607,542244,176183,64,12,1,38,12,0.188,0.01,0.605,0.197,0.048,0.009,0,0.029,0.009
10,Cambodia,Country,2009,1021400,209694,9123,614474,188110,71,15,1,43,13,0.206,0.009,0.601,0.185,0.053,0.011,0,0.032,0.01
10,Cambodia,Country,2010,1110041,222689,8978,665763,212612,76,15,1,46,15,0.201,0.008,0.599,0.192,0.055,0.011,0,0.033,0.01
10,Cambodia,Country,2011,1192115,229544,8310,732286,221975,81,16,1,50,15,0.193,0.007,0.614,0.186,0.055,0.011,0,0.034,0.01
10,Cambodia,Country,2012,1193044,251566,7219,777649,156610,80,17,0,52,10,0.211,0.006,0.652,0.131,0.051,0.011,0,0.033,0.007
10,Cambodia,Country,2013,1233680,262182,5308,789460,176730,81,17,0,52,12,0.213,0.004,0.64,0.143,0.049,0.01,0,0.031,0.007
10,Cambodia,Country,2014,1266141,277719,7037,786525,194860,82,18,0,51,13,0.219,0.006,0.621,0.154,0.046,0.01,0,0.029,0.007
10,Cambodia,Country,2015,1280729,286265,13687,789351,191426,82,18,1,50,12,0.224,0.011,0.616,0.15,0.044,0.01,0,0.027,0.007
10,Cambodia,Country,2016,1389442,329445,35495,832125,192377,88,21,2,52,12,0.237,0.025,0.599,0.139,0.044,0.01,0.001,0.026,0.006
10,Cambodia,Country,2017,1525845,383885,57229,908700,176031,95,24,4,56,11,0.252,0.037,0.595,0.115,0.045,0.011,0.002,0.027,0.005
10,Cambodia,Country,2018,1717915,430012,76049,1036719,175135,105,26,5,63,11,0.25,0.044,0.603,0.102,0.046,0.012,0.002,0.028,0.005
10,Cambodia,Country,2019,2010818,490782,92701,1208135,219199,121,30,6,73,13,0.244,0.046,0.601,0.109,0.05,0.012,0.002,0.03,0.005
10,Cambodia,Country,2020,2242416,549416,93628,1233620,365753,133,33,6,73,22,0.245,0.042,0.55,0.163,0.058,0.014,0.002,0.032,0.009
10,Cambodia,Country,2021,2185447,586508,91191,1213239,294510,129,35,5,72,17,0.269,0.042,0.555,0.135,0.055,0.015,0.002,0.031,0.007
10,Cambodia,Country,2022,2013209,492580,92111,1234240,194279,117,29,5,72,11,0.245,0.046,0.613,0.097,0.049,0.012,0.002,0.03,0.005
202,Cameroon,Country,1995,634244,104294,31773,492821,5356,51,8,3,40,0,0.165,0.05,0.776,0.009,0.041,0.007,0.002,0.031,0
202,Cameroon,Country,1996,711949,106256,31173,503777,70742,55,8,2,39,5,0.15,0.044,0.706,0.1,0.043,0.006,0.002,0.031,0.004
202,Cameroon,Country,1997,692129,111004,31339,522134,27651,52,8,2,39,2,0.161,0.045,0.753,0.04,0.04,0.006,0.002,0.03,0.002
202,Cameroon,Country,1998,727570,117325,32185,546402,31659,52,8,2,39,2,0.162,0.044,0.75,0.044,0.039,0.006,0.002,0.03,0.002
202,Cameroon,Country,1999,766845,128444,34046,581247,23108,53,9,2,40,2,0.168,0.044,0.757,0.03,0.039,0.007,0.002,0.03,0.001
202,Cameroon,Country,2000,829629,143375,36801,631047,18405,55,10,2,42,1,0.173,0.044,0.76,0.022,0.041,0.007,0.002,0.031,0.001
202,Cameroon,Country,2001,888117,162001,39335,658798,27983,57,10,3,42,2,0.183,0.044,0.741,0.032,0.041,0.008,0.002,0.031,0.001
202,Cameroon,Country,2002,901778,172948,41030,670052,17748,55,11,3,41,1,0.192,0.046,0.743,0.02,0.04,0.008,0.002,0.029,0.001
202,Cameroon,Country,2003,939012,175391,41595,683633,38393,56,10,2,40,2,0.187,0.044,0.728,0.041,0.039,0.007,0.002,0.028,0.002
202,Cameroon,Country,2004,986073,176741,41941,702976,64414,56,10,2,40,4,0.179,0.043,0.712,0.066,0.038,0.007,0.002,0.027,0.002
202,Cameroon,Country,2005,992995,165185,41616,717620,68574,54,9,2,39,4,0.166,0.042,0.722,0.069,0.037,0.006,0.002,0.027,0.003
202,Cameroon,Country,2006,1033641,160995,43390,739008,90248,55,8,2,39,5,0.156,0.042,0.714,0.088,0.036,0.006,0.002,0.026,0.003
202,Cameroon,Country,2007,1060370,159328,47111,761250,92680,54,8,2,39,5,0.15,0.044,0.718,0.088,0.035,0.005,0.002,0.025,0.003
202,Cameroon,Country,2008,1090805,167211,51545,776657,95393,53,8,3,38,5,0.153,0.047,0.712,0.088,0.035,0.005,0.002,0.025,0.003
202,Cameroon,Country,2009,1078906,150032,52467,774430,101977,51,7,2,36,5,0.139,0.048,0.718,0.095,0.034,0.005,0.002,0.024,0.003
202,Cameroon,Country,2010,1074627,150710,56901,788768,78248,49,7,3,36,4,0.14,0.053,0.734,0.073,0.032,0.005,0.002,0.024,0.002
202,Cameroon,Country,2011,1249658,176406,68529,829186,175537,55,8,3,36,8,0.141,0.055,0.664,0.141,0.036,0.005,0.002,0.024,0.005
202,Cameroon,Country,2012,1257340,176139,90738,862568,127895,53,7,4,36,5,0.14,0.072,0.687,0.102,0.034,0.005,0.002,0.023,0.003
202,Cameroon,Country,2013,1366729,181755,108877,910805,165292,56,7,4,37,7,0.133,0.079,0.667,0.121,0.035,0.005,0.003,0.023,0.004
202,Cameroon,Country,2014,1441713,181945,121468,998877,139423,57,7,5,39,5,0.126,0.084,0.693,0.097,0.035,0.004,0.003,0.024,0.003
202,Cameroon,Country,2015,1548324,162961,122365,1046762,216236,59,6,5,40,8,0.105,0.078,0.676,0.14,0.035,0.004,0.003,0.024,0.005
202,Cameroon,Country,2016,1518166,151673,118082,1080027,168383,56,6,4,40,6,0.1,0.077,0.712,0.111,0.033,0.003,0.003,0.023,0.004
202,Cameroon,Country,2017,1615956,133369,101156,1076870,304560,57,5,4,38,11,0.083,0.062,0.667,0.189,0.034,0.003,0.002,0.022,0.006
202,Cameroon,Country,2018,1654189,151767,84859,1121491,296072,57,5,3,39,10,0.092,0.051,0.678,0.179,0.033,0.003,0.002,0.022,0.006
202,Cameroon,Country,2019,1718985,179212,80288,1174331,285154,57,6,3,39,10,0.104,0.046,0.683,0.166,0.033,0.003,0.002,0.023,0.005
202,Cameroon,Country,2020,2112981,282489,73812,1353800,402880,68,9,2,44,13,0.134,0.035,0.641,0.191,0.04,0.005,0.001,0.026,0.008
202,Cameroon,Country,2021,2279912,240277,72430,1392436,574769,72,8,2,44,18,0.105,0.032,0.61,0.252,0.042,0.004,0.001,0.026,0.011
202,Cameroon,Country,2022,2208954,346322,72542,1430323,359767,68,11,2,44,11,0.157,0.033,0.647,0.163,0.039,0.006,0.001,0.025,0.006
101,Canada,Country,1995,95409583,72242501,7643225,15523857,0,3287,2489,263,535,0,0.757,0.08,0.163,0,0.084,0.064,0.007,0.014,0
101,Canada,Country,1996,96468509,72421845,7980340,16066324,0,3291,2471,272,548,0,0.751,0.083,0.167,0,0.084,0.063,0.007,0.014,0
101,Canada,Country,1997,99345092,73765739,8615343,16964011,0,3359,2494,291,574,0,0.743,0.087,0.171,0,0.083,0.061,0.007,0.014,0
101,Canada,Country,1998,105303092,77852209,9624872,17826011,0,3531,2611,323,598,0,0.739,0.091,0.169,0,0.084,0.062,0.008,0.014,0
101,Canada,Country,1999,109923326,80627027,10727326,18568974,0,3657,2682,357,618,0,0.733,0.098,0.169,0,0.084,0.061,0.008,0.014,0
101,Canada,Country,2000,115462386,84097616,12177594,19187176,0,3810,2775,402,633,0,0.728,0.105,0.166,0,0.084,0.061,0.009,0.014,0
101,Canada,Country,2001,123100515,89660362,13693419,19746734,0,4029,2934,448,646,0,0.728,0.111,0.16,0,0.088,0.064,0.01,0.014,0
101,Canada,Country,2002,128890775,93818445,14782344,20289987,0,4181,3043,480,658,0,0.728,0.115,0.157,0,0.09,0.065,0.01,0.014,0
101,Canada,Country,2003,135171316,98818632,15599901,20752783,0,4344,3176,501,667,0,0.731,0.115,0.154,0,0.092,0.067,0.011,0.014,0
101,Canada,Country,2004,139676899,101736294,16516117,21424489,0,4446,3238,526,682,0,0.728,0.118,0.153,0,0.092,0.067,0.011,0.014,0
101,Canada,Country,2005,144720901,104188869,18164815,22367217,0,4560,3283,572,705,0,0.72,0.126,0.155,0,0.093,0.067,0.012,0.014,0
101,Canada,Country,2006,151241652,106730112,20947441,23564099,0,4715,3327,653,735,0,0.706,0.139,0.156,0,0.094,0.067,0.013,0.015,0
101,Canada,Country,2007,156500062,109031376,22934404,24534281,0,4825,3361,707,756,0,0.697,0.147,0.157,0,0.096,0.067,0.014,0.015,0
101,Canada,Country,2008,161826232,112228253,24105085,25492894,0,4933,3421,735,777,0,0.694,0.149,0.158,0,0.098,0.068,0.015,0.015,0
101,Canada,Country,2009,175265756,123126671,25494649,26644435,0,5283,3711,768,803,0,0.703,0.145,0.152,0,0.109,0.077,0.016,0.017,0
101,Canada,Country,2010,179109958,125723521,25964850,27421586,0,5339,3747,774,817,0,0.702,0.145,0.153,0,0.108,0.076,0.016,0.017,0
101,Canada,Country,2011,180992803,127131387,26290776,27570639,0,5336,3748,775,813,0,0.702,0.145,0.152,0,0.106,0.074,0.015,0.016,0
101,Canada,Country,2012,185553805,131078877,26843897,27631031,0,5413,3824,783,806,0,0.706,0.145,0.149,0,0.107,0.075,0.015,0.016,0
101,Canada,Country,2013,189175064,134118795,27333216,27723053,0,5462,3872,789,800,0,0.709,0.144,0.147,0,0.106,0.075,0.015,0.016,0
101,Canada,Country,2014,191352989,135156046,27780352,28416591,0,5469,3863,794,812,0,0.706,0.145,0.149,0,0.104,0.074,0.015,0.016,0
101,Canada,Country,2015,201421974,142402925,29013187,30005862,0,5699,4029,821,849,0,0.707,0.144,0.149,0,0.109,0.077,0.016,0.016,0
101,Canada,Country,2016,208396385,146360900,30088760,31946726,0,5836,4099,843,895,0,0.702,0.144,0.153,0,0.112,0.078,0.016,0.017,0
101,Canada,Country,2017,212812822,148383088,31042550,33387184,0,5899,4113,861,926,0,0.697,0.146,0.157,0,0.111,0.077,0.016,0.017,0
101,Canada,Country,2018,219188910,152506418,32384371,34298121,0,6015,4185,889,941,0,0.696,0.148,0.156,0,0.112,0.078,0.016,0.017,0
101,Canada,Country,2019,225456503,156690927,33787371,34978206,0,6126,4258,918,950,0,0.695,0.15,0.155,0,0.113,0.079,0.017,0.018,0
101,Canada,Country,2020,252166162,186061170,31539103,34565888,0,6789,5009,849,931,0,0.738,0.125,0.137,0,0.133,0.098,0.017,0.018,0
101,Canada,Country,2021,253169582,184711787,33217358,35240437,0,6771,4940,888,943,0,0.73,0.131,0.139,0,0.127,0.093,0.017,0.018,0
101,Canada,Country,2022,237671277,169292295,33113352,35265631,0,6306,4492,879,936,0,0.712,0.139,0.148,0,0.115,0.082,0.016,0.017,0
169,Central African Republic,Country,1995,92248,24872,1165,50938,15274,29,8,0,16,5,0.271,0.013,0.549,0.167,0.044,0.012,0.001,0.024,0.007
169,Central African Republic,Country,1996,74182,20503,1097,50798,1784,23,6,0,16,1,0.279,0.015,0.682,0.024,0.038,0.01,0.001,0.026,0.001
169,Central African Republic,Country,1997,80903,21114,1114,50975,7701,24,6,0,15,2,0.263,0.014,0.627,0.096,0.039,0.01,0.001,0.025,0.004
169,Central African Republic,Country,1998,103780,22662,1133,50962,29023,30,7,0,15,9,0.219,0.011,0.489,0.281,0.048,0.011,0.001,0.024,0.014
169,Central African Republic,Country,1999,99959,28301,1234,52702,17722,28,8,0,15,5,0.284,0.012,0.525,0.179,0.045,0.013,0.001,0.024,0.008
169,Central African Republic,Country,2000,95668,33944,1319,53550,6855,26,9,0,15,2,0.356,0.014,0.557,0.072,0.043,0.015,0.001,0.024,0.003
169,Central African Republic,Country,2001,98664,33235,1300,53441,10688,27,9,0,14,3,0.338,0.013,0.539,0.109,0.043,0.015,0.001,0.023,0.005
169,Central African Republic,Country,2002,108924,38756,1388,54488,14291,29,10,0,14,4,0.357,0.013,0.498,0.132,0.047,0.017,0.001,0.023,0.006
169,Central African Republic,Country,2003,97752,32670,1295,53439,10349,25,8,0,14,3,0.336,0.013,0.544,0.107,0.044,0.015,0.001,0.024,0.005
169,Central African Republic,Country,2004,104820,32661,1327,54598,16234,26,8,0,14,4,0.313,0.013,0.519,0.156,0.046,0.014,0.001,0.024,0.007
169,Central African Republic,Country,2005,112083,34148,1401,56302,20232,27,8,0,14,5,0.305,0.013,0.5,0.182,0.048,0.015,0.001,0.024,0.009
169,Central African Republic,Country,2006,113237,29541,1403,58183,24111,27,7,0,14,6,0.262,0.012,0.512,0.214,0.046,0.012,0.001,0.024,0.01
169,Central African Republic,Country,2007,101952,26984,1443,60414,13111,24,6,0,14,3,0.266,0.014,0.59,0.13,0.04,0.01,0.001,0.023,0.005
169,Central African Republic,Country,2008,131039,26328,1507,61801,41403,30,6,0,14,9,0.201,0.012,0.469,0.318,0.05,0.01,0.001,0.023,0.016
169,Central African Republic,Country,2009,102890,22858,1499,62066,16467,23,5,0,14,4,0.223,0.015,0.601,0.161,0.036,0.008,0.001,0.022,0.006
169,Central African Republic,Country,2010,112365,21386,1487,62978,26513,24,5,0,14,6,0.191,0.013,0.558,0.238,0.037,0.007,0,0.021,0.009
169,Central African Republic,Country,2011,111547,17719,1368,63355,29105,24,4,0,13,6,0.159,0.012,0.566,0.262,0.034,0.005,0,0.02,0.009
169,Central African Republic,Country,2012,115250,19228,1406,66151,28465,24,4,0,14,6,0.167,0.012,0.572,0.248,0.033,0.006,0,0.019,0.008
169,Central African Republic,Country,2013,113349,17022,1214,59922,35190,23,3,0,12,7,0.15,0.011,0.527,0.312,0.051,0.008,0.001,0.027,0.016
169,Central African Republic,Country,2014,131571,18024,1189,59678,52680,26,4,0,12,11,0.137,0.009,0.453,0.401,0.058,0.008,0.001,0.026,0.023
169,Central African Republic,Country,2015,110840,14039,1107,63056,32638,22,3,0,13,7,0.127,0.01,0.568,0.295,0.047,0.006,0,0.027,0.014
169,Central African Republic,Country,2016,158339,13472,1259,74226,69383,32,3,0,15,14,0.085,0.008,0.468,0.439,0.065,0.006,0.001,0.031,0.029
169,Central African Republic,Country,2017,178013,15624,1583,90954,69853,35,3,0,18,14,0.088,0.009,0.511,0.393,0.07,0.006,0.001,0.036,0.027
169,Central African Republic,Country,2018,197886,18767,1853,108174,69091,38,4,0,21,13,0.095,0.009,0.546,0.349,0.075,0.007,0.001,0.041,0.026
169,Central African Republic,Country,2019,248078,19510,1993,119976,106599,47,4,0,23,20,0.079,0.008,0.483,0.43,0.091,0.007,0.001,0.044,0.039
169,Central African Republic,Country,2020,287912,30457,1989,121249,134218,53,6,0,22,25,0.106,0.007,0.421,0.467,0.104,0.011,0.001,0.044,0.049
169,Central African Republic,Country,2021,383005,32500,2057,127629,220820,70,6,0,23,40,0.085,0.005,0.333,0.577,0.137,0.012,0.001,0.046,0.079
169,Central African Republic,Country,2022,304343,41601,2143,135152,125447,55,8,0,25,23,0.137,0.007,0.443,0.413,0.108,0.015,0.001,0.048,0.044
204,Chad,Country,1995,243680,54863,11188,137000,40628,35,8,2,19,6,0.226,0.046,0.56,0.168,0.069,0.016,0.003,0.039,0.012
204,Chad,Country,1996,224594,57494,11376,141273,14450,31,8,2,19,2,0.257,0.051,0.627,0.065,0.063,0.016,0.003,0.04,0.004
204,Chad,Country,1997,249129,59948,11401,145140,32640,33,8,2,19,4,0.241,0.046,0.581,0.132,0.066,0.016,0.003,0.039,0.009
204,Chad,Country,1998,241973,58607,10798,146460,26109,31,8,1,19,3,0.243,0.045,0.603,0.109,0.06,0.015,0.003,0.037,0.006
204,Chad,Country,1999,273158,70598,10626,148823,43111,34,9,1,19,5,0.259,0.039,0.543,0.159,0.069,0.018,0.003,0.037,0.011
204,Chad,Country,2000,262124,79296,9244,144484,29101,32,10,1,17,4,0.303,0.035,0.55,0.112,0.067,0.02,0.002,0.037,0.007
204,Chad,Country,2001,260490,77129,9650,150209,23502,30,9,1,18,3,0.296,0.037,0.575,0.091,0.059,0.018,0.002,0.034,0.005
204,Chad,Country,2002,300499,90512,11769,167703,30515,34,10,1,19,3,0.301,0.039,0.557,0.102,0.063,0.019,0.002,0.035,0.006
204,Chad,Country,2003,329749,101238,13494,170605,44413,36,11,1,19,5,0.307,0.041,0.516,0.136,0.061,0.019,0.002,0.031,0.008
204,Chad,Country,2004,336855,88993,14732,189093,44038,35,9,2,20,5,0.264,0.044,0.56,0.132,0.047,0.012,0.002,0.026,0.006
204,Chad,Country,2005,356200,82934,16195,203120,53950,36,8,2,21,5,0.233,0.045,0.569,0.152,0.045,0.01,0.002,0.025,0.007
204,Chad,Country,2006,354072,82562,17726,212939,40846,35,8,2,21,4,0.233,0.05,0.601,0.116,0.044,0.01,0.002,0.027,0.005
204,Chad,Country,2007,350611,84818,19132,217938,28724,33,8,2,21,3,0.242,0.055,0.621,0.082,0.04,0.01,0.002,0.025,0.003
204,Chad,Country,2008,364291,81184,19707,219854,43546,33,7,2,20,4,0.223,0.054,0.603,0.12,0.04,0.009,0.002,0.024,0.005
204,Chad,Country,2009,383707,95057,21939,228588,38123,34,8,2,20,3,0.247,0.057,0.596,0.1,0.04,0.01,0.002,0.024,0.004
204,Chad,Country,2010,425804,95825,22484,237011,70484,36,8,2,20,6,0.224,0.053,0.557,0.166,0.039,0.009,0.002,0.022,0.006
204,Chad,Country,2011,419182,95295,22392,238104,63391,34,8,2,19,5,0.227,0.053,0.569,0.152,0.037,0.008,0.002,0.021,0.006
204,Chad,Country,2012,436134,111525,24439,253515,46656,34,9,2,20,4,0.255,0.056,0.582,0.107,0.035,0.009,0.002,0.02,0.004
204,Chad,Country,2013,529329,120329,25897,271977,111126,40,9,2,21,8,0.227,0.049,0.514,0.21,0.04,0.009,0.002,0.021,0.008
204,Chad,Country,2014,531883,126707,27359,292941,84876,39,9,2,21,6,0.238,0.051,0.551,0.16,0.038,0.009,0.002,0.021,0.006
204,Chad,Country,2015,497593,111399,26397,305842,53954,35,8,2,22,4,0.224,0.053,0.615,0.109,0.034,0.008,0.002,0.021,0.004
204,Chad,Country,2016,528551,92495,23483,309440,103134,36,6,2,21,7,0.175,0.044,0.585,0.195,0.038,0.007,0.002,0.022,0.007
204,Chad,Country,2017,507244,89391,20771,320081,77001,33,6,1,21,5,0.176,0.041,0.631,0.152,0.037,0.007,0.002,0.023,0.006
204,Chad,Country,2018,562678,79817,15632,330962,136267,35,5,1,21,9,0.142,0.028,0.588,0.242,0.039,0.006,0.001,0.023,0.01
204,Chad,Country,2019,606971,86637,14535,351662,154136,37,5,1,21,9,0.143,0.024,0.579,0.254,0.04,0.006,0.001,0.023,0.01
204,Chad,Country,2020,830290,92865,12862,504784,219779,49,5,1,30,13,0.112,0.015,0.608,0.265,0.056,0.006,0.001,0.034,0.015
204,Chad,Country,2021,947648,126708,6167,473492,341281,54,7,0,27,19,0.134,0.007,0.5,0.36,0.064,0.009,0,0.032,0.023
204,Chad,Country,2022,889329,170697,7268,446181,265183,48,9,0,24,14,0.192,0.008,0.502,0.298,0.058,0.011,0,0.029,0.017
98,Chile,Country,1995,7886771,2978333,1761660,3112967,33811,552,208,123,218,2,0.378,0.223,0.395,0.004,0.063,0.024,0.014,0.025,0
98,Chile,Country,1996,9048166,3383172,1972752,3659813,32429,625,234,136,253,2,0.374,0.218,0.404,0.004,0.068,0.026,0.015,0.028,0
98,Chile,Country,1997,10104899,3675685,2130383,4233215,65617,690,251,145,289,4,0.364,0.211,0.419,0.006,0.071,0.026,0.015,0.03,0
98,Chile,Country,1998,11015117,4037556,2301956,4669888,5717,744,273,155,315,0,0.367,0.209,0.424,0.001,0.074,0.027,0.016,0.032,0
98,Chile,Country,1999,11502545,4294125,2375864,4827580,4976,768,287,159,322,0,0.373,0.207,0.42,0,0.078,0.029,0.016,0.033,0
98,Chile,Country,2000,11455869,4237169,2367247,4845535,5918,757,280,156,320,0,0.37,0.207,0.423,0.001,0.074,0.027,0.015,0.031,0
98,Chile,Country,2001,11803440,4416124,2406816,4973406,7094,771,289,157,325,0,0.374,0.204,0.421,0.001,0.074,0.028,0.015,0.031,0
98,Chile,Country,2002,12267346,4672943,2431595,5159200,3607,794,302,157,334,0,0.381,0.198,0.421,0,0.075,0.028,0.015,0.031,0
98,Chile,Country,2003,12646701,4870903,2419729,5343919,12150,810,312,155,342,1,0.385,0.191,0.423,0.001,0.074,0.028,0.014,0.031,0
98,Chile,Country,2004,12865759,5012830,2386679,5431023,35227,816,318,151,344,2,0.39,0.186,0.422,0.003,0.07,0.027,0.013,0.03,0
98,Chile,Country,2005,13069635,5229773,2368746,5450103,21013,821,329,149,342,1,0.4,0.181,0.417,0.002,0.067,0.027,0.012,0.028,0
98,Chile,Country,2006,13080205,5309365,2374658,5387309,8873,814,330,148,335,1,0.406,0.182,0.412,0.001,0.064,0.026,0.012,0.026,0
98,Chile,Country,2007,13851615,5803676,2568134,5468842,10963,853,357,158,337,1,0.419,0.185,0.395,0.001,0.064,0.027,0.012,0.025,0
98,Chile,Country,2008,15162742,6684003,2853142,5619222,6375,924,407,174,342,0,0.441,0.188,0.371,0,0.068,0.03,0.013,0.025,0
98,Chile,Country,2009,16405407,7672032,3047727,5680654,4994,989,463,184,343,0,0.468,0.186,0.346,0,0.074,0.035,0.014,0.026,0
98,Chile,Country,2010,16567815,7781697,3062385,5717949,5783,989,464,183,341,0,0.47,0.185,0.345,0,0.071,0.033,0.013,0.024,0
98,Chile,Country,2011,17453156,8255874,3226635,5967270,3378,1031,488,191,352,0,0.473,0.185,0.342,0,0.07,0.033,0.013,0.024,0
98,Chile,Country,2012,19036204,9070964,3548877,6416363,0,1113,530,208,375,0,0.477,0.186,0.337,0,0.072,0.034,0.013,0.024,0
98,Chile,Country,2013,20728509,9839942,3861613,7026953,0,1200,570,224,407,0,0.475,0.186,0.339,0,0.076,0.036,0.014,0.026,0
98,Chile,Country,2014,22420586,10692791,4044836,7682958,0,1286,613,232,441,0,0.477,0.18,0.343,0,0.081,0.038,0.015,0.028,0
98,Chile,Country,2015,24194570,11738941,4143611,8312019,0,1375,667,235,472,0,0.485,0.171,0.344,0,0.085,0.041,0.015,0.029,0
98,Chile,Country,2016,25613590,12684282,4158788,8770520,0,1443,715,234,494,0,0.495,0.162,0.342,0,0.089,0.044,0.014,0.03,0
98,Chile,Country,2017,27136576,13673693,4357751,9105133,0,1515,764,243,508,0,0.504,0.161,0.336,0,0.093,0.047,0.015,0.031,0
98,Chile,Country,2018,28400382,14473010,4583108,9344264,0,1566,798,253,515,0,0.51,0.161,0.329,0,0.095,0.048,0.015,0.031,0
98,Chile,Country,2019,29422064,15149609,4794287,9478169,0,1597,822,260,515,0,0.515,0.163,0.322,0,0.097,0.05,0.016,0.031,0
98,Chile,Country,2020,28586840,16166954,4127929,8291957,0,1532,866,221,444,0,0.566,0.144,0.29,0,0.101,0.057,0.015,0.029,0
98,Chile,Country,2021,31846021,17087927,4368364,10389730,0,1697,910,233,554,0,0.537,0.137,0.326,0,0.101,0.054,0.014,0.033,0
98,Chile,Country,2022,33534135,16913329,4733244,11887561,0,1774,895,250,629,0,0.504,0.141,0.354,0,0.104,0.052,0.015,0.037,0
6,China,Country,1995,75056456,20315037,16222714,38336926,181780,61,16,13,31,0,0.272,0.214,0.511,0.002,0.039,0.01,0.008,0.02,0
6,China,Country,1996,83466455,21951102,17137681,44195734,181938,67,18,14,36,0,0.264,0.204,0.53,0.002,0.039,0.01,0.008,0.021,0
6,China,Country,1997,93603758,24131889,18034618,51263250,174001,75,19,14,41,0,0.258,0.192,0.548,0.002,0.04,0.01,0.008,0.022,0
6,China,Country,1998,104337019,26537531,18631746,58959602,208140,83,21,15,47,0,0.255,0.178,0.565,0.002,0.042,0.011,0.007,0.024,0
6,China,Country,1999,115905302,29645708,19210373,66859765,189455,92,24,15,53,0,0.256,0.165,0.577,0.002,0.043,0.011,0.007,0.025,0
6,China,Country,2000,125591875,31419491,19317923,74618908,235553,100,25,15,59,0,0.25,0.153,0.595,0.002,0.044,0.011,0.007,0.026,0
6,China,Country,2001,135851788,34946684,18368807,82404125,132171,107,28,15,65,0,0.257,0.135,0.607,0.001,0.044,0.011,0.006,0.026,0
6,China,Country,2002,150009454,40771984,18329562,90737568,170340,118,32,14,71,0,0.272,0.122,0.605,0.001,0.044,0.012,0.005,0.027,0
6,China,Country,2003,163001374,46669921,18373984,97770717,186751,128,37,14,76,0,0.286,0.112,0.6,0.001,0.044,0.013,0.005,0.026,0
6,China,Country,2004,175133215,53218223,18534526,103069886,310580,136,41,14,80,0,0.304,0.105,0.589,0.002,0.043,0.013,0.005,0.025,0
6,China,Country,2005,189426612,62604911,18698912,107855551,267237,147,48,14,83,0,0.33,0.098,0.57,0.001,0.041,0.014,0.004,0.024,0
6,China,Country,2006,203788491,73042598,19028988,111364873,352033,157,56,15,86,0,0.358,0.093,0.547,0.002,0.039,0.014,0.004,0.022,0
6,China,Country,2007,220442857,85467746,19791150,114729580,454381,168,65,15,88,0,0.388,0.09,0.521,0.002,0.037,0.014,0.003,0.019,0
6,China,Country,2008,260086880,115955689,21374971,122404577,351643,197,88,16,93,0,0.446,0.082,0.471,0.001,0.04,0.018,0.003,0.019,0
6,China,Country,2009,303610422,148784716,22747172,131630569,447965,228,112,17,99,0,0.49,0.075,0.434,0.001,0.043,0.021,0.003,0.019,0
6,China,Country,2010,332404560,169764439,23204643,139076805,358673,249,127,17,104,0,0.511,0.07,0.419,0.001,0.042,0.022,0.003,0.018,0
6,China,Country,2011,378246924,203775435,23835994,150300677,334817,281,152,18,112,0,0.539,0.063,0.397,0.001,0.044,0.024,0.003,0.017,0
6,China,Country,2012,423930659,236073767,24560516,162858095,438281,314,175,18,121,0,0.557,0.058,0.384,0.001,0.046,0.025,0.003,0.018,0
6,China,Country,2013,466465443,264843960,26128952,175274433,218097,343,195,19,129,0,0.568,0.056,0.376,0,0.047,0.027,0.003,0.018,0
6,China,Country,2014,510136036,293166339,29004283,187836157,129257,373,214,21,137,0,0.575,0.057,0.368,0,0.048,0.027,0.003,0.018,0
6,China,Country,2015,569146849,332803111,33365395,202842308,136035,413,242,24,147,0,0.585,0.059,0.356,0,0.05,0.029,0.003,0.018,0
6,China,Country,2016,617084371,357322084,39873345,219634725,254218,445,257,29,158,0,0.579,0.065,0.356,0,0.05,0.029,0.003,0.018,0
6,China,Country,2017,665383436,379454515,48075511,237611336,242074,476,271,34,170,0,0.57,0.072,0.357,0,0.051,0.029,0.004,0.018,0
6,China,Country,2018,721555320,407642076,57028386,256559214,325643,513,290,41,182,0,0.565,0.079,0.356,0,0.051,0.029,0.004,0.018,0
6,China,Country,2019,785035483,442100537,66972889,275587126,374931,555,313,47,195,0,0.563,0.085,0.351,0,0.052,0.03,0.004,0.018,0
6,China,Country,2020,843171494,460671543,88451428,293785724,262799,594,325,62,207,0,0.546,0.105,0.348,0,0.055,0.03,0.006,0.019,0
6,China,Country,2021,883507826,475252872,103400005,304297383,557566,621,334,73,214,0,0.538,0.117,0.344,0.001,0.053,0.029,0.006,0.018,0
6,China,Country,2022,908077334,495963847,106551905,305391298,170283,639,349,75,215,0,0.546,0.117,0.336,0,0.053,0.029,0.006,0.018,0
125,Colombia,Country,1995,11637946,6343705,856191,4418612,19438,321,175,24,122,1,0.545,0.073,0.38,0.002,0.076,0.041,0.006,0.029,0
125,Colombia,Country,1996,13156218,7613353,945631,4520905,76329,356,206,26,122,2,0.579,0.072,0.344,0.006,0.083,0.048,0.006,0.029,0
125,Colombia,Country,1997,13867200,8446642,1034038,4318058,68462,368,224,27,115,2,0.609,0.074,0.311,0.005,0.085,0.052,0.006,0.026,0
125,Colombia,Country,1998,13409183,8688334,1103838,3576773,40237,349,226,29,93,1,0.648,0.082,0.267,0.003,0.081,0.053,0.007,0.022,0
125,Colombia,Country,1999,12478388,8546901,1139461,2716766,75260,319,219,29,70,2,0.685,0.091,0.218,0.006,0.079,0.054,0.007,0.017,0
125,Colombia,Country,2000,10365842,7350149,1060738,1928351,26604,261,185,27,49,1,0.709,0.102,0.186,0.003,0.064,0.045,0.007,0.012,0
125,Colombia,Country,2001,9968734,7181808,1068499,1620326,98101,247,178,26,40,2,0.721,0.107,0.162,0.01,0.06,0.043,0.006,0.01,0.001
125,Colombia,Country,2002,9974558,7253914,1091235,1457079,172329,244,177,27,36,4,0.728,0.109,0.146,0.017,0.059,0.043,0.006,0.009,0.001
125,Colombia,Country,2003,10294473,7502612,1143473,1434614,213774,248,181,28,35,5,0.729,0.111,0.139,0.021,0.058,0.043,0.006,0.008,0.001
125,Colombia,Country,2004,11054112,7706875,1178627,1658660,509950,263,183,28,39,12,0.697,0.106,0.15,0.046,0.06,0.042,0.006,0.009,0.003
125,Colombia,Country,2005,11626006,8129467,1226166,1970968,299407,273,191,29,46,7,0.7,0.105,0.169,0.026,0.06,0.042,0.006,0.01,0.002
125,Colombia,Country,2006,13145293,9344145,1319835,2336628,144686,306,217,31,54,3,0.711,0.1,0.178,0.011,0.064,0.045,0.006,0.011,0.001
125,Colombia,Country,2007,14262558,10005407,1423685,2676262,157204,328,230,33,62,4,0.702,0.1,0.188,0.011,0.065,0.046,0.006,0.012,0.001
125,Colombia,Country,2008,15315712,10731536,1553042,2949828,81306,350,245,35,67,2,0.701,0.101,0.193,0.005,0.068,0.047,0.007,0.013,0
125,Colombia,Country,2009,16930870,11899523,1723734,3054940,252673,383,269,39,69,6,0.703,0.102,0.18,0.015,0.074,0.052,0.008,0.013,0.001
125,Colombia,Country,2010,17439967,12155686,1858684,3052746,372851,392,273,42,69,8,0.697,0.106,0.175,0.021,0.073,0.051,0.008,0.013,0.002
125,Colombia,Country,2011,17834906,12590108,2034290,3069881,140628,398,281,45,68,3,0.706,0.114,0.172,0.008,0.07,0.05,0.008,0.012,0.001
125,Colombia,Country,2012,18239787,12719036,2223881,3190057,106813,404,282,49,71,2,0.697,0.122,0.175,0.006,0.07,0.048,0.008,0.012,0
125,Colombia,Country,2013,19986897,13664650,2519669,3312730,489847,440,301,56,73,11,0.684,0.126,0.166,0.025,0.073,0.05,0.009,0.012,0.002
125,Colombia,Country,2014,22101504,14918600,2823968,3413536,945401,484,327,62,75,21,0.675,0.128,0.154,0.043,0.077,0.052,0.01,0.012,0.003
125,Colombia,Country,2015,22466421,15855427,3080653,3502355,27987,489,345,67,76,1,0.706,0.137,0.156,0.001,0.076,0.054,0.01,0.012,0
125,Colombia,Country,2016,22879338,16072609,3213284,3575334,18112,495,348,70,77,0,0.702,0.14,0.156,0.001,0.077,0.054,0.011,0.012,0
125,Colombia,Country,2017,23108385,16165491,3287121,3632916,22856,497,348,71,78,0,0.7,0.142,0.157,0.001,0.077,0.054,0.011,0.012,0
125,Colombia,Country,2018,25486848,18092672,3545146,3745499,103531,541,384,75,80,2,0.71,0.139,0.147,0.004,0.083,0.059,0.012,0.012,0
125,Colombia,Country,2019,25563314,17868562,3762869,3833485,98399,532,372,78,80,2,0.699,0.147,0.15,0.004,0.081,0.056,0.012,0.012,0
125,Colombia,Country,2020,26854042,18789141,3696419,3919651,448831,550,385,76,80,9,0.7,0.138,0.146,0.017,0.092,0.064,0.013,0.013,0.002
125,Colombia,Country,2021,30735417,21958743,4158740,4236365,381569,629,449,85,87,8,0.715,0.135,0.138,0.012,0.095,0.068,0.013,0.013,0.001
125,Colombia,Country,2022,27754826,19267169,4175262,4010669,301727,561,390,84,81,6,0.694,0.15,0.144,0.011,0.08,0.056,0.012,0.012,0.001
176,Comoros,Country,1995,52928,5042,1413,34833,11640,104,10,3,68,23,0.095,0.027,0.657,0.221,0.074,0.007,0.002,0.049,0.016
176,Comoros,Country,1996,45397,4864,1392,35288,3853,87,9,3,68,7,0.107,0.031,0.777,0.085,0.065,0.007,0.002,0.05,0.005
176,Comoros,Country,1997,50054,4960,1408,35857,7829,95,9,3,68,15,0.099,0.028,0.716,0.157,0.068,0.007,0.002,0.049,0.011
176,Comoros,Country,1998,54810,4972,1410,36598,11830,102,9,3,68,22,0.091,0.026,0.667,0.216,0.075,0.007,0.002,0.05,0.016
176,Comoros,Country,1999,45827,4933,1411,37424,2059,84,9,3,69,4,0.108,0.031,0.816,0.045,0.061,0.007,0.002,0.05,0.003
176,Comoros,Country,2000,47147,4810,1404,38540,2393,85,9,3,70,4,0.102,0.03,0.817,0.051,0.061,0.006,0.002,0.05,0.003
176,Comoros,Country,2001,48578,5603,1507,39007,2462,87,10,3,70,4,0.116,0.031,0.803,0.051,0.061,0.007,0.002,0.049,0.003
176,Comoros,Country,2002,53503,6487,1638,40026,5352,94,11,3,70,9,0.121,0.031,0.748,0.1,0.065,0.008,0.002,0.049,0.007
176,Comoros,Country,2003,55187,6194,1647,39722,7624,95,11,3,69,13,0.112,0.03,0.719,0.139,0.066,0.007,0.002,0.048,0.009
176,Comoros,Country,2004,52480,5808,1656,39452,5564,89,10,3,67,9,0.111,0.032,0.751,0.106,0.062,0.007,0.002,0.047,0.007
176,Comoros,Country,2005,49908,5573,1691,39196,3448,84,9,3,66,6,0.112,0.034,0.785,0.069,0.057,0.006,0.002,0.045,0.004
176,Comoros,Country,2006,48313,5368,1711,38214,3021,80,9,3,63,5,0.111,0.035,0.791,0.063,0.055,0.006,0.002,0.043,0.003
176,Comoros,Country,2007,46022,4991,1675,36627,2729,75,8,3,60,4,0.109,0.036,0.796,0.059,0.055,0.006,0.002,0.044,0.003
176,Comoros,Country,2008,44404,4998,1703,35359,2344,71,8,3,57,4,0.113,0.038,0.796,0.053,0.052,0.006,0.002,0.041,0.003
176,Comoros,Country,2009,45317,4624,1663,33978,5052,72,7,3,54,8,0.102,0.037,0.75,0.112,0.051,0.005,0.002,0.038,0.006
176,Comoros,Country,2010,54096,4952,1695,33445,14005,84,8,3,52,22,0.091,0.031,0.618,0.259,0.058,0.005,0.002,0.036,0.015
176,Comoros,Country,2011,50526,6036,1770,33969,8750,78,9,3,52,13,0.119,0.035,0.672,0.173,0.052,0.006,0.002,0.035,0.009
176,Comoros,Country,2012,61808,6828,1688,34640,18653,93,10,3,52,28,0.11,0.027,0.56,0.302,0.062,0.007,0.002,0.035,0.019
176,Comoros,Country,2013,57930,6672,1683,35135,14440,86,10,3,52,22,0.115,0.029,0.606,0.25,0.055,0.006,0.002,0.033,0.014
176,Comoros,Country,2014,52966,6241,1730,35453,9543,78,9,3,52,14,0.118,0.033,0.669,0.181,0.05,0.006,0.002,0.033,0.009
176,Comoros,Country,2015,53979,7043,1970,36269,8697,78,10,3,53,13,0.13,0.036,0.672,0.161,0.05,0.007,0.002,0.034,0.008
176,Comoros,Country,2016,63631,7385,2118,36996,17132,91,11,3,53,25,0.116,0.033,0.581,0.27,0.058,0.007,0.002,0.034,0.016
176,Comoros,Country,2017,56736,8075,2346,38178,8137,80,11,3,54,11,0.142,0.041,0.673,0.144,0.05,0.007,0.002,0.033,0.007
176,Comoros,Country,2018,71571,8943,2621,39196,20812,100,12,4,55,29,0.125,0.037,0.548,0.291,0.061,0.008,0.002,0.033,0.018
176,Comoros,Country,2019,68970,9915,2947,39974,16134,95,14,4,55,22,0.143,0.043,0.58,0.234,0.058,0.008,0.002,0.033,0.013
176,Comoros,Country,2020,93442,15751,3186,45132,29373,127,21,4,61,40,0.168,0.034,0.483,0.315,0.078,0.013,0.003,0.038,0.024
176,Comoros,Country,2021,121602,11920,3427,45070,61185,161,16,5,60,81,0.098,0.028,0.37,0.504,0.098,0.01,0.003,0.036,0.049
176,Comoros,Country,2022,91647,11305,3341,47408,29593,119,15,4,62,39,0.123,0.036,0.517,0.324,0.073,0.009,0.003,0.038,0.024
170,Congo,Country,1995,165131,64187,2671,82515,15757,60,23,1,30,6,0.389,0.016,0.499,0.096,0.02,0.008,0,0.01,0.002
170,Congo,Country,1996,139198,52562,2507,82439,1689,49,18,1,29,1,0.378,0.018,0.592,0.012,0.016,0.006,0,0.01,0
170,Congo,Country,1997,158145,62452,2706,86550,6438,54,21,1,30,2,0.395,0.017,0.547,0.041,0.018,0.007,0,0.01,0.001
170,Congo,Country,1998,166098,65212,2757,90333,7796,56,22,1,30,3,0.393,0.017,0.544,0.047,0.018,0.007,0,0.01,0.001
170,Congo,Country,1999,162516,64982,2743,89799,4992,53,21,1,29,2,0.4,0.017,0.552,0.031,0.018,0.007,0,0.01,0.001
170,Congo,Country,2000,151236,56690,2609,89046,2892,48,18,1,28,1,0.375,0.017,0.588,0.019,0.016,0.006,0,0.009,0
170,Congo,Country,2001,167911,66919,2873,95854,2265,52,21,1,30,1,0.399,0.017,0.571,0.014,0.018,0.007,0,0.01,0
170,Congo,Country,2002,166446,62407,2789,97367,3882,50,19,1,29,1,0.375,0.017,0.584,0.023,0.017,0.006,0,0.01,0
170,Congo,Country,2003,160794,54892,2667,98969,4266,47,16,1,29,1,0.342,0.017,0.615,0.027,0.016,0.006,0,0.01,0
170,Congo,Country,2004,162661,52036,2703,96773,11149,46,15,1,27,3,0.32,0.017,0.594,0.069,0.017,0.005,0,0.01,0.001
170,Congo,Country,2005,160287,52974,2798,94443,10072,44,15,1,26,3,0.331,0.018,0.588,0.063,0.015,0.005,0,0.009,0.001
170,Congo,Country,2006,179698,67796,3193,96649,12060,48,18,1,26,3,0.377,0.018,0.537,0.067,0.016,0.006,0,0.009,0.001
170,Congo,Country,2007,192163,79189,3422,97933,11619,50,21,1,25,3,0.412,0.018,0.509,0.061,0.018,0.008,0,0.009,0.001
170,Congo,Country,2008,211104,85365,3616,100926,21196,53,22,1,25,5,0.404,0.017,0.478,0.101,0.019,0.008,0,0.009,0.002
170,Congo,Country,2009,211294,89036,3579,104394,14285,52,22,1,26,4,0.422,0.017,0.494,0.068,0.017,0.007,0,0.008,0.001
170,Congo,Country,2010,235953,93603,3382,101845,37123,56,22,1,24,9,0.397,0.014,0.431,0.158,0.018,0.007,0,0.008,0.003
170,Congo,Country,2011,244671,107403,3292,99086,34890,57,25,1,23,8,0.439,0.013,0.405,0.143,0.018,0.008,0,0.007,0.003
170,Congo,Country,2012,249568,121414,3955,98795,25405,56,27,1,22,6,0.487,0.016,0.396,0.102,0.017,0.008,0,0.007,0.002
170,Congo,Country,2013,291297,155435,5580,105445,24837,64,34,1,23,5,0.534,0.019,0.362,0.085,0.02,0.01,0,0.007,0.002
170,Congo,Country,2014,319841,178930,8669,117929,14313,69,38,2,25,3,0.559,0.027,0.369,0.045,0.02,0.011,0.001,0.007,0.001
170,Congo,Country,2015,335322,171485,12341,133666,17831,70,36,3,28,4,0.511,0.037,0.399,0.053,0.021,0.011,0.001,0.009,0.001
170,Congo,Country,2016,372265,172242,18200,150679,31144,76,35,4,31,6,0.463,0.049,0.405,0.084,0.026,0.012,0.001,0.01,0.002
170,Congo,Country,2017,338257,138538,20366,149821,29532,68,28,4,30,6,0.41,0.06,0.443,0.087,0.025,0.01,0.001,0.011,0.002
170,Congo,Country,2018,325259,110589,19806,141967,52898,64,22,4,28,10,0.34,0.061,0.436,0.163,0.024,0.008,0.001,0.011,0.004
170,Congo,Country,2019,361944,135137,22744,147539,56524,70,26,4,28,11,0.373,0.063,0.408,0.156,0.027,0.01,0.002,0.011,0.004
170,Congo,Country,2020,555142,227803,110405,140335,76599,105,43,21,26,14,0.411,0.198,0.253,0.138,0.045,0.018,0.009,0.011,0.006
170,Congo,Country,2021,956588,236676,95598,116061,508253,178,44,18,22,95,0.247,0.1,0.121,0.532,0.077,0.019,0.008,0.009,0.041
170,Congo,Country,2022,507731,114688,69802,78294,244947,93,21,13,14,45,0.226,0.137,0.154,0.483,0.04,0.009,0.006,0.006,0.02
320,Cook Islands,Country,1995,5813,4990,2,820,0,303,260,0,43,0,0.857,0,0.142,0,0.028,0.024,0,0.004,0
320,Cook Islands,Country,1996,5991,5141,2,847,0,314,269,0,44,0,0.857,0,0.142,0,0.03,0.025,0,0.004,0
320,Cook Islands,Country,1997,6243,5372,2,870,0,329,283,0,46,0,0.86,0,0.14,0,0.031,0.027,0,0.004,0
320,Cook Islands,Country,1998,6504,5616,2,886,0,346,299,0,47,0,0.863,0,0.137,0,0.032,0.028,0,0.004,0
320,Cook Islands,Country,1999,6675,5775,2,899,0,358,310,0,48,0,0.865,0,0.135,0,0.031,0.027,0,0.004,0
320,Cook Islands,Country,2000,6961,6030,2,930,0,375,325,0,50,0,0.866,0,0.134,0,0.028,0.024,0,0.004,0
320,Cook Islands,Country,2001,7560,6630,2,928,0,407,357,0,50,0,0.877,0,0.123,0,0.028,0.024,0,0.003,0
320,Cook Islands,Country,2002,7925,6998,2,925,0,423,373,0,49,0,0.883,0,0.117,0,0.027,0.024,0,0.003,0
320,Cook Islands,Country,2003,7788,6877,2,910,0,411,363,0,48,0,0.883,0,0.117,0,0.026,0.023,0,0.003,0
320,Cook Islands,Country,2004,7974,7066,2,906,0,415,368,0,47,0,0.886,0,0.114,0,0.025,0.023,0,0.003,0
320,Cook Islands,Country,2005,8375,7475,1,899,0,432,386,0,46,0,0.892,0,0.107,0,0.027,0.024,0,0.003,0
320,Cook Islands,Country,2006,8635,7745,1,889,0,444,398,0,46,0,0.897,0,0.103,0,0.026,0.024,0,0.003,0
320,Cook Islands,Country,2007,8797,7918,1,878,0,455,410,0,45,0,0.9,0,0.1,0,0.027,0.024,0,0.003,0
320,Cook Islands,Country,2008,8761,7915,1,844,0,459,415,0,44,0,0.903,0,0.096,0,0.029,0.026,0,0.003,0
320,Cook Islands,Country,2009,8674,7864,1,809,0,462,419,0,43,0,0.907,0,0.093,0,0.03,0.027,0,0.003,0
320,Cook Islands,Country,2010,9127,8343,1,783,0,494,451,0,42,0,0.914,0,0.086,0,0.034,0.031,0,0.003,0
320,Cook Islands,Country,2011,8923,8168,1,754,0,490,448,0,41,0,0.915,0,0.084,0,0.035,0.032,0,0.003,0
320,Cook Islands,Country,2012,8296,7563,1,732,0,460,419,0,41,0,0.912,0,0.088,0,0.033,0.03,0,0.003,0
320,Cook Islands,Country,2013,8502,7757,1,744,0,474,433,0,41,0,0.912,0,0.087,0,0.034,0.031,0,0.003,0
320,Cook Islands,Country,2014,8308,7557,1,750,0,465,423,0,42,0,0.91,0,0.09,0,0.031,0.028,0,0.003,0
320,Cook Islands,Country,2015,8642,7875,2,766,0,485,442,0,43,0,0.911,0,0.089,0,0.03,0.028,0,0.003,0
320,Cook Islands,Country,2016,9055,8280,1,774,0,509,465,0,43,0,0.914,0,0.085,0,0.03,0.028,0,0.003,0
320,Cook Islands,Country,2017,8384,7650,2,733,0,471,430,0,41,0,0.913,0,0.087,0,0.025,0.023,0,0.002,0
320,Cook Islands,Country,2018,9701,8995,2,704,0,546,506,0,40,0,0.927,0,0.073,0,0.027,0.025,0,0.002,0
320,Cook Islands,Country,2019,10984,10309,1,674,0,618,580,0,38,0,0.939,0,0.061,0,0.028,0.027,0,0.002,0
320,Cook Islands,Country,2020,15423,14753,1,668,0,869,831,0,38,0,0.957,0,0.043,0,0.052,0.049,0,0.002,0
320,Cook Islands,Country,2021,14921,14319,1,601,0,842,808,0,34,0,0.96,0,0.04,0,0.058,0.056,0,0.002,0
320,Cook Islands,Country,2022,16091,15427,2,662,0,906,869,0,37,0,0.959,0,0.041,0,0.047,0.045,0,0.002,0
126,Costa Rica,Country,1995,1734291,1067820,46700,608023,11749,496,305,13,174,3,0.616,0.027,0.351,0.007,0.06,0.037,0.002,0.021,0
126,Costa Rica,Country,1996,1844684,1152622,48701,630456,12906,514,321,14,176,4,0.625,0.026,0.342,0.007,0.063,0.039,0.002,0.022,0
126,Costa Rica,Country,1997,1918042,1203009,49337,649520,16176,522,328,13,177,4,0.627,0.026,0.339,0.008,0.062,0.039,0.002,0.021,0.001
126,Costa Rica,Country,1998,2069465,1320262,50343,678530,20331,551,352,13,181,5,0.638,0.024,0.328,0.01,0.063,0.04,0.002,0.02,0.001
126,Costa Rica,Country,1999,2209244,1428733,51813,704094,24603,577,373,14,184,6,0.647,0.023,0.319,0.011,0.064,0.041,0.002,0.02,0.001
126,Costa Rica,Country,2000,2341494,1517791,53127,736793,33784,600,389,14,189,9,0.648,0.023,0.315,0.014,0.065,0.042,0.001,0.02,0.001
126,Costa Rica,Country,2001,2444973,1610879,52385,768028,13681,616,406,13,193,3,0.659,0.021,0.314,0.006,0.066,0.043,0.001,0.021,0
126,Costa Rica,Country,2002,2667759,1778877,58764,813310,16807,662,442,15,202,4,0.667,0.022,0.305,0.006,0.07,0.046,0.002,0.021,0
126,Costa Rica,Country,2003,2758133,1820757,64414,856356,16606,676,446,16,210,4,0.66,0.023,0.311,0.006,0.069,0.046,0.002,0.022,0
126,Costa Rica,Country,2004,2873350,1894167,67649,900628,10906,695,458,16,218,3,0.659,0.024,0.313,0.004,0.069,0.046,0.002,0.022,0
126,Costa Rica,Country,2005,3007279,1967607,79806,953576,6290,720,471,19,228,2,0.654,0.027,0.317,0.002,0.07,0.046,0.002,0.022,0
126,Costa Rica,Country,2006,3249026,2132416,90125,1016100,10385,769,505,21,241,2,0.656,0.028,0.313,0.003,0.071,0.046,0.002,0.022,0
126,Costa Rica,Country,2007,3514031,2325947,100496,1077833,9755,824,545,24,253,2,0.662,0.029,0.307,0.003,0.071,0.047,0.002,0.022,0
126,Costa Rica,Country,2008,3876132,2624221,111098,1126459,14354,900,609,26,261,3,0.677,0.029,0.291,0.004,0.075,0.051,0.002,0.022,0
126,Costa Rica,Country,2009,4234994,2961143,122900,1140087,10864,974,681,28,262,2,0.699,0.029,0.269,0.003,0.083,0.058,0.002,0.022,0
126,Costa Rica,Country,2010,4564166,3255466,141401,1160703,6597,1040,742,32,264,2,0.713,0.031,0.254,0.001,0.085,0.061,0.003,0.022,0
126,Costa Rica,Country,2011,4598884,3249641,175791,1170098,3354,1039,734,40,264,1,0.707,0.038,0.254,0.001,0.083,0.058,0.003,0.021,0
126,Costa Rica,Country,2012,4691349,3319014,209858,1159591,2886,1051,743,47,260,1,0.707,0.045,0.247,0.001,0.081,0.057,0.004,0.02,0
126,Costa Rica,Country,2013,4872817,3485552,237212,1146491,3561,1082,774,53,255,1,0.715,0.049,0.235,0.001,0.082,0.059,0.004,0.019,0
126,Costa Rica,Country,2014,4914999,3526268,241033,1143733,3966,1082,777,53,252,1,0.717,0.049,0.233,0.001,0.08,0.058,0.004,0.019,0
126,Costa Rica,Country,2015,5037778,3653386,248437,1132247,3707,1100,798,54,247,1,0.725,0.049,0.225,0.001,0.08,0.058,0.004,0.018,0
126,Costa Rica,Country,2016,5226879,3712293,253581,1126084,134921,1133,805,55,244,29,0.71,0.049,0.215,0.026,0.079,0.056,0.004,0.017,0.002
126,Costa Rica,Country,2017,5207560,3798154,267059,1137834,4513,1120,817,57,245,1,0.729,0.051,0.219,0.001,0.076,0.056,0.004,0.017,0
126,Costa Rica,Country,2018,5401663,3785588,274195,1179179,162701,1154,809,59,252,35,0.701,0.051,0.218,0.03,0.077,0.054,0.004,0.017,0.002
126,Costa Rica,Country,2019,5719046,4126341,287274,1223266,82165,1215,877,61,260,17,0.721,0.05,0.214,0.014,0.08,0.058,0.004,0.017,0.001
126,Costa Rica,Country,2020,5861816,4120229,444269,1158607,138711,1239,871,94,245,29,0.703,0.076,0.198,0.024,0.086,0.06,0.007,0.017,0.002
126,Costa Rica,Country,2021,6000199,4194349,544325,1230642,30883,1265,884,115,259,7,0.699,0.091,0.205,0.005,0.082,0.057,0.007,0.017,0
126,Costa Rica,Country,2022,5915026,4058001,507226,1325928,23871,1240,851,106,278,5,0.686,0.086,0.224,0.004,0.077,0.053,0.007,0.017,0
46,Croatia,Country,1995,2859403,2455753,58560,319961,25130,605,520,12,68,5,0.859,0.02,0.112,0.009,0.066,0.056,0.001,0.007,0.001
46,Croatia,Country,1996,2931373,2515034,58972,329139,28228,624,535,13,70,6,0.858,0.02,0.112,0.01,0.063,0.054,0.001,0.007,0.001
46,Croatia,Country,1997,2927534,2500319,59334,346591,21291,627,536,13,74,5,0.854,0.02,0.118,0.007,0.06,0.051,0.001,0.007,0
46,Croatia,Country,1998,3200873,2752500,63575,373929,10869,690,594,14,81,2,0.86,0.02,0.117,0.003,0.064,0.055,0.001,0.007,0
46,Croatia,Country,1999,3437253,2950734,67277,415876,3366,746,641,15,90,1,0.858,0.02,0.121,0.001,0.07,0.06,0.001,0.008,0
46,Croatia,Country,2000,3541454,2985813,69951,480327,5363,774,653,15,105,1,0.843,0.02,0.136,0.002,0.069,0.058,0.001,0.009,0
46,Croatia,Country,2001,3521896,2898616,85799,529535,7946,775,638,19,117,2,0.823,0.024,0.15,0.002,0.065,0.054,0.002,0.01,0
46,Croatia,Country,2002,3529996,2862393,82880,575398,9325,781,634,18,127,2,0.811,0.023,0.163,0.003,0.062,0.05,0.001,0.01,0
46,Croatia,Country,2003,3753121,3047669,82915,609972,12565,835,678,18,136,3,0.812,0.022,0.163,0.003,0.063,0.051,0.001,0.01,0
46,Croatia,Country,2004,4011482,3276831,85271,641558,7822,897,733,19,143,2,0.817,0.021,0.16,0.002,0.065,0.053,0.001,0.01,0
46,Croatia,Country,2005,4282151,3530769,87908,643563,19911,962,793,20,145,4,0.825,0.021,0.15,0.005,0.067,0.055,0.001,0.01,0
46,Croatia,Country,2006,4584561,3796000,96463,664172,27925,1034,856,22,150,6,0.828,0.021,0.145,0.006,0.068,0.057,0.001,0.01,0
46,Croatia,Country,2007,5039677,4231202,105855,701516,1105,1140,957,24,159,0,0.84,0.021,0.139,0,0.072,0.06,0.002,0.01,0
46,Croatia,Country,2008,5255562,4384219,131537,739806,0,1192,995,30,168,0,0.834,0.025,0.141,0,0.073,0.061,0.002,0.01,0
46,Croatia,Country,2009,5382901,4482831,173644,726426,0,1224,1020,39,165,0,0.833,0.032,0.135,0,0.081,0.067,0.003,0.011,0
46,Croatia,Country,2010,5118314,4238948,201538,677828,0,1167,967,46,155,0,0.828,0.039,0.132,0,0.078,0.065,0.003,0.01,0
46,Croatia,Country,2011,4886694,4033064,249077,604552,0,1117,922,57,138,0,0.825,0.051,0.124,0,0.074,0.061,0.004,0.009,0
46,Croatia,Country,2012,4557992,3762042,263148,532802,0,1045,863,60,122,0,0.825,0.058,0.117,0,0.071,0.059,0.004,0.008,0
46,Croatia,Country,2013,4290328,3573432,253085,463811,0,987,822,58,107,0,0.833,0.059,0.108,0,0.067,0.056,0.004,0.007,0
46,Croatia,Country,2014,4230835,3531887,241466,457482,0,976,815,56,106,0,0.835,0.057,0.108,0,0.066,0.055,0.004,0.007,0
46,Croatia,Country,2015,4248396,3534450,250815,463131,0,984,818,58,107,0,0.832,0.059,0.109,0,0.064,0.053,0.004,0.007,0
46,Croatia,Country,2016,4379779,3589749,263543,478837,47649,1018,834,61,111,11,0.82,0.06,0.109,0.011,0.063,0.052,0.004,0.007,0.001
46,Croatia,Country,2017,4434561,3657177,277584,499800,0,1035,853,65,117,0,0.825,0.063,0.113,0,0.062,0.051,0.004,0.007,0
46,Croatia,Country,2018,4691261,3862028,300416,528817,0,1099,905,70,124,0,0.823,0.064,0.113,0,0.063,0.052,0.004,0.007,0
46,Croatia,Country,2019,4894243,4010187,329244,554813,0,1151,943,77,130,0,0.819,0.067,0.113,0,0.063,0.052,0.004,0.007,0
46,Croatia,Country,2020,5097352,4175595,390574,531183,0,1204,986,92,125,0,0.819,0.077,0.104,0,0.071,0.058,0.005,0.007,0
46,Croatia,Country,2021,6035004,5075205,391170,568629,0,1436,1207,93,135,0,0.841,0.065,0.094,0,0.075,0.063,0.005,0.007,0
46,Croatia,Country,2022,5802719,4896654,369445,536620,0,1391,1174,89,129,0,0.844,0.064,0.092,0,0.067,0.057,0.004,0.006,0
109,Cuba,Country,1995,10405317,8810425,854,1593931,106,933,790,0,143,0,0.846,0,0.154,0,0.06,0.051,0,0.009,0
109,Cuba,Country,1996,10824933,9161806,967,1656173,5987,966,818,0,148,1,0.846,0,0.154,0.001,0.058,0.049,0,0.009,0
109,Cuba,Country,1997,11330536,9551352,1022,1771512,6651,1006,848,0,157,1,0.842,0,0.157,0.001,0.059,0.05,0,0.009,0
109,Cuba,Country,1998,11978115,10046098,1036,1926674,4307,1059,888,0,170,0,0.838,0,0.161,0,0.062,0.052,0,0.01,0
109,Cuba,Country,1999,12957963,10808481,1097,2139936,8448,1141,952,0,188,1,0.834,0,0.166,0.001,0.064,0.053,0,0.011,0
109,Cuba,Country,2000,14199441,11726380,1150,2465349,6561,1245,1028,0,216,1,0.825,0,0.174,0,0.066,0.054,0,0.011,0
109,Cuba,Country,2001,15260213,12405668,1164,2847562,5818,1334,1084,0,249,1,0.812,0,0.187,0,0.068,0.056,0,0.013,0
109,Cuba,Country,2002,16673499,13504284,1199,3161150,6866,1453,1177,0,276,1,0.809,0,0.19,0,0.074,0.06,0,0.014,0
109,Cuba,Country,2003,18093447,14689264,1247,3385661,17275,1574,1278,0,295,2,0.811,0,0.188,0.001,0.077,0.063,0,0.014,0
109,Cuba,Country,2004,19848686,16352011,1371,3477750,17553,1726,1422,0,302,2,0.823,0,0.176,0.001,0.08,0.066,0,0.014,0
109,Cuba,Country,2005,24939669,21321212,1285,3605623,11548,2170,1855,0,314,1,0.855,0,0.145,0,0.091,0.078,0,0.013,0
109,Cuba,Country,2006,28292480,24651037,1418,3627968,12058,2464,2146,0,316,1,0.871,0,0.128,0,0.092,0.08,0,0.012,0
109,Cuba,Country,2007,34122263,30448966,1361,3651469,20467,2974,2654,0,318,2,0.892,0,0.107,0.001,0.104,0.093,0,0.011,0
109,Cuba,Country,2008,40398950,36695405,1333,3687905,14307,3523,3200,0,322,1,0.908,0,0.091,0,0.118,0.107,0,0.011,0
109,Cuba,Country,2009,42086178,38287509,1455,3771762,25451,3672,3341,0,329,2,0.91,0,0.09,0.001,0.121,0.111,0,0.011,0
109,Cuba,Country,2010,41101097,37116185,1652,3959346,23914,3587,3239,0,346,2,0.903,0,0.096,0.001,0.116,0.105,0,0.011,0
109,Cuba,Country,2011,41148397,36768404,1793,4360338,17862,3592,3209,0,381,2,0.893,0,0.106,0,0.113,0.101,0,0.012,0
109,Cuba,Country,2012,42962319,38277225,1839,4668640,14616,3750,3341,0,408,1,0.891,0,0.109,0,0.115,0.102,0,0.012,0
109,Cuba,Country,2013,44204032,39276295,1882,4909916,15939,3860,3430,0,429,1,0.888,0,0.111,0,0.115,0.102,0,0.013,0
109,Cuba,Country,2014,46764407,41721447,1903,5032473,8584,4086,3645,0,440,1,0.892,0,0.108,0,0.12,0.107,0,0.013,0
109,Cuba,Country,2015,50896697,45657932,1808,5222660,14296,4450,3992,0,457,1,0.897,0,0.103,0,0.125,0.112,0,0.013,0
109,Cuba,Country,2016,51063545,45756686,1817,5292566,12476,4470,4005,0,463,1,0.896,0,0.104,0,0.125,0.112,0,0.013,0
109,Cuba,Country,2017,51351552,46001206,1800,5335786,12759,4502,4033,0,468,1,0.896,0,0.104,0,0.123,0.11,0,0.013,0
109,Cuba,Country,2018,50413181,45013433,1875,5368807,29066,4427,3953,0,471,3,0.893,0,0.107,0.001,0.118,0.106,0,0.013,0
109,Cuba,Country,2019,49463066,44087414,1855,5354045,19752,4353,3880,0,471,2,0.891,0,0.108,0,0.116,0.104,0,0.013,0
109,Cuba,Country,2020,49099254,44671169,1696,4395808,30580,4333,3943,0,388,3,0.91,0,0.09,0.001,0.13,0.118,0,0.012,0
109,Cuba,Country,2021,55049279,50359430,1798,4634040,54011,4872,4457,0,410,5,0.915,0,0.084,0.001,0.143,0.131,0,0.012,0
109,Cuba,Country,2022,47945459,42545330,1848,5354312,43969,4263,3783,0,476,4,0.887,0,0.112,0.001,0.123,0.109,0,0.014,0
77,Cyprus,Country,1995,655666,230147,13959,411560,0,773,271,16,485,0,0.351,0.021,0.628,0,0.039,0.014,0.001,0.024,0
77,Cyprus,Country,1996,707229,253652,16256,437322,0,820,294,19,507,0,0.358,0.023,0.619,0,0.042,0.015,0.001,0.026,0
77,Cyprus,Country,1997,761336,284614,19265,457457,0,869,325,22,522,0,0.374,0.025,0.601,0,0.044,0.016,0.001,0.026,0
77,Cyprus,Country,1998,813894,319008,23162,471724,0,915,359,26,530,0,0.392,0.028,0.58,0,0.044,0.017,0.001,0.026,0
77,Cyprus,Country,1999,864868,347494,29727,487646,0,957,385,33,540,0,0.402,0.034,0.564,0,0.044,0.018,0.002,0.025,0
77,Cyprus,Country,2000,920928,377053,32955,510920,0,1003,411,36,556,0,0.409,0.036,0.555,0,0.045,0.018,0.002,0.025,0
77,Cyprus,Country,2001,975251,407892,38451,528908,0,1044,437,41,566,0,0.418,0.039,0.542,0,0.045,0.019,0.002,0.025,0
77,Cyprus,Country,2002,1033501,443699,48663,541139,0,1087,467,51,569,0,0.429,0.047,0.524,0,0.046,0.02,0.002,0.024,0
77,Cyprus,Country,2003,1096256,479818,71484,544954,0,1132,495,74,563,0,0.438,0.065,0.497,0,0.047,0.021,0.003,0.024,0
77,Cyprus,Country,2004,1113125,474537,85658,552929,0,1127,480,87,560,0,0.426,0.077,0.497,0,0.046,0.019,0.004,0.023,0
77,Cyprus,Country,2005,1172765,501687,95196,575881,0,1163,498,94,571,0,0.428,0.081,0.491,0,0.046,0.02,0.004,0.022,0
77,Cyprus,Country,2006,1234417,527721,99677,607019,0,1199,512,97,589,0,0.427,0.081,0.492,0,0.046,0.02,0.004,0.022,0
77,Cyprus,Country,2007,1302858,552112,101232,649514,0,1239,525,96,617,0,0.424,0.078,0.499,0,0.046,0.019,0.004,0.023,0
77,Cyprus,Country,2008,1416749,601989,108485,706275,0,1318,560,101,657,0,0.425,0.077,0.499,0,0.048,0.02,0.004,0.024,0
77,Cyprus,Country,2009,1524607,673466,123579,727562,0,1388,613,113,662,0,0.442,0.081,0.477,0,0.053,0.023,0.004,0.025,0
77,Cyprus,Country,2010,1554154,701420,144350,708384,0,1385,625,129,631,0,0.451,0.093,0.456,0,0.053,0.024,0.005,0.024,0
77,Cyprus,Country,2011,1559001,716487,158375,684139,0,1362,626,138,598,0,0.46,0.102,0.439,0,0.053,0.024,0.005,0.023,0
77,Cyprus,Country,2012,1537332,703986,166309,667037,0,1316,603,142,571,0,0.458,0.108,0.434,0,0.054,0.025,0.006,0.023,0
77,Cyprus,Country,2013,1517804,687302,171683,658820,0,1275,577,144,553,0,0.453,0.113,0.434,0,0.056,0.025,0.006,0.024,0
77,Cyprus,Country,2014,1541441,692287,182465,666689,0,1271,571,150,550,0,0.449,0.118,0.433,0,0.057,0.026,0.007,0.025,0
77,Cyprus,Country,2015,1529230,657705,193645,677880,0,1238,533,157,549,0,0.43,0.127,0.443,0,0.054,0.023,0.007,0.024,0
77,Cyprus,Country,2016,1580155,668459,206325,705371,0,1257,532,164,561,0,0.423,0.131,0.446,0,0.052,0.022,0.007,0.023,0
77,Cyprus,Country,2017,1666281,717395,217648,731238,0,1303,561,170,572,0,0.43,0.131,0.439,0,0.051,0.022,0.007,0.022,0
77,Cyprus,Country,2018,1883775,891690,237350,754736,0,1450,686,183,581,0,0.473,0.126,0.401,0,0.054,0.026,0.007,0.022,0
77,Cyprus,Country,2019,1958896,980508,240809,737579,0,1485,743,183,559,0,0.501,0.123,0.377,0,0.053,0.027,0.007,0.02,0
77,Cyprus,Country,2020,2352036,1666298,158371,527366,0,1757,1245,118,394,0,0.708,0.067,0.224,0,0.066,0.046,0.004,0.015,0
77,Cyprus,Country,2021,2815301,2307832,118599,388870,0,2086,1710,88,288,0,0.82,0.042,0.138,0,0.071,0.058,0.003,0.01,0
77,Cyprus,Country,2022,2771133,2260907,114241,395986,0,2031,1657,84,290,0,0.816,0.041,0.143,0,0.065,0.053,0.003,0.009,0
47,Czechia,Country,1995,10845992,9605621,191245,1049126,0,1056,935,19,102,0,0.886,0.018,0.097,0,0.059,0.052,0.001,0.006,0
47,Czechia,Country,1996,10179040,8937831,188246,1052934,29,993,872,18,103,0,0.878,0.018,0.103,0,0.053,0.047,0.001,0.006,0
47,Czechia,Country,1997,10380483,9121115,191496,1067814,58,1013,890,19,104,0,0.879,0.018,0.103,0,0.055,0.048,0.001,0.006,0
47,Czechia,Country,1998,10536493,9266458,193728,1076220,87,1030,905,19,105,0,0.879,0.018,0.102,0,0.056,0.049,0.001,0.006,0
47,Czechia,Country,1999,10725116,9434072,195833,1095130,82,1048,922,19,107,0,0.88,0.018,0.102,0,0.056,0.049,0.001,0.006,0
47,Czechia,Country,2000,11146635,9801995,200125,1144492,22,1090,958,20,112,0,0.879,0.018,0.103,0,0.056,0.049,0.001,0.006,0
47,Czechia,Country,2001,12078910,10613848,240586,1224449,27,1181,1037,24,120,0,0.879,0.02,0.101,0,0.058,0.051,0.001,0.006,0
47,Czechia,Country,2002,12917665,11336019,278769,1302862,15,1262,1107,27,127,0,0.878,0.022,0.101,0,0.061,0.054,0.001,0.006,0
47,Czechia,Country,2003,14481035,12723901,329316,1427789,29,1413,1241,32,139,0,0.879,0.023,0.099,0,0.067,0.059,0.002,0.007,0
47,Czechia,Country,2004,14176709,12272639,355616,1548277,177,1381,1195,35,151,0,0.866,0.025,0.109,0,0.062,0.054,0.002,0.007,0
47,Czechia,Country,2005,15139454,12964151,437628,1737675,0,1471,1260,43,169,0,0.856,0.029,0.115,0,0.062,0.053,0.002,0.007,0
47,Czechia,Country,2006,15812082,13377919,457843,1976319,0,1532,1296,44,191,0,0.846,0.029,0.125,0,0.061,0.052,0.002,0.008,0
47,Czechia,Country,2007,16479483,13731178,451566,2296738,0,1591,1326,44,222,0,0.833,0.027,0.139,0,0.06,0.05,0.002,0.008,0
47,Czechia,Country,2008,17660685,14569235,439791,2651659,0,1698,1401,42,255,0,0.825,0.025,0.15,0,0.063,0.052,0.002,0.009,0
47,Czechia,Country,2009,19488862,16236027,395351,2857484,0,1867,1555,38,274,0,0.833,0.02,0.147,0,0.073,0.061,0.001,0.011,0
47,Czechia,Country,2010,20107755,16849795,337783,2920177,0,1920,1609,32,279,0,0.838,0.017,0.145,0,0.074,0.062,0.001,0.011,0
47,Czechia,Country,2011,20550650,17272078,321906,2956667,0,1957,1645,31,282,0,0.84,0.016,0.144,0,0.074,0.062,0.001,0.011,0
47,Czechia,Country,2012,21119243,17805015,338611,2975618,0,2007,1692,32,283,0,0.843,0.016,0.141,0,0.077,0.065,0.001,0.011,0
47,Czechia,Country,2013,20557393,17384383,221100,2951909,0,1950,1649,21,280,0,0.846,0.011,0.144,0,0.075,0.063,0.001,0.011,0
47,Czechia,Country,2014,21029130,17750973,256533,3021624,0,1991,1681,24,286,0,0.844,0.012,0.144,0,0.074,0.063,0.001,0.011,0
47,Czechia,Country,2015,21681964,18311056,268412,3102496,0,2049,1731,25,293,0,0.845,0.012,0.143,0,0.073,0.062,0.001,0.01,0
47,Czechia,Country,2016,22051611,18590627,279992,3180992,0,2080,1754,26,300,0,0.843,0.013,0.144,0,0.073,0.061,0.001,0.01,0
47,Czechia,Country,2017,22857781,19271907,292631,3293244,0,2153,1815,28,310,0,0.843,0.013,0.144,0,0.072,0.06,0.001,0.01,0
47,Czechia,Country,2018,24331083,20591933,297206,3441943,0,2288,1936,28,324,0,0.846,0.012,0.141,0,0.074,0.063,0.001,0.01,0
47,Czechia,Country,2019,25389092,21492955,299410,3596726,0,2385,2019,28,338,0,0.847,0.012,0.142,0,0.075,0.063,0.001,0.011,0
47,Czechia,Country,2020,28801019,25341311,275395,3184313,0,2705,2380,26,299,0,0.88,0.01,0.111,0,0.09,0.079,0.001,0.01,0
47,Czechia,Country,2021,30576868,26449707,308141,3819019,0,2887,2498,29,361,0,0.865,0.01,0.125,0,0.091,0.079,0.001,0.011,0
47,Czechia,Country,2022,29092888,24664692,270529,4157667,0,2752,2333,26,393,0,0.848,0.009,0.143,0,0.086,0.073,0.001,0.012,0
205,Côte d'Ivoire,Country,1995,1059716,184621,104132,633095,137867,73,13,7,43,9,0.175,0.098,0.597,0.131,0.043,0.008,0.004,0.026,0.006
205,Côte d'Ivoire,Country,1996,1061717,208177,109977,666343,77221,70,14,7,44,5,0.196,0.103,0.627,0.073,0.041,0.008,0.004,0.025,0.003
205,Côte d'Ivoire,Country,1997,1093873,228518,119125,703999,42230,70,15,8,45,3,0.209,0.109,0.643,0.039,0.039,0.008,0.004,0.025,0.002
205,Côte d'Ivoire,Country,1998,1153010,231829,123681,748124,49376,72,14,8,47,3,0.201,0.107,0.649,0.043,0.04,0.008,0.004,0.026,0.002
205,Côte d'Ivoire,Country,1999,1214040,224082,120756,816119,53084,74,14,7,49,3,0.185,0.099,0.672,0.044,0.041,0.008,0.004,0.028,0.002
205,Côte d'Ivoire,Country,2000,1235675,204070,105837,905399,20368,73,12,6,53,1,0.165,0.085,0.733,0.017,0.043,0.007,0.004,0.031,0.001
205,Côte d'Ivoire,Country,2001,1249727,178973,96741,949376,24637,72,10,6,55,1,0.143,0.077,0.759,0.02,0.044,0.006,0.003,0.033,0.001
205,Côte d'Ivoire,Country,2002,1320798,188610,97574,977815,56799,74,11,5,55,3,0.143,0.074,0.74,0.043,0.047,0.007,0.003,0.035,0.002
205,Côte d'Ivoire,Country,2003,1305796,180273,95691,979921,49911,71,10,5,54,3,0.138,0.073,0.75,0.038,0.048,0.007,0.004,0.036,0.002
205,Côte d'Ivoire,Country,2004,1347084,188333,99349,994647,64754,72,10,5,53,3,0.14,0.074,0.738,0.048,0.049,0.007,0.004,0.036,0.002
205,Côte d'Ivoire,Country,2005,1346781,190470,103122,988229,64960,70,10,5,52,3,0.142,0.077,0.733,0.048,0.048,0.007,0.004,0.035,0.002
205,Côte d'Ivoire,Country,2006,1399246,205554,112285,982122,99284,71,10,6,50,5,0.147,0.08,0.702,0.071,0.049,0.007,0.004,0.034,0.003
205,Côte d'Ivoire,Country,2007,1424849,224621,126772,976449,97007,71,11,6,49,5,0.158,0.089,0.685,0.068,0.049,0.008,0.004,0.034,0.003
205,Côte d'Ivoire,Country,2008,1537759,237671,149398,966592,184099,75,12,7,47,9,0.154,0.097,0.628,0.12,0.051,0.008,0.005,0.032,0.006
205,Côte d'Ivoire,Country,2009,1570365,254989,205887,971554,137934,75,12,10,46,7,0.162,0.131,0.619,0.088,0.051,0.008,0.007,0.031,0.004
205,Côte d'Ivoire,Country,2010,1706379,264339,239446,962022,240573,79,12,11,45,11,0.155,0.14,0.564,0.141,0.052,0.008,0.007,0.029,0.007
205,Côte d'Ivoire,Country,2011,1525599,241570,235433,912312,136284,69,11,11,41,6,0.158,0.154,0.598,0.089,0.048,0.008,0.007,0.029,0.004
205,Côte d'Ivoire,Country,2012,1626295,292726,255726,905656,172187,72,13,11,40,8,0.18,0.157,0.557,0.106,0.046,0.008,0.007,0.025,0.005
205,Côte d'Ivoire,Country,2013,1644736,312974,258972,871978,200813,71,14,11,38,9,0.19,0.157,0.53,0.122,0.041,0.008,0.006,0.022,0.005
205,Côte d'Ivoire,Country,2014,1707814,339029,271473,827259,270053,72,14,11,35,11,0.198,0.159,0.484,0.158,0.039,0.008,0.006,0.019,0.006
205,Côte d'Ivoire,Country,2015,1671038,396699,306348,767355,200636,69,16,13,32,8,0.237,0.183,0.459,0.12,0.034,0.008,0.006,0.016,0.004
205,Côte d'Ivoire,Country,2016,1879095,456960,337794,741303,343038,76,18,14,30,14,0.243,0.18,0.394,0.183,0.036,0.009,0.007,0.014,0.007
205,Côte d'Ivoire,Country,2017,1967443,518794,364464,738224,345962,78,20,14,29,14,0.264,0.185,0.375,0.176,0.036,0.009,0.007,0.013,0.006
205,Côte d'Ivoire,Country,2018,2108723,559765,383859,743990,421109,81,22,15,29,16,0.265,0.182,0.353,0.2,0.036,0.01,0.007,0.013,0.007
205,Côte d'Ivoire,Country,2019,2153261,612519,415428,769300,356015,81,23,16,29,13,0.285,0.193,0.357,0.165,0.035,0.01,0.007,0.013,0.006
205,Côte d'Ivoire,Country,2020,2597323,868242,424421,749782,554878,95,32,16,28,20,0.334,0.163,0.289,0.214,0.042,0.014,0.007,0.012,0.009
205,Côte d'Ivoire,Country,2021,3130500,1115348,423448,739779,851925,113,40,15,27,31,0.356,0.135,0.236,0.272,0.048,0.017,0.006,0.011,0.013
205,Côte d'Ivoire,Country,2022,2805996,1019150,456696,796058,534092,98,36,16,28,19,0.363,0.163,0.284,0.19,0.04,0.015,0.007,0.011,0.008
7,Democratic People's Republic of Korea,Country,1995,864828,443499,13857,407472,0,39,20,1,18,0,0.514,0.016,0.47,0,0.056,0.029,0.001,0.026,0
7,Democratic People's Republic of Korea,Country,1996,830438,422659,12825,394954,0,37,19,1,18,0,0.51,0.016,0.474,0,0.056,0.028,0.001,0.027,0
7,Democratic People's Republic of Korea,Country,1997,810459,412841,11774,385844,0,36,18,1,17,0,0.511,0.015,0.474,0,0.058,0.03,0.001,0.028,0
7,Democratic People's Republic of Korea,Country,1998,812056,417809,10877,382405,965,35,18,0,17,0,0.516,0.014,0.469,0.001,0.059,0.03,0.001,0.028,0
7,Democratic People's Republic of Korea,Country,1999,824617,429733,10117,383993,773,36,19,0,17,0,0.523,0.012,0.464,0.001,0.056,0.029,0.001,0.026,0
7,Democratic People's Republic of Korea,Country,2000,835819,440050,9326,386443,0,36,19,0,17,0,0.528,0.011,0.461,0,0.057,0.03,0.001,0.026,0
7,Democratic People's Republic of Korea,Country,2001,852120,451970,8993,390771,387,36,19,0,17,0,0.532,0.011,0.457,0,0.056,0.03,0.001,0.026,0
7,Democratic People's Republic of Korea,Country,2002,869595,463523,8991,395122,1960,37,19,0,17,0,0.534,0.01,0.453,0.002,0.056,0.03,0.001,0.025,0
7,Democratic People's Republic of Korea,Country,2003,887230,476393,9218,399560,2060,37,20,0,17,0,0.538,0.01,0.449,0.002,0.056,0.03,0.001,0.025,0
7,Democratic People's Republic of Korea,Country,2004,905978,489627,9574,403786,2991,37,20,0,17,0,0.541,0.011,0.445,0.003,0.056,0.03,0.001,0.025,0
7,Democratic People's Republic of Korea,Country,2005,930397,504816,10000,409194,6387,38,21,0,17,0,0.543,0.011,0.439,0.007,0.055,0.03,0.001,0.024,0
7,Democratic People's Republic of Korea,Country,2006,940704,513004,10333,410803,6565,38,21,0,17,0,0.546,0.011,0.436,0.007,0.056,0.031,0.001,0.025,0
7,Democratic People's Republic of Korea,Country,2007,942867,518743,10640,410508,2976,38,21,0,16,0,0.551,0.011,0.435,0.003,0.057,0.031,0.001,0.025,0
7,Democratic People's Republic of Korea,Country,2008,957948,529617,11129,412361,4842,38,21,0,16,0,0.553,0.012,0.43,0.005,0.056,0.031,0.001,0.024,0
7,Democratic People's Republic of Korea,Country,2009,975290,539999,11561,413109,10622,39,21,0,16,0,0.554,0.012,0.423,0.011,0.057,0.032,0.001,0.024,0.001
7,Democratic People's Republic of Korea,Country,2010,978412,547720,11891,412517,6285,39,22,0,16,0,0.56,0.012,0.421,0.007,0.058,0.032,0.001,0.024,0
7,Democratic People's Republic of Korea,Country,2011,982526,554569,12126,412098,3733,39,22,0,16,0,0.564,0.012,0.419,0.004,0.057,0.032,0.001,0.024,0
7,Democratic People's Republic of Korea,Country,2012,993874,560463,12336,412047,9028,39,22,0,16,0,0.564,0.013,0.414,0.009,0.057,0.032,0.001,0.024,0.001
7,Democratic People's Republic of Korea,Country,2013,995090,564835,12489,412083,5683,39,22,0,16,0,0.567,0.013,0.414,0.006,0.057,0.032,0.001,0.024,0
7,Democratic People's Republic of Korea,Country,2014,1003226,570187,12627,412707,7705,39,22,0,16,0,0.568,0.013,0.411,0.008,0.057,0.032,0.001,0.023,0
7,Democratic People's Republic of Korea,Country,2015,1018852,573411,12628,411446,21366,39,22,0,16,1,0.562,0.013,0.404,0.021,0.058,0.033,0.001,0.024,0.001
7,Democratic People's Republic of Korea,Country,2016,1011483,579215,12701,409886,9680,39,22,0,16,0,0.572,0.013,0.405,0.01,0.056,0.032,0.001,0.023,0.001
7,Democratic People's Republic of Korea,Country,2017,1030577,583238,12655,406487,28196,39,22,0,16,1,0.565,0.012,0.395,0.028,0.059,0.033,0.001,0.023,0.002
7,Democratic People's Republic of Korea,Country,2018,1013749,584986,12434,401487,14843,39,22,0,15,1,0.576,0.012,0.397,0.015,0.061,0.035,0.001,0.024,0.001
7,Democratic People's Republic of Korea,Country,2019,1013211,588506,12264,397226,15215,39,22,0,15,1,0.58,0.012,0.393,0.015,0.06,0.035,0.001,0.024,0.001
7,Democratic People's Republic of Korea,Country,2020,1011732,588708,12056,390898,20070,38,22,0,15,1,0.581,0.012,0.387,0.02,0.063,0.037,0.001,0.024,0.001
7,Democratic People's Republic of Korea,Country,2021,987776,587810,11866,383545,4554,38,22,0,15,0,0.594,0.012,0.389,0.005,0.062,0.037,0.001,0.024,0
7,Democratic People's Republic of Korea,Country,2022,986479,592231,11799,379646,2803,37,22,0,14,0,0.6,0.012,0.385,0.003,0.062,0.037,0.001,0.024,0
171,Democratic Republic of the Congo,Country,1995,899052,34681,55331,784313,24727,21,1,1,18,1,0.039,0.062,0.87,0.028,0.037,0.001,0.002,0.032,0.001
171,Democratic Republic of the Congo,Country,1996,893366,33718,54718,750410,54520,20,1,1,17,1,0.038,0.062,0.838,0.062,0.037,0.001,0.002,0.031,0.002
171,Democratic Republic of the Congo,Country,1997,863821,34931,56573,733926,38392,19,1,1,16,1,0.041,0.066,0.848,0.045,0.038,0.002,0.002,0.032,0.002
171,Democratic Republic of the Congo,Country,1998,809358,33221,56975,681149,38013,17,1,1,14,1,0.042,0.071,0.84,0.048,0.037,0.001,0.003,0.031,0.002
171,Democratic Republic of the Congo,Country,1999,659725,25804,53006,534128,46788,14,1,1,11,1,0.04,0.081,0.808,0.072,0.031,0.001,0.002,0.025,0.002
171,Democratic Republic of the Congo,Country,2000,473029,19263,46645,352047,55074,9,0,1,7,1,0.041,0.099,0.742,0.118,0.024,0.001,0.002,0.018,0.003
171,Democratic Republic of the Congo,Country,2001,499643,24793,51145,364733,58972,10,0,1,7,1,0.05,0.102,0.728,0.12,0.026,0.001,0.003,0.019,0.003
171,Democratic Republic of the Congo,Country,2002,515370,24118,49140,379445,62666,10,0,1,7,1,0.047,0.095,0.734,0.123,0.026,0.001,0.002,0.019,0.003
171,Democratic Republic of the Congo,Country,2003,677816,44429,62854,467131,103402,12,1,1,9,2,0.066,0.093,0.687,0.154,0.033,0.002,0.003,0.022,0.005
171,Democratic Republic of the Congo,Country,2004,743893,43999,62449,518386,119059,13,1,1,9,2,0.06,0.084,0.695,0.162,0.033,0.002,0.003,0.023,0.005
171,Democratic Republic of the Congo,Country,2005,861037,48521,66061,544383,202072,15,1,1,9,3,0.057,0.077,0.63,0.237,0.036,0.002,0.003,0.023,0.008
171,Democratic Republic of the Congo,Country,2006,884737,53580,69349,552056,209752,15,1,1,9,4,0.061,0.078,0.622,0.239,0.035,0.002,0.003,0.022,0.008
171,Democratic Republic of the Congo,Country,2007,878214,60779,73255,540389,203791,14,1,1,9,3,0.069,0.083,0.614,0.233,0.033,0.002,0.003,0.02,0.008
171,Democratic Republic of the Congo,Country,2008,1385088,74474,78487,518263,713864,22,1,1,8,11,0.054,0.056,0.374,0.516,0.049,0.003,0.003,0.018,0.025
171,Democratic Republic of the Congo,Country,2009,1177248,95771,83761,491267,506449,18,1,1,8,8,0.081,0.071,0.417,0.431,0.041,0.003,0.003,0.017,0.017
171,Democratic Republic of the Congo,Country,2010,1178134,127110,88317,462019,500688,18,2,1,7,7,0.108,0.074,0.392,0.426,0.038,0.004,0.003,0.015,0.016
171,Democratic Republic of the Congo,Country,2011,1199404,137027,81446,453206,527725,17,2,1,7,8,0.114,0.067,0.378,0.441,0.036,0.004,0.002,0.014,0.016
171,Democratic Republic of the Congo,Country,2012,1405681,165404,88942,489250,662085,20,2,1,7,9,0.118,0.063,0.348,0.472,0.04,0.005,0.003,0.014,0.019
171,Democratic Republic of the Congo,Country,2013,1568682,176908,97393,534452,759929,21,2,1,7,10,0.113,0.062,0.341,0.485,0.041,0.005,0.003,0.014,0.02
171,Democratic Republic of the Congo,Country,2014,1616102,210473,114522,601072,690034,22,3,2,8,9,0.13,0.07,0.372,0.427,0.039,0.005,0.003,0.014,0.017
171,Democratic Republic of the Congo,Country,2015,2166542,255219,130703,662992,1117628,28,3,2,9,14,0.118,0.06,0.306,0.516,0.049,0.006,0.003,0.015,0.025
171,Democratic Republic of the Congo,Country,2016,1903392,251158,138135,705104,808996,24,3,2,9,10,0.132,0.072,0.371,0.425,0.043,0.006,0.003,0.016,0.018
171,Democratic Republic of the Congo,Country,2017,2003842,213473,133095,712235,945039,25,3,2,9,12,0.107,0.066,0.356,0.472,0.044,0.005,0.003,0.016,0.021
171,Democratic Republic of the Congo,Country,2018,2231373,249074,141067,723642,1117590,27,3,2,9,13,0.112,0.063,0.324,0.501,0.046,0.005,0.003,0.015,0.023
171,Democratic Republic of the Congo,Country,2019,2604716,290429,148376,739192,1426719,30,3,2,9,17,0.112,0.057,0.284,0.548,0.052,0.006,0.003,0.015,0.029
171,Democratic Republic of the Congo,Country,2020,3060017,341947,162398,860504,1695168,35,4,2,10,19,0.112,0.053,0.281,0.554,0.061,0.007,0.003,0.017,0.034
171,Democratic Republic of the Congo,Country,2021,2813407,353840,154512,827494,1477562,31,4,2,9,16,0.126,0.055,0.294,0.525,0.053,0.007,0.003,0.016,0.028
171,Democratic Republic of the Congo,Country,2022,2816176,430931,152719,865339,1367186,30,5,2,9,15,0.153,0.054,0.307,0.486,0.049,0.008,0.003,0.015,0.024
78,Denmark,Country,1995,19076286,15505342,242987,3327957,0,3650,2967,46,637,0,0.813,0.013,0.174,0,0.075,0.061,0.001,0.013,0
78,Denmark,Country,1996,19672777,15977521,267078,3428178,0,3748,3044,51,653,0,0.812,0.014,0.174,0,0.076,0.061,0.001,0.013,0
78,Denmark,Country,1997,20312051,16505269,290510,3516271,0,3853,3131,55,667,0,0.813,0.014,0.173,0,0.076,0.062,0.001,0.013,0
78,Denmark,Country,1998,21450674,17543004,320378,3587293,0,4052,3314,61,678,0,0.818,0.015,0.167,0,0.078,0.064,0.001,0.013,0
78,Denmark,Country,1999,22941100,18948352,345821,3646926,0,4316,3565,65,686,0,0.826,0.015,0.159,0,0.081,0.067,0.001,0.013,0
78,Denmark,Country,2000,23937123,19887237,361998,3687889,0,4487,3728,68,691,0,0.831,0.015,0.154,0,0.081,0.068,0.001,0.013,0
78,Denmark,Country,2001,24992114,20868287,373337,3750490,0,4668,3898,70,701,0,0.835,0.015,0.15,0,0.084,0.07,0.001,0.013,0
78,Denmark,Country,2002,25858050,21653168,386076,3818806,0,4815,4032,72,711,0,0.837,0.015,0.148,0,0.087,0.073,0.001,0.013,0
78,Denmark,Country,2003,26761459,22438601,405503,3917356,0,4969,4166,75,727,0,0.838,0.015,0.146,0,0.089,0.075,0.001,0.013,0
78,Denmark,Country,2004,27732502,23231202,427872,4073428,0,5134,4300,79,754,0,0.838,0.015,0.147,0,0.09,0.076,0.001,0.013,0
78,Denmark,Country,2005,28612297,23950110,448644,4213543,0,5280,4419,83,777,0,0.837,0.016,0.147,0,0.091,0.076,0.001,0.013,0
78,Denmark,Country,2006,29677508,24847978,482971,4346560,0,5457,4569,89,799,0,0.837,0.016,0.146,0,0.091,0.076,0.001,0.013,0
78,Denmark,Country,2007,30569817,25617930,526265,4425622,0,5598,4692,96,810,0,0.838,0.017,0.145,0,0.093,0.078,0.002,0.013,0
78,Denmark,Country,2008,31294752,26264982,572720,4457050,0,5706,4789,104,813,0,0.839,0.018,0.142,0,0.095,0.08,0.002,0.014,0
78,Denmark,Country,2009,33366856,28196831,630548,4539478,0,6056,5118,114,824,0,0.845,0.019,0.136,0,0.107,0.09,0.002,0.015,0
78,Denmark,Country,2010,33460568,28179037,678577,4602953,0,6045,5091,123,832,0,0.842,0.02,0.138,0,0.106,0.089,0.002,0.015,0
78,Denmark,Country,2011,33368744,28041758,711616,4615371,0,6001,5043,128,830,0,0.84,0.021,0.138,0,0.104,0.087,0.002,0.014,0
78,Denmark,Country,2012,33972649,28672040,729031,4571578,0,6082,5133,131,818,0,0.844,0.021,0.135,0,0.106,0.089,0.002,0.014,0
78,Denmark,Country,2013,33554108,28311956,734220,4507932,0,5980,5045,131,803,0,0.844,0.022,0.134,0,0.103,0.087,0.002,0.014,0
78,Denmark,Country,2014,34109885,28802260,758085,4549539,0,6047,5106,134,807,0,0.844,0.022,0.133,0,0.103,0.087,0.002,0.014,0
78,Denmark,Country,2015,35026449,29550963,793405,4682080,0,6174,5209,140,825,0,0.844,0.023,0.134,0,0.104,0.088,0.002,0.014,0
78,Denmark,Country,2016,35596543,29946831,821834,4827878,0,6237,5247,144,846,0,0.841,0.023,0.136,0,0.103,0.086,0.002,0.014,0
78,Denmark,Country,2017,36098115,30276165,853322,4968628,0,6288,5273,149,865,0,0.839,0.024,0.138,0,0.101,0.085,0.002,0.014,0
78,Denmark,Country,2018,37151550,31148567,898034,5104950,0,6436,5396,156,884,0,0.838,0.024,0.137,0,0.102,0.086,0.002,0.014,0
78,Denmark,Country,2019,37766142,31615402,938809,5211930,0,6511,5451,162,899,0,0.837,0.025,0.138,0,0.102,0.085,0.003,0.014,0
78,Denmark,Country,2020,38659886,32558027,889730,5212130,0,6635,5587,153,894,0,0.842,0.023,0.135,0,0.106,0.089,0.002,0.014,0
78,Denmark,Country,2021,41378703,35160531,913371,5304801,0,7024,5968,155,900,0,0.85,0.022,0.128,0,0.105,0.089,0.002,0.013,0
78,Denmark,Country,2022,37163558,31426429,854187,4882942,0,6276,5307,144,825,0,0.846,0.023,0.131,0,0.093,0.079,0.002,0.012,0
177,Djibouti,Country,1995,41594,14858,393,17226,9117,83,30,1,34,18,0.357,0.009,0.413,0.22,0.05,0.018,0,0.021,0.011
177,Djibouti,Country,1996,35020,14541,393,17461,2626,68,28,1,34,5,0.415,0.011,0.498,0.075,0.044,0.018,0,0.022,0.003
177,Djibouti,Country,1997,50500,16261,420,18186,15633,94,30,1,34,29,0.322,0.008,0.36,0.311,0.061,0.02,0.001,0.022,0.019
177,Djibouti,Country,1998,55156,17539,441,19123,18053,98,31,1,34,32,0.317,0.008,0.346,0.328,0.066,0.021,0.001,0.023,0.022
177,Djibouti,Country,1999,46417,18928,465,20251,6773,78,32,1,34,11,0.407,0.01,0.436,0.147,0.053,0.022,0.001,0.023,0.008
177,Djibouti,Country,2000,46396,19368,479,21045,5504,75,31,1,34,9,0.417,0.01,0.453,0.119,0.052,0.022,0.001,0.023,0.006
177,Djibouti,Country,2001,41752,18376,467,21400,1509,65,28,1,33,2,0.44,0.011,0.512,0.036,0.045,0.02,0.001,0.023,0.002
177,Djibouti,Country,2002,46025,20181,478,21812,3555,68,30,1,32,5,0.438,0.01,0.474,0.078,0.047,0.021,0,0.022,0.004
177,Djibouti,Country,2003,48261,22595,493,22015,3158,69,32,1,31,5,0.468,0.01,0.456,0.066,0.047,0.022,0,0.021,0.003
177,Djibouti,Country,2004,56248,24125,500,21831,9793,77,33,1,30,13,0.428,0.009,0.388,0.175,0.052,0.022,0,0.02,0.009
177,Djibouti,Country,2005,63249,25345,501,21457,15946,84,34,1,29,21,0.4,0.008,0.339,0.253,0.055,0.022,0,0.019,0.014
177,Djibouti,Country,2006,65068,26607,500,21158,16804,84,34,1,27,22,0.408,0.008,0.325,0.259,0.051,0.021,0,0.017,0.013
177,Djibouti,Country,2007,72940,30871,534,20645,20890,91,39,1,26,26,0.422,0.007,0.283,0.287,0.054,0.023,0,0.015,0.015
177,Djibouti,Country,2008,75559,35136,571,19729,20123,91,42,1,24,24,0.464,0.008,0.261,0.267,0.052,0.024,0,0.014,0.014
177,Djibouti,Country,2009,75415,39133,607,18896,16780,88,45,1,22,20,0.518,0.008,0.251,0.223,0.047,0.024,0,0.012,0.01
177,Djibouti,Country,2010,65125,37760,631,17893,8840,73,42,1,20,10,0.579,0.01,0.275,0.136,0.037,0.021,0,0.01,0.005
177,Djibouti,Country,2011,69195,39454,740,17511,11490,74,42,1,19,12,0.569,0.011,0.254,0.167,0.034,0.02,0,0.009,0.006
177,Djibouti,Country,2012,79111,41319,834,17104,19855,82,43,1,18,21,0.521,0.011,0.217,0.252,0.035,0.018,0,0.008,0.009
177,Djibouti,Country,2013,72796,41680,861,16818,13438,73,42,1,17,13,0.571,0.012,0.232,0.185,0.029,0.017,0,0.007,0.005
177,Djibouti,Country,2014,73546,43432,971,16975,12169,71,42,1,16,12,0.589,0.013,0.232,0.166,0.027,0.016,0,0.006,0.004
177,Djibouti,Country,2015,91492,54107,1168,17863,18354,86,51,1,17,17,0.59,0.013,0.196,0.201,0.031,0.018,0,0.006,0.006
177,Djibouti,Country,2016,76146,39418,1112,17920,17695,69,36,1,16,16,0.517,0.015,0.236,0.233,0.024,0.012,0,0.006,0.006
177,Djibouti,Country,2017,72620,37897,1180,18871,14672,64,34,1,17,13,0.521,0.016,0.26,0.203,0.021,0.011,0,0.006,0.004
177,Djibouti,Country,2018,83069,42974,1354,20788,17953,71,37,1,18,15,0.516,0.016,0.251,0.217,0.023,0.012,0,0.006,0.005
177,Djibouti,Country,2019,87467,44914,1478,22392,18682,73,38,1,19,16,0.513,0.017,0.256,0.214,0.022,0.012,0,0.006,0.005
177,Djibouti,Country,2020,98772,37615,1624,24706,34827,80,31,1,20,28,0.38,0.016,0.25,0.353,0.025,0.009,0,0.006,0.009
177,Djibouti,Country,2021,210775,27922,1801,27633,153420,167,22,1,22,121,0.132,0.009,0.131,0.728,0.05,0.007,0,0.007,0.036
177,Djibouti,Country,2022,90020,39073,1839,28303,20806,70,30,1,22,16,0.433,0.02,0.314,0.232,0.02,0.009,0,0.006,0.005
110,Dominica,Country,1995,27421,16870,59,10488,3,388,239,1,148,0,0.615,0.002,0.382,0,0.061,0.038,0,0.023,0
110,Dominica,Country,1996,27816,17104,49,10634,28,396,244,1,151,0,0.615,0.002,0.382,0.001,0.06,0.037,0,0.023,0
110,Dominica,Country,1997,28979,17021,33,10687,1238,415,244,0,153,18,0.587,0.001,0.369,0.043,0.062,0.036,0,0.023,0.003
110,Dominica,Country,1998,29465,17782,16,10735,932,425,256,0,155,13,0.604,0.001,0.364,0.032,0.061,0.037,0,0.022,0.002
110,Dominica,Country,1999,27924,17400,4,10477,43,405,252,0,152,1,0.623,0,0.375,0.002,0.058,0.036,0,0.022,0
110,Dominica,Country,2000,26835,17043,0,9753,39,391,248,0,142,1,0.635,0,0.363,0.001,0.054,0.034,0,0.02,0
110,Dominica,Country,2001,22895,13451,0,9394,50,335,197,0,137,1,0.588,0,0.41,0.002,0.046,0.027,0,0.019,0
110,Dominica,Country,2002,22144,12778,0,9322,44,325,188,0,137,1,0.577,0,0.421,0.002,0.046,0.027,0,0.02,0
110,Dominica,Country,2003,23597,13497,0,9725,375,347,199,0,143,6,0.572,0,0.412,0.016,0.047,0.027,0,0.019,0.001
110,Dominica,Country,2004,24206,13564,1,10168,473,357,200,0,150,7,0.56,0,0.42,0.02,0.047,0.026,0,0.02,0.001
110,Dominica,Country,2005,26446,14269,520,11115,543,390,211,8,164,8,0.54,0.02,0.42,0.021,0.051,0.027,0.001,0.021,0.001
110,Dominica,Country,2006,26970,14161,506,11450,853,398,209,7,169,13,0.525,0.019,0.424,0.032,0.049,0.026,0.001,0.021,0.002
110,Dominica,Country,2007,29079,15780,511,12292,497,430,233,8,182,7,0.543,0.018,0.423,0.017,0.05,0.027,0.001,0.021,0.001
110,Dominica,Country,2008,31141,16658,507,13059,916,460,246,7,193,14,0.535,0.016,0.419,0.029,0.05,0.027,0.001,0.021,0.001
110,Dominica,Country,2009,32341,17692,497,13065,1087,477,261,7,193,16,0.547,0.015,0.404,0.034,0.053,0.029,0.001,0.021,0.002
110,Dominica,Country,2010,34605,20199,506,12989,911,510,298,7,191,13,0.584,0.015,0.375,0.026,0.056,0.033,0.001,0.021,0.001
110,Dominica,Country,2011,34236,20146,495,12678,918,504,297,7,187,14,0.588,0.014,0.37,0.027,0.055,0.032,0.001,0.02,0.001
110,Dominica,Country,2012,35214,21750,501,12470,493,518,320,7,183,7,0.618,0.014,0.354,0.014,0.057,0.035,0.001,0.02,0.001
110,Dominica,Country,2013,34101,20839,482,11893,888,501,306,7,175,13,0.611,0.014,0.349,0.026,0.056,0.034,0.001,0.02,0.001
110,Dominica,Country,2014,32636,20288,469,11614,266,480,298,7,171,4,0.622,0.014,0.356,0.008,0.052,0.032,0.001,0.018,0
110,Dominica,Country,2015,31426,19235,444,11127,620,462,283,7,164,9,0.612,0.014,0.354,0.02,0.052,0.032,0.001,0.018,0.001
110,Dominica,Country,2016,34522,22724,458,11029,311,508,335,7,162,5,0.658,0.013,0.319,0.009,0.055,0.036,0.001,0.018,0
110,Dominica,Country,2017,35749,23841,452,10845,610,527,352,7,160,9,0.667,0.013,0.303,0.017,0.06,0.04,0.001,0.018,0.001
110,Dominica,Country,2018,40473,26420,460,11484,2110,598,391,7,170,31,0.653,0.011,0.284,0.052,0.065,0.043,0.001,0.019,0.003
110,Dominica,Country,2019,35334,21439,423,11429,2043,523,318,6,169,30,0.607,0.012,0.323,0.058,0.055,0.033,0.001,0.018,0.003
110,Dominica,Country,2020,36218,20777,425,10116,4900,538,309,6,150,73,0.574,0.012,0.279,0.135,0.067,0.039,0.001,0.019,0.009
110,Dominica,Country,2021,51764,23566,410,9109,18679,773,352,6,136,279,0.455,0.008,0.176,0.361,0.091,0.041,0.001,0.016,0.033
110,Dominica,Country,2022,41853,28348,394,10755,2356,628,426,6,161,35,0.677,0.009,0.257,0.056,0.07,0.047,0.001,0.018,0.004
111,Dominican Republic,Country,1995,1510868,325998,178038,993088,13745,191,41,23,126,2,0.216,0.117,0.658,0.009,0.048,0.01,0.006,0.032,0
111,Dominican Republic,Country,1996,1645465,375417,188813,1027677,53558,205,47,23,128,7,0.228,0.114,0.625,0.033,0.049,0.011,0.006,0.031,0.002
111,Dominican Republic,Country,1997,1769378,472981,191781,1074944,29672,216,58,23,131,4,0.267,0.108,0.608,0.017,0.049,0.013,0.005,0.03,0.001
111,Dominican Republic,Country,1998,1920979,551948,191734,1114347,62949,231,66,23,134,8,0.287,0.1,0.58,0.033,0.05,0.014,0.005,0.029,0.002
111,Dominican Republic,Country,1999,2069435,642045,193032,1154880,79478,245,76,23,136,9,0.31,0.093,0.558,0.038,0.05,0.016,0.005,0.028,0.002
111,Dominican Republic,Country,2000,2114986,695415,189866,1186002,43703,246,81,22,138,5,0.329,0.09,0.561,0.021,0.049,0.016,0.004,0.027,0.001
111,Dominican Republic,Country,2001,2153394,718899,188510,1204952,41033,247,82,22,138,5,0.334,0.087,0.56,0.019,0.049,0.016,0.004,0.027,0.001
111,Dominican Republic,Country,2002,2201127,739707,192134,1227510,41777,249,84,22,139,5,0.336,0.087,0.558,0.019,0.048,0.016,0.004,0.026,0.001
111,Dominican Republic,Country,2003,2142832,699437,189310,1208995,45090,239,78,21,135,5,0.326,0.088,0.564,0.021,0.047,0.015,0.004,0.026,0.001
111,Dominican Republic,Country,2004,2171770,707340,197247,1200108,67075,239,78,22,132,7,0.326,0.091,0.553,0.031,0.046,0.015,0.004,0.026,0.001
111,Dominican Republic,Country,2005,2233563,734744,217577,1192929,88313,243,80,24,130,10,0.329,0.097,0.534,0.04,0.044,0.014,0.004,0.023,0.002
111,Dominican Republic,Country,2006,2382467,889941,234406,1200524,57596,256,96,25,129,6,0.374,0.098,0.504,0.024,0.042,0.016,0.004,0.021,0.001
111,Dominican Republic,Country,2007,2546314,1035548,259047,1191963,59756,270,110,28,127,6,0.407,0.102,0.468,0.023,0.042,0.017,0.004,0.02,0.001
111,Dominican Republic,Country,2008,2897605,1334067,291628,1208285,63626,304,140,31,127,7,0.46,0.101,0.417,0.022,0.047,0.021,0.005,0.019,0.001
111,Dominican Republic,Country,2009,3061058,1419344,301120,1195010,145586,318,147,31,124,15,0.464,0.098,0.39,0.048,0.049,0.023,0.005,0.019,0.002
111,Dominican Republic,Country,2010,3281325,1612148,322485,1212360,134332,337,166,33,125,14,0.491,0.098,0.37,0.041,0.048,0.024,0.005,0.018,0.002
111,Dominican Republic,Country,2011,3373985,1757961,337300,1217829,60895,343,179,34,124,6,0.521,0.1,0.361,0.018,0.048,0.025,0.005,0.017,0.001
111,Dominican Republic,Country,2012,3794508,2106432,374510,1225021,88545,381,212,38,123,9,0.555,0.099,0.323,0.023,0.053,0.029,0.005,0.017,0.001
111,Dominican Republic,Country,2013,3786051,2103899,384056,1209981,88115,376,209,38,120,9,0.556,0.101,0.32,0.023,0.05,0.028,0.005,0.016,0.001
111,Dominican Republic,Country,2014,3784471,2075052,394354,1202067,112999,372,204,39,118,11,0.548,0.104,0.318,0.03,0.047,0.026,0.005,0.015,0.001
111,Dominican Republic,Country,2015,4124767,2165084,417037,1208051,334594,400,210,40,117,32,0.525,0.101,0.293,0.081,0.048,0.025,0.005,0.014,0.004
111,Dominican Republic,Country,2016,4115477,2370003,444343,1226929,74203,395,227,43,118,7,0.576,0.108,0.298,0.018,0.045,0.026,0.005,0.013,0.001
111,Dominican Republic,Country,2017,4274004,2524536,449249,1236967,63252,406,240,43,117,6,0.591,0.105,0.289,0.015,0.044,0.026,0.005,0.013,0.001
111,Dominican Republic,Country,2018,4346822,2577418,436552,1251159,81693,408,242,41,117,8,0.593,0.1,0.288,0.019,0.042,0.025,0.004,0.012,0.001
111,Dominican Republic,Country,2019,4716481,2859240,468271,1297624,91346,438,265,43,120,8,0.606,0.099,0.275,0.019,0.043,0.026,0.004,0.012,0.001
111,Dominican Republic,Country,2020,5166217,3299089,457690,1235840,173598,474,303,42,113,16,0.639,0.088,0.239,0.034,0.051,0.033,0.005,0.012,0.002
111,Dominican Republic,Country,2021,5877886,3733465,458795,1320484,365141,543,345,42,122,34,0.635,0.078,0.225,0.062,0.052,0.033,0.004,0.012,0.003
111,Dominican Republic,Country,2022,5272579,3177516,480483,1508459,106121,481,290,44,138,10,0.603,0.091,0.286,0.02,0.045,0.027,0.004,0.013,0.001
122,Ecuador,Country,1995,2422097,1175221,190946,1030312,25617,215,105,17,92,2,0.485,0.079,0.425,0.011,0.05,0.024,0.004,0.021,0.001
122,Ecuador,Country,1996,2519198,1204109,196645,1087809,30634,219,105,17,95,3,0.478,0.078,0.432,0.012,0.051,0.024,0.004,0.022,0.001
122,Ecuador,Country,1997,2519054,1126632,193577,1167566,31279,214,96,16,99,3,0.447,0.077,0.464,0.012,0.049,0.022,0.004,0.023,0.001
122,Ecuador,Country,1998,2492057,996414,181162,1256365,58116,207,83,15,105,5,0.4,0.073,0.504,0.023,0.047,0.019,0.003,0.023,0.001
122,Ecuador,Country,1999,2467221,940736,164148,1329640,32697,201,77,13,108,3,0.381,0.066,0.539,0.013,0.048,0.018,0.003,0.026,0.001
122,Ecuador,Country,2000,2356699,838810,132105,1353254,32530,188,67,11,108,3,0.356,0.056,0.574,0.014,0.045,0.016,0.003,0.026,0.001
122,Ecuador,Country,2001,2479468,812965,127529,1504593,34381,194,64,10,118,3,0.328,0.051,0.607,0.014,0.045,0.015,0.002,0.027,0.001
122,Ecuador,Country,2002,2877705,926894,155429,1777266,18115,221,71,12,136,1,0.322,0.054,0.618,0.006,0.05,0.016,0.003,0.031,0
122,Ecuador,Country,2003,3255958,983016,190162,2047940,34840,245,74,14,154,3,0.302,0.058,0.629,0.011,0.054,0.016,0.003,0.034,0.001
122,Ecuador,Country,2004,3583600,1072237,216942,2252442,41979,265,79,16,167,3,0.299,0.06,0.629,0.012,0.056,0.017,0.003,0.035,0.001
122,Ecuador,Country,2005,3829305,1171029,231339,2379257,47680,278,85,17,173,3,0.306,0.06,0.621,0.012,0.057,0.017,0.003,0.035,0.001
122,Ecuador,Country,2006,3933611,1243647,234552,2396552,58860,281,89,17,171,4,0.316,0.06,0.609,0.015,0.056,0.018,0.003,0.034,0.001
122,Ecuador,Country,2007,4083323,1430035,237319,2339134,76835,287,100,17,164,5,0.35,0.058,0.573,0.019,0.057,0.02,0.003,0.033,0.001
122,Ecuador,Country,2008,4613597,1897727,263850,2380233,71788,318,131,18,164,5,0.411,0.057,0.516,0.016,0.06,0.025,0.003,0.031,0.001
122,Ecuador,Country,2009,4744186,2018072,272515,2397363,56236,321,137,18,162,4,0.425,0.057,0.505,0.012,0.061,0.026,0.004,0.031,0.001
122,Ecuador,Country,2010,5087790,2291442,292484,2451197,52667,339,152,19,163,4,0.45,0.057,0.482,0.01,0.063,0.029,0.004,0.031,0.001
122,Ecuador,Country,2011,5679011,2744817,322981,2551824,59389,371,180,21,167,4,0.483,0.057,0.449,0.01,0.065,0.031,0.004,0.029,0.001
122,Ecuador,Country,2012,6243082,3252518,348731,2601937,39896,401,209,22,167,3,0.521,0.056,0.417,0.006,0.068,0.035,0.004,0.028,0
122,Ecuador,Country,2013,6855651,3844232,372150,2595864,43404,434,243,24,164,3,0.561,0.054,0.379,0.006,0.069,0.039,0.004,0.026,0
122,Ecuador,Country,2014,7306000,4257196,402745,2583109,62950,455,265,25,161,4,0.583,0.055,0.354,0.009,0.071,0.041,0.004,0.025,0.001
122,Ecuador,Country,2015,7648265,4539136,440181,2650899,18048,469,278,27,163,1,0.594,0.058,0.347,0.002,0.074,0.044,0.004,0.026,0
122,Ecuador,Country,2016,7999691,4888454,464830,2627242,19165,483,295,28,159,1,0.611,0.058,0.328,0.002,0.078,0.048,0.005,0.026,0
122,Ecuador,Country,2017,8117322,4991679,475410,2632914,17319,483,297,28,157,1,0.615,0.059,0.324,0.002,0.075,0.046,0.004,0.024,0
122,Ecuador,Country,2018,8658441,5342643,504830,2653931,157036,506,312,30,155,9,0.617,0.058,0.306,0.018,0.079,0.049,0.005,0.024,0.001
122,Ecuador,Country,2019,8708290,5422932,525218,2667233,92908,498,310,30,152,5,0.623,0.06,0.306,0.011,0.079,0.049,0.005,0.024,0.001
122,Ecuador,Country,2020,8925906,5271898,624087,2735693,294227,500,296,35,153,16,0.591,0.07,0.306,0.033,0.088,0.052,0.006,0.027,0.003
122,Ecuador,Country,2021,9439939,5688117,504178,2751068,496576,521,314,28,152,27,0.603,0.053,0.291,0.053,0.084,0.051,0.005,0.025,0.004
122,Ecuador,Country,2022,8862759,5339813,541303,2838843,142800,485,292,30,155,8,0.603,0.061,0.32,0.016,0.074,0.045,0.005,0.024,0.001
141,Egypt,Country,1995,5885615,2003465,104044,3619931,158175,97,33,2,60,3,0.341,0.018,0.615,0.027,0.056,0.019,0.001,0.035,0.002
141,Egypt,Country,1996,6165338,2075668,114802,3825030,149838,100,34,2,62,2,0.337,0.019,0.62,0.024,0.056,0.019,0.001,0.035,0.001
141,Egypt,Country,1997,6512134,2225421,120383,4071969,94361,103,35,2,65,1,0.342,0.018,0.625,0.015,0.056,0.019,0.001,0.035,0.001
141,Egypt,Country,1998,6943489,2347907,136042,4307381,152159,108,36,2,67,2,0.338,0.02,0.62,0.022,0.057,0.019,0.001,0.035,0.001
141,Egypt,Country,1999,7265576,2469374,150167,4545767,100269,110,38,2,69,2,0.34,0.021,0.626,0.014,0.056,0.019,0.001,0.035,0.001
141,Egypt,Country,2000,7598263,2543697,164425,4774266,115875,113,38,2,71,2,0.335,0.022,0.628,0.015,0.056,0.019,0.001,0.035,0.001
141,Egypt,Country,2001,8151733,2728821,174198,5143595,105120,119,40,3,75,2,0.335,0.021,0.631,0.013,0.058,0.019,0.001,0.036,0.001
141,Egypt,Country,2002,8593600,2923175,181339,5402971,86115,122,42,3,77,1,0.34,0.021,0.629,0.01,0.059,0.02,0.001,0.037,0.001
141,Egypt,Country,2003,8545265,2851204,182883,5443205,67974,119,40,3,76,1,0.334,0.021,0.637,0.008,0.057,0.019,0.001,0.036,0
141,Egypt,Country,2004,8522245,2811060,188410,5411501,111274,116,38,3,74,2,0.33,0.022,0.635,0.013,0.054,0.018,0.001,0.035,0.001
141,Egypt,Country,2005,8649569,2870247,202432,5442576,134314,115,38,3,72,2,0.332,0.023,0.629,0.016,0.053,0.017,0.001,0.033,0.001
141,Egypt,Country,2006,9202447,3234899,233851,5542226,191471,120,42,3,72,2,0.352,0.025,0.602,0.021,0.052,0.018,0.001,0.032,0.001
141,Egypt,Country,2007,9097344,3124432,261584,5577623,133705,116,40,3,71,2,0.343,0.029,0.613,0.015,0.048,0.017,0.001,0.03,0.001
141,Egypt,Country,2008,9643669,3319181,316522,5811592,196374,120,41,4,72,2,0.344,0.033,0.603,0.02,0.048,0.016,0.002,0.029,0.001
141,Egypt,Country,2009,9873931,3403903,396079,6008151,65799,120,41,5,73,1,0.345,0.04,0.609,0.007,0.046,0.016,0.002,0.028,0
141,Egypt,Country,2010,10215547,3396220,515978,6223661,79689,121,40,6,74,1,0.332,0.05,0.609,0.008,0.046,0.015,0.002,0.028,0
141,Egypt,Country,2011,10691452,3442177,708028,6471590,69658,124,40,8,75,1,0.322,0.066,0.605,0.007,0.047,0.015,0.003,0.028,0
141,Egypt,Country,2012,11099954,3383935,985194,6695283,35542,126,38,11,76,0,0.305,0.088,0.603,0.003,0.047,0.014,0.004,0.029,0
141,Egypt,Country,2013,12194937,3809620,1305647,7039928,39742,135,42,14,78,0,0.313,0.107,0.578,0.003,0.051,0.016,0.005,0.029,0
141,Egypt,Country,2014,13130626,4136357,1505663,7436637,51970,142,45,16,80,1,0.315,0.114,0.567,0.004,0.053,0.017,0.006,0.03,0
141,Egypt,Country,2015,13877923,4270910,1506744,8047022,53248,147,45,16,85,1,0.308,0.108,0.58,0.004,0.054,0.017,0.006,0.031,0
141,Egypt,Country,2016,14737648,4505633,1593046,8575717,63252,152,47,16,89,1,0.306,0.108,0.582,0.004,0.055,0.017,0.006,0.032,0
141,Egypt,Country,2017,15439205,4647958,1684545,9016132,90570,157,47,17,91,1,0.301,0.109,0.584,0.006,0.055,0.017,0.006,0.032,0
141,Egypt,Country,2018,15542169,4475765,1546383,9274660,245362,155,45,15,92,2,0.288,0.099,0.597,0.016,0.053,0.015,0.005,0.032,0.001
141,Egypt,Country,2019,15649276,4382374,1489259,9528883,248761,153,43,15,93,2,0.28,0.095,0.609,0.016,0.051,0.014,0.005,0.031,0.001
141,Egypt,Country,2020,14242962,4569332,968949,8494835,209847,137,44,9,82,2,0.321,0.068,0.597,0.015,0.044,0.014,0.003,0.026,0.001
141,Egypt,Country,2021,16907708,6120580,988153,9024606,774369,161,58,9,86,7,0.362,0.058,0.534,0.046,0.051,0.019,0.003,0.027,0.002
141,Egypt,Country,2022,17665033,6668646,1034301,9634101,327985,165,62,10,90,3,0.378,0.058,0.545,0.019,0.05,0.019,0.003,0.027,0.001
127,El Salvador,Country,1995,1329265,502230,45328,723971,57736,236,89,8,129,10,0.378,0.034,0.545,0.044,0.071,0.027,0.002,0.039,0.003
127,El Salvador,Country,1996,1464794,599056,58248,743730,63760,258,105,10,131,11,0.409,0.04,0.508,0.044,0.077,0.032,0.003,0.039,0.003
127,El Salvador,Country,1997,1493186,643643,66603,751364,31576,260,112,12,131,6,0.431,0.045,0.503,0.021,0.076,0.033,0.003,0.038,0.002
127,El Salvador,Country,1998,1615073,725861,74535,763906,50771,279,125,13,132,9,0.449,0.046,0.473,0.031,0.08,0.036,0.004,0.038,0.003
127,El Salvador,Country,1999,1659189,775241,80840,766145,36963,285,133,14,131,6,0.467,0.049,0.462,0.022,0.08,0.038,0.004,0.037,0.002
127,El Salvador,Country,2000,1696993,822193,76944,763868,33988,289,140,13,130,6,0.485,0.045,0.45,0.02,0.081,0.039,0.004,0.037,0.002
127,El Salvador,Country,2001,1745569,847920,78815,765221,53613,296,144,13,130,9,0.486,0.045,0.438,0.031,0.083,0.04,0.004,0.036,0.003
127,El Salvador,Country,2002,1776925,883725,81321,777032,34847,300,149,14,131,6,0.497,0.046,0.437,0.02,0.083,0.041,0.004,0.036,0.002
127,El Salvador,Country,2003,1815806,903337,86177,795704,30588,306,152,15,134,5,0.497,0.047,0.438,0.017,0.083,0.041,0.004,0.036,0.001
127,El Salvador,Country,2004,1856002,901345,96674,819790,38193,312,151,16,138,6,0.486,0.052,0.442,0.021,0.084,0.041,0.004,0.037,0.002
127,El Salvador,Country,2005,1985070,958949,122167,856141,47813,332,161,20,143,8,0.483,0.061,0.431,0.024,0.087,0.042,0.005,0.038,0.002
127,El Salvador,Country,2006,2048594,1014022,134400,858076,42095,342,169,22,143,7,0.495,0.065,0.419,0.021,0.086,0.043,0.006,0.036,0.002
127,El Salvador,Country,2007,2038303,996886,140282,859701,41434,339,166,23,143,7,0.489,0.069,0.422,0.02,0.084,0.041,0.006,0.035,0.002
127,El Salvador,Country,2008,2098636,1043604,147784,863512,43737,348,173,24,143,7,0.497,0.07,0.412,0.021,0.085,0.042,0.006,0.035,0.002
127,El Salvador,Country,2009,2136900,1082672,154972,853143,46113,353,179,26,141,8,0.507,0.072,0.399,0.022,0.088,0.045,0.006,0.035,0.002
127,El Salvador,Country,2010,2207464,1105772,158503,853786,89403,363,182,26,140,15,0.501,0.072,0.387,0.041,0.089,0.045,0.006,0.034,0.004
127,El Salvador,Country,2011,2219557,1145312,163374,866794,44077,363,187,27,142,7,0.516,0.074,0.391,0.02,0.086,0.044,0.006,0.034,0.002
127,El Salvador,Country,2012,2315443,1228121,170139,876913,40271,376,199,28,142,7,0.53,0.073,0.379,0.017,0.087,0.046,0.006,0.033,0.002
127,El Salvador,Country,2013,2414256,1298771,177030,885154,53301,390,210,29,143,9,0.538,0.073,0.367,0.022,0.089,0.048,0.006,0.032,0.002
127,El Salvador,Country,2014,2398842,1307794,180714,879538,30796,385,210,29,141,5,0.545,0.075,0.367,0.013,0.086,0.047,0.007,0.032,0.001
127,El Salvador,Country,2015,2444959,1329443,192678,883923,38915,390,212,31,141,6,0.544,0.079,0.362,0.016,0.086,0.047,0.007,0.031,0.001
127,El Salvador,Country,2016,2512040,1369773,202456,896638,43173,399,218,32,142,7,0.545,0.08,0.357,0.017,0.086,0.047,0.007,0.031,0.001
127,El Salvador,Country,2017,2583011,1394760,209177,922766,56307,408,220,33,146,9,0.54,0.081,0.357,0.022,0.086,0.046,0.007,0.031,0.002
127,El Salvador,Country,2018,2671646,1407799,216112,954661,93075,420,221,34,150,15,0.527,0.081,0.357,0.035,0.086,0.046,0.007,0.031,0.003
127,El Salvador,Country,2019,2756319,1453978,235459,1001374,65507,431,227,37,156,10,0.528,0.085,0.363,0.024,0.087,0.046,0.007,0.031,0.002
127,El Salvador,Country,2020,2632971,1647331,191997,692277,101366,410,256,30,108,16,0.626,0.073,0.263,0.039,0.09,0.056,0.007,0.024,0.003
127,El Salvador,Country,2021,3437259,2044809,172876,981850,237724,536,319,27,153,37,0.595,0.05,0.286,0.069,0.105,0.063,0.005,0.03,0.007
127,El Salvador,Country,2022,3463642,2006638,168239,1020557,268208,537,311,26,158,42,0.579,0.049,0.295,0.078,0.103,0.06,0.005,0.03,0.008
172,Equatorial Guinea,Country,1995,31106,5666,655,23781,1003,60,11,1,46,2,0.183,0.021,0.763,0.033,0.071,0.013,0.001,0.054,0.002
172,Equatorial Guinea,Country,1996,38686,3229,593,27256,7608,71,6,1,50,14,0.084,0.015,0.703,0.198,0.056,0.005,0.001,0.04,0.011
172,Equatorial Guinea,Country,1997,44302,4462,1000,37187,1652,78,8,2,65,3,0.101,0.023,0.839,0.038,0.027,0.003,0.001,0.022,0.001
172,Equatorial Guinea,Country,1998,62376,9396,1860,49560,1560,105,16,3,83,3,0.151,0.03,0.794,0.025,0.03,0.005,0.001,0.024,0.001
172,Equatorial Guinea,Country,1999,67990,8643,2304,53955,3089,109,14,4,86,5,0.127,0.034,0.793,0.046,0.026,0.003,0.001,0.021,0.001
172,Equatorial Guinea,Country,2000,85860,12575,3604,63924,5757,131,19,6,98,9,0.147,0.042,0.744,0.067,0.023,0.003,0.001,0.017,0.002
172,Equatorial Guinea,Country,2001,111626,12160,4850,89723,4892,163,18,7,131,7,0.109,0.043,0.804,0.044,0.019,0.002,0.001,0.015,0.001
172,Equatorial Guinea,Country,2002,154056,13437,6006,131241,3372,215,19,8,183,5,0.087,0.039,0.852,0.022,0.022,0.002,0.001,0.018,0
172,Equatorial Guinea,Country,2003,177498,18801,7645,146651,4400,236,25,10,195,6,0.106,0.043,0.826,0.025,0.022,0.002,0.001,0.018,0.001
172,Equatorial Guinea,Country,2004,179642,19539,8519,145415,6168,228,25,11,185,8,0.109,0.047,0.809,0.034,0.017,0.002,0.001,0.014,0.001
172,Equatorial Guinea,Country,2005,192250,28135,10300,141338,12477,233,34,13,172,15,0.146,0.054,0.735,0.065,0.017,0.002,0.001,0.012,0.001
172,Equatorial Guinea,Country,2006,201366,38480,11625,135401,15859,234,45,13,157,18,0.191,0.058,0.672,0.079,0.016,0.003,0.001,0.011,0.001
172,Equatorial Guinea,Country,2007,195130,47261,12608,135261,0,216,52,14,150,0,0.242,0.065,0.693,0,0.014,0.003,0.001,0.009,0
172,Equatorial Guinea,Country,2008,210062,55586,13528,140947,0,223,59,14,149,0,0.265,0.064,0.671,0,0.013,0.003,0.001,0.008,0
172,Equatorial Guinea,Country,2009,276375,97672,16430,162273,0,280,99,17,165,0,0.353,0.059,0.587,0,0.016,0.006,0.001,0.01,0
172,Equatorial Guinea,Country,2010,257118,82735,14404,159980,0,250,80,14,156,0,0.322,0.056,0.622,0,0.017,0.005,0.001,0.01,0
172,Equatorial Guinea,Country,2011,255160,77788,14029,163344,0,238,73,13,152,0,0.305,0.055,0.64,0,0.016,0.005,0.001,0.01,0
172,Equatorial Guinea,Country,2012,293663,95935,15707,182021,0,263,86,14,163,0,0.327,0.054,0.62,0,0.017,0.005,0.001,0.01,0
172,Equatorial Guinea,Country,2013,299585,84669,14731,200185,0,258,73,13,172,0,0.283,0.049,0.668,0,0.018,0.005,0.001,0.012,0
172,Equatorial Guinea,Country,2014,334741,91059,14767,228914,0,277,75,12,189,0,0.272,0.044,0.684,0,0.02,0.005,0.001,0.013,0
172,Equatorial Guinea,Country,2015,398050,112030,15013,267908,3099,317,89,12,214,2,0.281,0.038,0.673,0.008,0.026,0.007,0.001,0.017,0
172,Equatorial Guinea,Country,2016,405376,94764,13207,289718,7688,312,73,10,223,6,0.234,0.033,0.715,0.019,0.029,0.007,0.001,0.021,0.001
172,Equatorial Guinea,Country,2017,397914,81000,11836,295167,9912,296,60,9,220,7,0.204,0.03,0.742,0.025,0.03,0.006,0.001,0.022,0.001
172,Equatorial Guinea,Country,2018,397746,82049,11378,300961,3357,286,59,8,217,2,0.206,0.029,0.757,0.008,0.032,0.007,0.001,0.024,0
172,Equatorial Guinea,Country,2019,394091,77121,10588,304373,2009,275,54,7,213,1,0.196,0.027,0.772,0.005,0.034,0.007,0.001,0.026,0
172,Equatorial Guinea,Country,2020,480602,102166,10018,366602,1816,326,69,7,249,1,0.213,0.021,0.763,0.004,0.043,0.009,0.001,0.033,0
172,Equatorial Guinea,Country,2021,423763,83037,10082,327549,3096,281,55,7,217,2,0.196,0.024,0.773,0.007,0.038,0.007,0.001,0.029,0
172,Equatorial Guinea,Country,2022,327027,85512,9020,230727,1767,212,55,6,150,1,0.261,0.028,0.706,0.005,0.028,0.007,0.001,0.02,0
178,Eritrea,Country,1995,74551,21219,13,39014,14304,22,6,0,11,4,0.286,0,0.521,0.194,0.033,0.009,0,0.017,0.006
178,Eritrea,Country,1996,82168,21176,14,42742,18237,23,6,0,12,5,0.259,0,0.517,0.224,0.034,0.009,0,0.017,0.007
178,Eritrea,Country,1997,75101,21324,15,47147,6615,20,6,0,13,2,0.286,0,0.625,0.089,0.027,0.008,0,0.017,0.002
178,Eritrea,Country,1998,97867,27413,12,52096,18346,26,7,0,14,5,0.281,0,0.53,0.189,0.034,0.009,0,0.018,0.006
178,Eritrea,Country,1999,112280,31971,11,55438,24860,29,8,0,14,6,0.285,0,0.491,0.223,0.038,0.011,0,0.019,0.008
178,Eritrea,Country,2000,119306,30576,11,53998,34720,30,8,0,14,9,0.257,0,0.45,0.293,0.043,0.011,0,0.019,0.012
178,Eritrea,Country,2001,96595,26056,12,51757,18769,24,6,0,13,5,0.271,0,0.533,0.196,0.036,0.01,0,0.019,0.007
178,Eritrea,Country,2002,108276,27165,12,50265,30835,26,6,0,12,7,0.251,0,0.462,0.287,0.038,0.01,0,0.018,0.011
178,Eritrea,Country,2003,122455,24777,12,46554,51112,28,6,0,11,12,0.202,0,0.378,0.419,0.043,0.009,0,0.016,0.018
178,Eritrea,Country,2004,113667,22060,13,42961,48633,25,5,0,9,11,0.194,0,0.376,0.43,0.04,0.008,0,0.015,0.017
178,Eritrea,Country,2005,110076,22763,12,40907,46394,23,5,0,9,10,0.207,0,0.37,0.424,0.038,0.008,0,0.014,0.016
178,Eritrea,Country,2006,77290,16988,16,38047,22239,16,4,0,8,5,0.22,0,0.489,0.29,0.027,0.006,0,0.013,0.008
178,Eritrea,Country,2007,84978,18367,14,37635,28962,17,4,0,8,6,0.216,0,0.44,0.343,0.029,0.006,0,0.013,0.01
178,Eritrea,Country,2008,93321,22422,10,36466,34423,18,4,0,7,7,0.24,0,0.389,0.371,0.04,0.01,0,0.016,0.015
178,Eritrea,Country,2009,78285,16881,15,36340,25049,15,3,0,7,5,0.216,0,0.461,0.322,0.03,0.006,0,0.014,0.01
178,Eritrea,Country,2010,119844,16871,16,37906,65051,22,3,0,7,12,0.141,0,0.315,0.545,0.041,0.006,0,0.013,0.022
178,Eritrea,Country,2011,81682,15062,21,39555,27044,15,3,0,7,5,0.185,0,0.481,0.333,0.022,0.004,0,0.011,0.007
178,Eritrea,Country,2012,98363,16045,20,42276,40022,18,3,0,8,7,0.163,0,0.427,0.409,0.026,0.004,0,0.011,0.01
178,Eritrea,Country,2013,101523,15697,18,43718,42090,18,3,0,8,7,0.155,0,0.428,0.417,0.029,0.005,0,0.013,0.012
178,Eritrea,Country,2014,103566,12466,27,44284,46790,18,2,0,8,8,0.121,0,0.425,0.454,0.023,0.003,0,0.01,0.01
178,Eritrea,Country,2015,81389,15711,18,44001,21659,14,3,0,7,4,0.194,0,0.537,0.269,0.022,0.004,0,0.012,0.006
178,Eritrea,Country,2016,88197,15939,19,44654,27585,15,3,0,7,5,0.181,0,0.503,0.315,0.022,0.004,0,0.011,0.007
178,Eritrea,Country,2017,112943,19690,15,44873,48365,19,3,0,7,8,0.175,0,0.395,0.43,0.032,0.005,0,0.013,0.014
178,Eritrea,Country,2018,113361,14496,22,45049,53794,18,2,0,7,9,0.128,0,0.395,0.477,0.028,0.004,0,0.011,0.013
178,Eritrea,Country,2019,101047,16907,19,47822,36299,16,3,0,8,6,0.168,0,0.47,0.362,0.024,0.004,0,0.011,0.009
178,Eritrea,Country,2020,111551,19125,20,46693,45713,17,3,0,7,7,0.172,0,0.416,0.412,0.026,0.004,0,0.011,0.011
178,Eritrea,Country,2021,101253,20819,21,47806,32607,16,3,0,7,5,0.206,0,0.469,0.325,0.024,0.005,0,0.011,0.008
178,Eritrea,Country,2022,107428,21771,21,49808,35827,17,3,0,8,6,0.203,0,0.461,0.336,0.025,0.005,0,0.011,0.008
58,Estonia,Country,1995,1104879,952263,38559,114057,0,761,656,27,79,0,0.862,0.035,0.103,0,0.071,0.061,0.002,0.007,0
58,Estonia,Country,1996,1118586,957688,38204,122637,57,783,670,27,86,0,0.856,0.034,0.11,0,0.069,0.059,0.002,0.008,0
58,Estonia,Country,1997,1102581,932302,37942,132186,151,780,660,27,94,0,0.846,0.034,0.12,0,0.06,0.051,0.002,0.007,0
58,Estonia,Country,1998,1115896,928594,38099,148500,704,796,662,27,106,1,0.832,0.034,0.133,0.001,0.058,0.048,0.002,0.008,0
58,Estonia,Country,1999,1102451,895140,37527,167373,2412,789,641,27,120,2,0.812,0.034,0.152,0.002,0.058,0.047,0.002,0.009,0
58,Estonia,Country,2000,1058600,829285,36708,192364,243,760,595,26,138,0,0.783,0.035,0.182,0,0.051,0.04,0.002,0.009,0
58,Estonia,Country,2001,1071190,822939,35106,213135,10,771,592,25,153,0,0.768,0.033,0.199,0,0.048,0.037,0.002,0.01,0
58,Estonia,Country,2002,1168146,887694,36977,243475,0,845,642,27,176,0,0.76,0.032,0.208,0,0.049,0.037,0.002,0.01,0
58,Estonia,Country,2003,1296129,972239,38665,283634,1591,943,707,28,206,1,0.75,0.03,0.219,0.001,0.051,0.038,0.002,0.011,0
58,Estonia,Country,2004,1428653,1060199,39490,326207,2757,1045,776,29,239,2,0.742,0.028,0.228,0.002,0.052,0.039,0.001,0.012,0
58,Estonia,Country,2005,1563611,1157818,39462,362577,3754,1151,852,29,267,3,0.74,0.025,0.232,0.002,0.052,0.039,0.001,0.012,0
58,Estonia,Country,2006,1666967,1240221,36238,390509,0,1234,918,27,289,0,0.744,0.022,0.234,0,0.051,0.038,0.001,0.012,0
58,Estonia,Country,2007,1783305,1328006,39177,416123,0,1326,988,29,309,0,0.745,0.022,0.233,0,0.05,0.038,0.001,0.012,0
58,Estonia,Country,2008,1948976,1475893,43914,429169,0,1455,1102,33,320,0,0.757,0.023,0.22,0,0.058,0.044,0.001,0.013,0
58,Estonia,Country,2009,2025746,1555899,42818,427029,0,1517,1165,32,320,0,0.768,0.021,0.211,0,0.071,0.054,0.001,0.015,0
58,Estonia,Country,2010,1878068,1413253,38932,425883,0,1410,1061,29,320,0,0.753,0.021,0.227,0,0.064,0.048,0.001,0.015,0
58,Estonia,Country,2011,1852955,1382589,37055,433311,0,1395,1041,28,326,0,0.746,0.02,0.234,0,0.059,0.044,0.001,0.014,0
58,Estonia,Country,2012,1977115,1486448,36863,453804,0,1493,1123,28,343,0,0.752,0.019,0.23,0,0.061,0.046,0.001,0.014,0
58,Estonia,Country,2013,2050070,1534110,36489,479470,0,1553,1162,28,363,0,0.748,0.018,0.234,0,0.062,0.046,0.001,0.014,0
58,Estonia,Country,2014,2132822,1588751,36655,507416,0,1619,1206,28,385,0,0.745,0.017,0.238,0,0.062,0.046,0.001,0.015,0
58,Estonia,Country,2015,2276755,1699222,37563,539970,0,1731,1292,29,411,0,0.746,0.016,0.237,0,0.065,0.049,0.001,0.015,0
58,Estonia,Country,2016,2360983,1752183,38495,570304,0,1796,1333,29,434,0,0.742,0.016,0.242,0,0.066,0.049,0.001,0.016,0
58,Estonia,Country,2017,2462143,1817670,39829,604644,0,1873,1382,30,460,0,0.738,0.016,0.246,0,0.065,0.048,0.001,0.016,0
58,Estonia,Country,2018,2586707,1910171,41870,634666,0,1967,1453,32,483,0,0.738,0.016,0.245,0,0.066,0.049,0.001,0.016,0
58,Estonia,Country,2019,2714758,2013874,43011,657874,0,2065,1532,33,500,0,0.742,0.016,0.242,0,0.067,0.05,0.001,0.016,0
58,Estonia,Country,2020,2970618,2286919,41862,641838,0,2261,1741,32,489,0,0.77,0.014,0.216,0,0.076,0.058,0.001,0.016,0
58,Estonia,Country,2021,3184459,2422836,51551,710073,0,2439,1855,39,544,0,0.761,0.016,0.223,0,0.076,0.058,0.001,0.017,0
58,Estonia,Country,2022,2953092,2209626,54945,688520,0,2258,1690,42,527,0,0.748,0.019,0.233,0,0.072,0.054,0.001,0.017,0
197,Eswatini,Country,1995,108975,53104,34190,18500,3181,118,57,37,20,3,0.488,0.313,0.17,0.029,0.053,0.026,0.017,0.009,0.002
197,Eswatini,Country,1996,115888,58451,36091,19790,1557,122,62,38,21,2,0.505,0.311,0.171,0.014,0.054,0.027,0.017,0.009,0.001
197,Eswatini,Country,1997,115656,57567,35900,20365,1824,119,59,37,21,2,0.498,0.31,0.176,0.016,0.052,0.026,0.016,0.009,0.001
197,Eswatini,Country,1998,122336,59174,35785,21205,6173,124,60,36,21,6,0.484,0.292,0.174,0.051,0.054,0.026,0.016,0.009,0.003
197,Eswatini,Country,1999,122892,63417,35367,21668,2439,122,63,35,22,2,0.516,0.287,0.177,0.02,0.052,0.027,0.015,0.009,0.001
197,Eswatini,Country,2000,117119,60743,32333,21275,2768,115,60,32,21,3,0.519,0.275,0.182,0.024,0.049,0.025,0.014,0.009,0.001
197,Eswatini,Country,2001,120067,63286,32344,21881,2556,117,62,31,21,2,0.527,0.269,0.182,0.021,0.05,0.026,0.013,0.009,0.001
197,Eswatini,Country,2002,127723,68196,33345,22906,3277,123,66,32,22,3,0.534,0.26,0.179,0.026,0.05,0.027,0.013,0.009,0.001
197,Eswatini,Country,2003,146112,73874,34571,24232,13435,140,71,33,23,13,0.506,0.236,0.166,0.092,0.056,0.028,0.013,0.009,0.005
197,Eswatini,Country,2004,162684,91315,37783,25988,7599,155,87,36,25,7,0.562,0.232,0.16,0.047,0.06,0.034,0.014,0.01,0.003
197,Eswatini,Country,2005,199352,98695,39096,27261,34300,189,94,37,26,33,0.495,0.196,0.137,0.172,0.069,0.034,0.014,0.009,0.012
197,Eswatini,Country,2006,196404,105075,40130,28281,22918,186,99,38,27,22,0.535,0.204,0.144,0.117,0.065,0.035,0.013,0.009,0.008
197,Eswatini,Country,2007,226258,122029,42339,29324,32566,213,115,40,28,31,0.539,0.187,0.13,0.144,0.072,0.039,0.013,0.009,0.01
197,Eswatini,Country,2008,244635,139155,43803,29882,31794,229,130,41,28,30,0.569,0.179,0.122,0.13,0.077,0.044,0.014,0.009,0.01
197,Eswatini,Country,2009,267972,144880,44068,29996,49028,250,135,41,28,46,0.541,0.164,0.112,0.183,0.083,0.045,0.014,0.009,0.015
197,Eswatini,Country,2010,296514,138646,43755,30064,84049,275,129,41,28,78,0.468,0.147,0.101,0.284,0.089,0.042,0.013,0.009,0.025
197,Eswatini,Country,2011,269226,119128,41386,29562,79150,249,110,38,27,73,0.442,0.153,0.11,0.294,0.079,0.035,0.012,0.009,0.023
197,Eswatini,Country,2012,248615,120059,41455,29491,57610,228,110,38,27,53,0.483,0.166,0.119,0.232,0.069,0.033,0.012,0.008,0.016
197,Eswatini,Country,2013,265642,118421,40736,29250,77235,243,108,37,27,71,0.446,0.153,0.11,0.291,0.071,0.032,0.011,0.008,0.021
197,Eswatini,Country,2014,244090,119375,39892,28870,55952,222,108,36,26,51,0.489,0.163,0.118,0.229,0.065,0.032,0.011,0.008,0.015
197,Eswatini,Country,2015,251226,123281,39513,28865,59566,227,111,36,26,54,0.491,0.157,0.115,0.237,0.065,0.032,0.01,0.007,0.015
197,Eswatini,Country,2016,313379,127888,39312,28976,117203,281,115,35,26,105,0.408,0.125,0.092,0.374,0.08,0.033,0.01,0.007,0.03
197,Eswatini,Country,2017,330047,142240,41403,29864,116540,293,126,37,27,104,0.431,0.125,0.09,0.353,0.082,0.035,0.01,0.007,0.029
197,Eswatini,Country,2018,344467,155760,44903,31057,112746,304,137,40,27,100,0.452,0.13,0.09,0.327,0.084,0.038,0.011,0.008,0.028
197,Eswatini,Country,2019,351468,174883,49881,32724,93981,308,153,44,29,82,0.498,0.142,0.093,0.267,0.083,0.042,0.012,0.008,0.022
197,Eswatini,Country,2020,343864,146570,50886,33606,112802,299,127,44,29,98,0.426,0.148,0.098,0.328,0.084,0.036,0.012,0.008,0.027
197,Eswatini,Country,2021,397834,171366,57176,37153,132138,345,149,50,32,115,0.431,0.143,0.093,0.332,0.092,0.04,0.013,0.009,0.031
197,Eswatini,Country,2022,354360,153291,55413,35156,110500,305,132,48,30,95,0.433,0.156,0.099,0.312,0.082,0.036,0.013,0.008,0.026
179,Ethiopia,Country,1995,819698,355509,58087,321270,84831,14,6,1,5,1,0.434,0.071,0.391,0.104,0.039,0.017,0.003,0.015,0.004
179,Ethiopia,Country,1996,878088,371095,60234,340594,106165,14,6,1,5,2,0.423,0.069,0.387,0.122,0.037,0.016,0.003,0.015,0.005
179,Ethiopia,Country,1997,869051,367027,62056,357695,82272,14,6,1,6,1,0.423,0.071,0.41,0.096,0.036,0.015,0.003,0.015,0.003
179,Ethiopia,Country,1998,913746,396830,67116,374846,74954,14,6,1,6,1,0.434,0.073,0.409,0.083,0.04,0.017,0.003,0.016,0.003
179,Ethiopia,Country,1999,1040832,449605,75335,393167,122726,16,7,1,6,2,0.432,0.072,0.377,0.119,0.043,0.019,0.003,0.016,0.005
179,Ethiopia,Country,2000,1059434,463639,74897,404695,116203,15,7,1,6,2,0.437,0.071,0.381,0.111,0.041,0.018,0.003,0.016,0.005
179,Ethiopia,Country,2001,1092304,460198,73949,428057,130101,16,7,1,6,2,0.421,0.068,0.391,0.12,0.04,0.017,0.003,0.016,0.005
179,Ethiopia,Country,2002,1183640,505550,74871,453012,150207,17,7,1,6,2,0.427,0.063,0.382,0.128,0.043,0.018,0.003,0.016,0.005
179,Ethiopia,Country,2003,1328154,525637,72299,464366,265853,18,7,1,6,4,0.395,0.054,0.349,0.202,0.049,0.019,0.003,0.017,0.01
179,Ethiopia,Country,2004,1265564,453959,66467,474590,270548,17,6,1,6,4,0.358,0.053,0.374,0.215,0.042,0.015,0.002,0.016,0.009
179,Ethiopia,Country,2005,1387212,466238,68662,521724,330587,18,6,1,7,4,0.335,0.049,0.375,0.24,0.041,0.014,0.002,0.016,0.01
179,Ethiopia,Country,2006,1658509,441922,70765,606206,539617,21,6,1,8,7,0.266,0.043,0.364,0.327,0.045,0.012,0.002,0.016,0.015
179,Ethiopia,Country,2007,2014713,427674,76873,704070,806096,25,5,1,9,10,0.212,0.038,0.348,0.402,0.049,0.01,0.002,0.017,0.02
179,Ethiopia,Country,2008,1947493,376245,83902,773282,714064,24,5,1,9,9,0.193,0.043,0.396,0.368,0.043,0.008,0.002,0.017,0.016
179,Ethiopia,Country,2009,2183382,394737,116273,911512,760859,26,5,1,11,9,0.181,0.053,0.416,0.35,0.045,0.008,0.002,0.019,0.016
179,Ethiopia,Country,2010,2555560,444732,158509,1056238,896082,30,5,2,12,11,0.174,0.062,0.413,0.352,0.047,0.008,0.003,0.019,0.016
179,Ethiopia,Country,2011,2804171,445941,189142,1112203,1056885,32,5,2,13,12,0.159,0.067,0.396,0.378,0.046,0.007,0.003,0.018,0.017
179,Ethiopia,Country,2012,2916347,535419,237032,1192965,950931,33,6,3,13,11,0.183,0.081,0.409,0.327,0.044,0.008,0.004,0.018,0.014
179,Ethiopia,Country,2013,3484742,644752,307700,1233232,1299057,38,7,3,14,14,0.185,0.088,0.354,0.374,0.048,0.009,0.004,0.017,0.018
179,Ethiopia,Country,2014,3370968,679946,410080,1233376,1047567,36,7,4,13,11,0.202,0.12,0.367,0.312,0.042,0.009,0.005,0.016,0.013
179,Ethiopia,Country,2015,3483823,757997,458294,1250039,1017494,36,8,5,13,11,0.217,0.13,0.36,0.293,0.04,0.009,0.005,0.014,0.012
179,Ethiopia,Country,2016,3514834,842438,431219,1267417,973760,36,9,4,13,10,0.239,0.121,0.361,0.278,0.037,0.009,0.005,0.013,0.01
179,Ethiopia,Country,2017,3611088,904641,325258,1299882,1081307,36,9,3,13,11,0.25,0.089,0.361,0.3,0.035,0.009,0.003,0.013,0.01
179,Ethiopia,Country,2018,3923619,894373,280579,1359859,1388808,38,9,3,13,14,0.227,0.071,0.347,0.355,0.036,0.008,0.003,0.012,0.013
179,Ethiopia,Country,2019,3909231,938794,276177,1481609,1212651,37,9,3,14,12,0.24,0.07,0.379,0.311,0.033,0.008,0.002,0.012,0.01
179,Ethiopia,Country,2020,4441100,1324228,234491,1497073,1385307,42,12,2,14,13,0.297,0.053,0.338,0.313,0.035,0.01,0.002,0.012,0.011
179,Ethiopia,Country,2021,5128453,1396974,217717,1660095,1853668,47,13,2,15,17,0.272,0.042,0.324,0.362,0.039,0.011,0.002,0.013,0.014
179,Ethiopia,Country,2022,4559848,1093648,233262,1910792,1322145,41,10,2,17,12,0.239,0.051,0.419,0.291,0.032,0.008,0.002,0.014,0.009
22,Fiji,Country,1995,89224,68299,8028,11988,909,113,87,10,15,1,0.766,0.09,0.135,0.01,0.03,0.023,0.003,0.004,0
22,Fiji,Country,1996,95728,75183,8120,12325,99,121,95,10,16,0,0.786,0.084,0.129,0.001,0.031,0.024,0.003,0.004,0
22,Fiji,Country,1997,101181,79491,7735,12434,1521,127,100,10,16,2,0.786,0.076,0.123,0.015,0.034,0.027,0.003,0.004,0.001
22,Fiji,Country,1998,112311,78734,6735,12385,14458,140,98,8,15,18,0.701,0.06,0.11,0.129,0.037,0.026,0.002,0.004,0.005
22,Fiji,Country,1999,111976,77741,5350,12850,16036,138,96,7,16,20,0.694,0.048,0.115,0.143,0.034,0.024,0.002,0.004,0.005
22,Fiji,Country,2000,113076,80245,5569,13207,14055,139,98,7,16,17,0.71,0.049,0.117,0.124,0.035,0.025,0.002,0.004,0.004
22,Fiji,Country,2001,107962,82622,5753,13651,5937,131,101,7,17,7,0.766,0.053,0.126,0.055,0.033,0.025,0.002,0.004,0.002
22,Fiji,Country,2002,114035,86039,6139,14188,7668,138,104,7,17,9,0.755,0.054,0.124,0.067,0.034,0.026,0.002,0.004,0.002
22,Fiji,Country,2003,126992,86212,6428,14996,19356,152,103,8,18,23,0.679,0.05,0.118,0.153,0.037,0.025,0.002,0.004,0.006
22,Fiji,Country,2004,120803,87031,7109,16341,10322,144,104,8,19,12,0.721,0.059,0.135,0.086,0.034,0.024,0.002,0.005,0.003
22,Fiji,Country,2005,121323,90101,7866,17578,5779,143,107,9,21,7,0.743,0.065,0.145,0.048,0.034,0.025,0.002,0.005,0.002
22,Fiji,Country,2006,136614,96378,9390,19756,11090,160,113,11,23,13,0.706,0.068,0.144,0.081,0.038,0.027,0.003,0.005,0.003
22,Fiji,Country,2007,136815,91943,10309,21783,12780,160,107,12,25,15,0.672,0.075,0.159,0.094,0.038,0.026,0.003,0.006,0.004
22,Fiji,Country,2008,132622,86614,10624,23869,11515,154,100,12,28,13,0.654,0.08,0.18,0.087,0.036,0.024,0.003,0.007,0.003
22,Fiji,Country,2009,140265,89655,11377,27570,11664,162,103,13,32,13,0.64,0.081,0.196,0.083,0.039,0.025,0.003,0.008,0.003
22,Fiji,Country,2010,142653,83805,12293,29131,17424,163,96,14,33,20,0.588,0.086,0.204,0.122,0.038,0.023,0.003,0.008,0.005
22,Fiji,Country,2011,142722,81602,13869,30312,16938,162,93,16,35,19,0.572,0.097,0.212,0.119,0.037,0.021,0.004,0.008,0.004
22,Fiji,Country,2012,136177,80382,15832,30923,9040,154,91,18,35,10,0.591,0.116,0.227,0.066,0.035,0.021,0.004,0.008,0.002
22,Fiji,Country,2013,140676,80705,18512,30839,10619,158,91,21,35,12,0.574,0.131,0.219,0.076,0.035,0.02,0.005,0.008,0.003
22,Fiji,Country,2014,155230,92908,21834,31514,8975,174,104,24,35,10,0.599,0.14,0.203,0.058,0.036,0.022,0.005,0.007,0.002
22,Fiji,Country,2015,163670,99391,23355,32363,8562,182,111,26,36,10,0.607,0.142,0.198,0.052,0.036,0.022,0.005,0.007,0.002
22,Fiji,Country,2016,173699,108778,24734,32904,7282,192,120,27,36,8,0.626,0.142,0.189,0.042,0.037,0.023,0.005,0.007,0.002
22,Fiji,Country,2017,173294,108539,26000,33277,5478,191,120,29,37,6,0.626,0.15,0.192,0.032,0.035,0.022,0.005,0.007,0.001
22,Fiji,Country,2018,215520,131537,28795,38231,16957,236,144,32,42,19,0.61,0.134,0.177,0.079,0.042,0.026,0.006,0.007,0.003
22,Fiji,Country,2019,219797,137389,27579,41869,12960,240,150,30,46,14,0.625,0.125,0.191,0.059,0.043,0.027,0.005,0.008,0.003
22,Fiji,Country,2020,252081,131949,36257,53039,30836,274,143,39,58,33,0.523,0.144,0.21,0.122,0.059,0.031,0.009,0.012,0.007
22,Fiji,Country,2021,330934,155165,49895,74379,51495,358,168,54,81,56,0.469,0.151,0.225,0.156,0.082,0.038,0.012,0.018,0.013
22,Fiji,Country,2022,312287,143157,59428,89985,19716,337,155,64,97,21,0.458,0.19,0.288,0.063,0.065,0.03,0.012,0.019,0.004
79,Finland,Country,1995,13529128,10290734,317619,2920775,0,2642,2010,62,570,0,0.761,0.023,0.216,0,0.076,0.058,0.002,0.016,0
79,Finland,Country,1996,14036936,10687578,337914,3011445,0,2732,2080,66,586,0,0.761,0.024,0.215,0,0.076,0.058,0.002,0.016,0
79,Finland,Country,1997,14381413,10957071,354298,3070044,0,2791,2127,69,596,0,0.762,0.025,0.213,0,0.073,0.056,0.002,0.016,0
79,Finland,Country,1998,14713913,11203032,369904,3140977,0,2849,2169,72,608,0,0.761,0.025,0.213,0,0.071,0.054,0.002,0.015,0
79,Finland,Country,1999,15416708,11725211,394624,3296874,0,2978,2265,76,637,0,0.761,0.026,0.214,0,0.071,0.054,0.002,0.015,0
79,Finland,Country,2000,16079267,12199480,416788,3462998,0,3099,2351,80,667,0,0.759,0.026,0.215,0,0.07,0.053,0.002,0.015,0
79,Finland,Country,2001,16921816,12877248,430640,3613928,0,3253,2476,83,695,0,0.761,0.025,0.214,0,0.072,0.055,0.002,0.015,0
79,Finland,Country,2002,18123167,13911473,444099,3767595,0,3476,2668,85,723,0,0.768,0.025,0.208,0,0.076,0.058,0.002,0.016,0
79,Finland,Country,2003,19297425,14924889,460424,3912111,0,3691,2855,88,748,0,0.773,0.024,0.203,0,0.079,0.061,0.002,0.016,0
79,Finland,Country,2004,20380480,15846622,486781,4047077,0,3886,3021,93,772,0,0.778,0.024,0.199,0,0.081,0.063,0.002,0.016,0
79,Finland,Country,2005,21523203,16836443,525585,4161175,0,4089,3198,100,790,0,0.782,0.024,0.193,0,0.083,0.065,0.002,0.016,0
79,Finland,Country,2006,22403826,17607121,551365,4245339,0,4239,3331,104,803,0,0.786,0.025,0.19,0,0.083,0.065,0.002,0.016,0
79,Finland,Country,2007,22752860,17847647,570627,4334586,0,4287,3362,108,817,0,0.784,0.025,0.191,0,0.08,0.063,0.002,0.015,0
79,Finland,Country,2008,23463799,18425670,606929,4431200,0,4401,3456,114,831,0,0.785,0.026,0.189,0,0.082,0.064,0.002,0.015,0
79,Finland,Country,2009,24720214,19588624,639610,4491981,0,4614,3657,119,839,0,0.792,0.026,0.182,0,0.094,0.074,0.002,0.017,0
79,Finland,Country,2010,24886587,19653108,659573,4573905,0,4623,3651,123,850,0,0.79,0.027,0.184,0,0.091,0.072,0.002,0.017,0
79,Finland,Country,2011,25413449,20093971,688079,4631399,0,4699,3716,127,856,0,0.791,0.027,0.182,0,0.091,0.072,0.002,0.017,0
79,Finland,Country,2012,26232973,20859578,717017,4656377,0,4829,3840,132,857,0,0.795,0.027,0.178,0,0.095,0.076,0.003,0.017,0
79,Finland,Country,2013,26640762,21203107,733487,4704168,0,4883,3887,134,862,0,0.796,0.028,0.177,0,0.098,0.078,0.003,0.017,0
79,Finland,Country,2014,26603140,21093341,742905,4766894,0,4858,3852,136,870,0,0.793,0.028,0.179,0,0.098,0.078,0.003,0.018,0
79,Finland,Country,2015,26328883,20688142,749843,4890898,0,4792,3765,136,890,0,0.786,0.028,0.186,0,0.097,0.076,0.003,0.018,0
79,Finland,Country,2016,26300930,20537519,764627,4998784,0,4774,3728,139,907,0,0.781,0.029,0.19,0,0.094,0.074,0.003,0.018,0
79,Finland,Country,2017,26194209,20434434,768207,4991568,0,4746,3702,139,904,0,0.78,0.029,0.191,0,0.091,0.071,0.003,0.017,0
79,Finland,Country,2018,26557877,20913542,749402,4894932,0,4806,3784,136,886,0,0.787,0.028,0.184,0,0.091,0.072,0.003,0.017,0
79,Finland,Country,2019,27097163,21600446,697877,4798839,0,4899,3906,126,868,0,0.797,0.026,0.177,0,0.092,0.073,0.002,0.016,0
79,Finland,Country,2020,27829512,22631703,620025,4577784,0,5029,4090,112,827,0,0.813,0.022,0.164,0,0.097,0.079,0.002,0.016,0
79,Finland,Country,2021,29235605,23810242,576396,4848967,0,5279,4299,104,876,0,0.814,0.02,0.166,0,0.099,0.081,0.002,0.016,0
79,Finland,Country,2022,29156591,23836702,627887,4692003,0,5257,4298,113,846,0,0.818,0.022,0.161,0,0.098,0.08,0.002,0.016,0
80,France,Country,1995,197735334,144689037,38605030,14441267,0,3373,2468,659,246,0,0.732,0.195,0.073,0,0.101,0.074,0.02,0.007,0
80,France,Country,1996,200328018,146521211,39588189,14218618,0,3406,2491,673,242,0,0.731,0.198,0.071,0,0.101,0.074,0.02,0.007,0
80,France,Country,1997,203744936,148952124,40581953,14210858,0,3452,2524,688,241,0,0.731,0.199,0.07,0,0.1,0.073,0.02,0.007,0
80,France,Country,1998,207999113,151646208,41780319,14572585,0,3509,2558,705,246,0,0.729,0.201,0.07,0,0.098,0.072,0.02,0.007,0
80,France,Country,1999,215479984,157056525,43167351,15256109,0,3618,2637,725,256,0,0.729,0.2,0.071,0,0.099,0.072,0.02,0.007,0
80,France,Country,2000,222273841,161829769,44510198,15933873,0,3710,2701,743,266,0,0.728,0.2,0.072,0,0.098,0.071,0.02,0.007,0
80,France,Country,2001,230136110,167588258,45992216,16555636,0,3817,2780,763,275,0,0.728,0.2,0.072,0,0.099,0.072,0.02,0.007,0
80,France,Country,2002,239231513,174409735,47697666,17124112,0,3943,2875,786,282,0,0.729,0.199,0.072,0,0.102,0.075,0.02,0.007,0
80,France,Country,2003,245413855,178633481,48955433,17824940,0,4019,2925,802,292,0,0.728,0.199,0.073,0,0.104,0.076,0.021,0.008,0
80,France,Country,2004,251635156,182432646,50318176,18884334,0,4093,2967,818,307,0,0.725,0.2,0.075,0,0.104,0.075,0.021,0.008,0
80,France,Country,2005,260112304,187821487,51575649,20715168,0,4202,3034,833,335,0,0.722,0.198,0.08,0,0.105,0.076,0.021,0.008,0
80,France,Country,2006,267621574,191584211,52367980,23669384,0,4294,3074,840,380,0,0.716,0.196,0.088,0,0.106,0.076,0.021,0.009,0
80,France,Country,2007,273989227,194669441,53155246,26164540,0,4369,3104,848,417,0,0.711,0.194,0.095,0,0.105,0.075,0.02,0.01,0
80,France,Country,2008,280187423,197927872,54062248,28197303,0,4442,3138,857,447,0,0.706,0.193,0.101,0,0.107,0.076,0.021,0.011,0
80,France,Country,2009,292853202,207389314,55829781,29634107,0,4617,3270,880,467,0,0.708,0.191,0.101,0,0.115,0.082,0.022,0.012,0
80,France,Country,2010,296519062,208978543,57142804,30397714,0,4651,3278,896,477,0,0.705,0.193,0.103,0,0.115,0.081,0.022,0.012,0
80,France,Country,2011,300583615,210785942,58895683,30901990,0,4691,3290,919,482,0,0.701,0.196,0.103,0,0.113,0.08,0.022,0.012,0
80,France,Country,2012,307212709,215197967,60764887,31249856,0,4771,3342,944,485,0,0.7,0.198,0.102,0,0.116,0.081,0.023,0.012,0
80,France,Country,2013,312001853,218768720,61636562,31596571,0,4823,3381,953,488,0,0.701,0.198,0.101,0,0.117,0.082,0.023,0.012,0
80,France,Country,2014,316012842,223648497,60482732,31881613,0,4861,3441,930,490,0,0.708,0.191,0.101,0,0.117,0.083,0.022,0.012,0
80,France,Country,2015,318976909,230672382,56290044,32014484,0,4886,3533,862,490,0,0.723,0.176,0.1,0,0.117,0.085,0.021,0.012,0
80,France,Country,2016,323617986,240106842,51402854,32108290,0,4938,3664,784,490,0,0.742,0.159,0.099,0,0.117,0.087,0.019,0.012,0
80,France,Country,2017,328487149,247455492,48809057,32222600,0,4995,3763,742,490,0,0.753,0.149,0.098,0,0.117,0.088,0.017,0.011,0
80,France,Country,2018,328757964,248161333,48434416,32162216,0,4984,3762,734,488,0,0.755,0.147,0.098,0,0.115,0.087,0.017,0.011,0
80,France,Country,2019,331432067,249221053,49940769,32270245,0,5011,3768,755,488,0,0.752,0.151,0.097,0,0.114,0.085,0.017,0.011,0
80,France,Country,2020,331952733,254387960,47720241,29844532,0,5008,3838,720,450,0,0.766,0.144,0.09,0,0.123,0.094,0.018,0.011,0
80,France,Country,2021,360708688,273265283,55952040,31491365,0,5433,4116,843,474,0,0.758,0.155,0.087,0,0.125,0.095,0.019,0.011,0
80,France,Country,2022,356943216,269043773,56094784,31804659,0,5361,4041,843,478,0,0.754,0.157,0.089,0,0.121,0.091,0.019,0.011,0
173,Gabon,Country,1995,422178,140020,32099,249900,159,383,127,29,226,0,0.332,0.076,0.592,0,0.035,0.012,0.003,0.021,0
173,Gabon,Country,1996,423864,135136,31655,253852,3221,376,120,28,225,3,0.319,0.075,0.599,0.008,0.034,0.011,0.003,0.021,0
173,Gabon,Country,1997,453313,152691,33138,259566,7918,393,132,29,225,7,0.337,0.073,0.573,0.017,0.035,0.012,0.003,0.02,0.001
173,Gabon,Country,1998,518489,192250,37141,277589,11509,440,163,32,236,10,0.371,0.072,0.535,0.022,0.039,0.014,0.003,0.021,0.001
173,Gabon,Country,1999,430873,143721,32073,249222,5856,358,120,27,207,5,0.334,0.074,0.578,0.014,0.036,0.012,0.003,0.021,0
173,Gabon,Country,2000,384256,129343,29436,221020,4457,313,105,24,180,4,0.337,0.077,0.575,0.012,0.032,0.011,0.002,0.019,0
173,Gabon,Country,2001,419575,163621,32318,219624,4013,335,131,26,175,3,0.39,0.077,0.523,0.01,0.035,0.014,0.003,0.018,0
173,Gabon,Country,2002,420315,161878,32472,218690,7275,329,127,25,171,6,0.385,0.077,0.52,0.017,0.035,0.014,0.003,0.018,0.001
173,Gabon,Country,2003,408340,153961,31886,216840,5654,313,118,24,166,4,0.377,0.078,0.531,0.014,0.034,0.013,0.003,0.018,0
173,Gabon,Country,2004,409070,155208,31578,212346,9938,308,117,24,160,7,0.38,0.077,0.519,0.024,0.034,0.013,0.003,0.018,0.001
173,Gabon,Country,2005,400369,153039,30959,206288,10082,295,113,23,152,7,0.382,0.077,0.515,0.025,0.033,0.012,0.003,0.017,0.001
173,Gabon,Country,2006,412548,159078,31375,205207,16888,298,115,23,148,12,0.386,0.076,0.497,0.041,0.035,0.013,0.003,0.017,0.001
173,Gabon,Country,2007,404241,157859,31490,202543,12348,286,112,22,143,9,0.391,0.078,0.501,0.031,0.033,0.013,0.003,0.016,0.001
173,Gabon,Country,2008,392263,160866,31523,191036,8837,272,112,22,133,6,0.41,0.08,0.487,0.023,0.033,0.014,0.003,0.016,0.001
173,Gabon,Country,2009,419162,193917,34870,177048,13328,285,132,24,121,9,0.463,0.083,0.422,0.032,0.036,0.017,0.003,0.015,0.001
173,Gabon,Country,2010,390382,210000,35687,137771,6924,261,140,24,92,5,0.538,0.091,0.353,0.018,0.032,0.017,0.003,0.011,0.001
173,Gabon,Country,2011,387130,217478,36811,124539,8302,253,142,24,82,5,0.562,0.095,0.322,0.021,0.03,0.017,0.003,0.01,0.001
173,Gabon,Country,2012,405175,238784,39566,119645,7180,260,153,25,77,5,0.589,0.097,0.295,0.018,0.03,0.018,0.003,0.009,0.001
173,Gabon,Country,2013,507118,324102,47045,125182,10790,319,204,30,79,7,0.639,0.093,0.247,0.021,0.037,0.023,0.003,0.009,0.001
173,Gabon,Country,2014,453622,271366,50291,120890,11076,280,168,31,75,7,0.598,0.111,0.267,0.024,0.032,0.019,0.004,0.008,0.001
173,Gabon,Country,2015,472240,284800,59687,121820,5933,286,173,36,74,4,0.603,0.126,0.258,0.013,0.032,0.02,0.004,0.008,0
173,Gabon,Country,2016,519104,318604,68798,125141,6560,309,190,41,75,4,0.614,0.132,0.241,0.013,0.035,0.022,0.005,0.008,0
173,Gabon,Country,2017,550962,298652,70623,123436,58250,323,175,41,72,34,0.542,0.128,0.224,0.106,0.037,0.02,0.005,0.008,0.004
173,Gabon,Country,2018,508021,296421,79001,121270,11328,292,171,45,70,7,0.584,0.155,0.239,0.022,0.034,0.02,0.005,0.008,0.001
173,Gabon,Country,2019,561403,310829,85725,122190,42659,318,176,49,69,24,0.554,0.152,0.218,0.076,0.037,0.02,0.006,0.008,0.003
173,Gabon,Country,2020,595177,348972,89707,126904,29594,332,195,50,71,17,0.587,0.15,0.213,0.05,0.04,0.023,0.006,0.009,0.002
173,Gabon,Country,2021,525310,310810,84969,113244,16286,290,172,47,63,9,0.592,0.161,0.216,0.031,0.035,0.021,0.006,0.008,0.001
173,Gabon,Country,2022,569750,366419,81784,105926,15621,310,199,44,58,8,0.643,0.143,0.186,0.027,0.037,0.024,0.005,0.007,0.001
206,Gambia,Country,1995,19147,7965,2593,7900,690,16,7,2,7,1,0.417,0.135,0.412,0.036,0.021,0.009,0.003,0.009,0.001
206,Gambia,Country,1996,19435,8082,2667,8336,350,16,7,2,7,0,0.417,0.136,0.428,0.018,0.021,0.009,0.003,0.009,0
206,Gambia,Country,1997,20625,8166,2733,8538,1188,17,7,2,7,1,0.397,0.132,0.413,0.058,0.022,0.009,0.003,0.009,0.001
206,Gambia,Country,1998,24398,8069,2768,9188,4373,19,6,2,7,3,0.331,0.113,0.376,0.181,0.025,0.008,0.003,0.009,0.004
206,Gambia,Country,1999,25588,8003,2802,10070,4712,19,6,2,8,4,0.313,0.109,0.392,0.186,0.024,0.008,0.003,0.01,0.005
206,Gambia,Country,2000,26747,7748,2796,11262,4941,20,6,2,8,4,0.29,0.104,0.42,0.186,0.024,0.007,0.003,0.01,0.004
206,Gambia,Country,2001,26671,7762,2750,10932,5227,19,6,2,8,4,0.291,0.103,0.409,0.198,0.023,0.007,0.002,0.009,0.004
206,Gambia,Country,2002,30369,7123,2587,9635,11023,21,5,2,7,8,0.234,0.085,0.316,0.365,0.027,0.006,0.002,0.008,0.01
206,Gambia,Country,2003,31834,7811,2810,8863,12349,22,5,2,6,8,0.245,0.088,0.278,0.39,0.027,0.007,0.002,0.007,0.01
206,Gambia,Country,2004,46499,10155,3402,8876,24065,31,7,2,6,16,0.218,0.073,0.19,0.519,0.036,0.008,0.003,0.007,0.019
206,Gambia,Country,2005,52642,10900,3563,9167,29012,34,7,2,6,19,0.206,0.067,0.174,0.552,0.042,0.009,0.003,0.007,0.023
206,Gambia,Country,2006,42606,11811,3695,9751,17349,27,7,2,6,11,0.276,0.086,0.229,0.409,0.034,0.009,0.003,0.008,0.014
206,Gambia,Country,2007,43585,10394,3474,10156,19561,27,6,2,6,12,0.238,0.079,0.233,0.45,0.034,0.008,0.003,0.008,0.015
206,Gambia,Country,2008,42685,11121,3567,10853,17143,25,7,2,6,10,0.26,0.083,0.254,0.403,0.031,0.008,0.003,0.008,0.013
206,Gambia,Country,2009,51077,13707,3866,11741,21763,29,8,2,7,13,0.268,0.075,0.23,0.427,0.035,0.009,0.003,0.008,0.015
206,Gambia,Country,2010,65972,14566,3881,12297,35228,37,8,2,7,20,0.22,0.059,0.186,0.535,0.043,0.009,0.003,0.008,0.023
206,Gambia,Country,2011,72531,16097,3850,12669,39915,39,9,2,7,22,0.221,0.053,0.175,0.551,0.051,0.011,0.003,0.009,0.028
206,Gambia,Country,2012,77413,18227,3986,13196,42005,41,10,2,7,22,0.235,0.051,0.17,0.543,0.052,0.012,0.003,0.009,0.028
206,Gambia,Country,2013,86323,17124,3881,13367,51951,44,9,2,7,27,0.198,0.045,0.155,0.602,0.056,0.011,0.003,0.009,0.034
206,Gambia,Country,2014,75534,18173,4051,13630,39680,38,9,2,7,20,0.24,0.053,0.181,0.526,0.05,0.012,0.003,0.009,0.026
206,Gambia,Country,2015,71281,18676,3912,13835,34858,35,9,2,7,17,0.262,0.055,0.194,0.49,0.046,0.012,0.002,0.009,0.022
206,Gambia,Country,2016,74953,19295,3272,14460,37926,35,9,2,7,18,0.257,0.043,0.193,0.507,0.047,0.012,0.002,0.009,0.024
206,Gambia,Country,2017,116042,21962,3895,14413,75771,54,10,2,7,35,0.189,0.033,0.124,0.653,0.069,0.013,0.002,0.009,0.045
206,Gambia,Country,2018,108096,20165,4585,13510,69836,49,9,2,6,31,0.186,0.042,0.125,0.646,0.06,0.011,0.003,0.008,0.039
206,Gambia,Country,2019,97838,25136,6209,13700,52794,43,11,3,6,23,0.257,0.063,0.14,0.54,0.051,0.013,0.003,0.007,0.028
206,Gambia,Country,2020,153025,48660,6980,13573,83811,65,21,3,6,36,0.318,0.045,0.089,0.548,0.08,0.025,0.004,0.007,0.044
206,Gambia,Country,2021,173900,34421,8028,14544,116907,73,14,3,6,49,0.198,0.046,0.084,0.673,0.087,0.017,0.004,0.007,0.059
206,Gambia,Country,2022,147011,34495,8734,15306,88475,60,14,4,6,36,0.234,0.059,0.104,0.602,0.07,0.016,0.004,0.007,0.042
35,Georgia,Country,1995,395259,28239,2,366189,830,76,5,0,70,0,0.072,0,0.926,0.002,0.057,0.004,0,0.052,0
35,Georgia,Country,1996,487708,48100,4,435828,3777,95,9,0,85,1,0.099,0,0.893,0.008,0.062,0.006,0,0.055,0
35,Georgia,Country,1997,552236,70491,16,476868,4861,110,14,0,95,1,0.128,0,0.863,0.009,0.063,0.008,0,0.054,0.001
35,Georgia,Country,1998,528300,72295,11,446126,9869,107,15,0,90,2,0.137,0,0.844,0.019,0.058,0.008,0,0.049,0.001
35,Georgia,Country,1999,544108,75826,27,441828,26427,113,16,0,91,5,0.139,0,0.812,0.049,0.058,0.008,0,0.047,0.003
35,Georgia,Country,2000,574340,76723,270,475114,22232,121,16,0,100,5,0.134,0,0.827,0.039,0.06,0.008,0,0.05,0.002
35,Georgia,Country,2001,632966,89165,1162,519225,23414,137,19,0,112,5,0.141,0.002,0.82,0.037,0.063,0.009,0,0.052,0.002
35,Georgia,Country,2002,699111,97363,2702,573549,25497,154,21,1,126,6,0.139,0.004,0.82,0.037,0.066,0.009,0,0.054,0.002
35,Georgia,Country,2003,764984,108159,4958,637500,14367,172,24,1,143,3,0.141,0.006,0.833,0.019,0.066,0.009,0,0.055,0.001
35,Georgia,Country,2004,848497,127096,8370,694616,18414,194,29,2,159,4,0.15,0.01,0.819,0.022,0.07,0.011,0.001,0.057,0.002
35,Georgia,Country,2005,944173,145953,12703,744501,41016,220,34,3,174,10,0.155,0.013,0.788,0.043,0.072,0.011,0.001,0.057,0.003
35,Georgia,Country,2006,1003354,158472,18401,778842,47639,238,38,4,184,11,0.158,0.018,0.776,0.048,0.071,0.011,0.001,0.055,0.003
35,Georgia,Country,2007,1108987,193278,29340,837872,48498,266,46,7,201,12,0.174,0.026,0.756,0.044,0.07,0.012,0.002,0.053,0.003
35,Georgia,Country,2008,1219977,237407,43050,905472,34048,297,58,10,221,8,0.195,0.035,0.742,0.028,0.076,0.015,0.003,0.056,0.002
35,Georgia,Country,2009,1347422,277703,49546,968068,52105,333,69,12,239,13,0.206,0.037,0.718,0.039,0.088,0.018,0.003,0.063,0.003
35,Georgia,Country,2010,1367741,275792,47513,994911,49526,342,69,12,249,12,0.202,0.035,0.727,0.036,0.084,0.017,0.003,0.061,0.003
35,Georgia,Country,2011,1367643,267355,50039,996772,53478,347,68,13,253,14,0.196,0.037,0.729,0.039,0.078,0.015,0.003,0.057,0.003
35,Georgia,Country,2012,1433962,307807,57220,1014017,54918,367,79,15,260,14,0.215,0.04,0.707,0.038,0.077,0.017,0.003,0.055,0.003
35,Georgia,Country,2013,1456261,355158,65512,1004058,31533,377,92,17,260,8,0.244,0.045,0.689,0.022,0.075,0.018,0.003,0.052,0.002
35,Georgia,Country,2014,1515915,433269,75048,977842,29756,396,113,20,256,8,0.286,0.049,0.645,0.02,0.075,0.022,0.004,0.049,0.001
35,Georgia,Country,2015,1553182,503571,87540,919463,42608,409,133,23,242,11,0.324,0.056,0.592,0.027,0.076,0.024,0.004,0.045,0.002
35,Georgia,Country,2016,1580508,574465,106431,878458,21154,420,153,28,234,6,0.364,0.067,0.556,0.013,0.075,0.027,0.005,0.042,0.001
35,Georgia,Country,2017,1577289,601269,125412,820386,30221,423,161,34,220,8,0.381,0.079,0.52,0.019,0.072,0.027,0.006,0.037,0.001
35,Georgia,Country,2018,1589591,627782,162738,781050,18020,429,170,44,211,5,0.395,0.102,0.491,0.011,0.069,0.027,0.007,0.034,0.001
35,Georgia,Country,2019,1705417,680371,190439,770450,64157,464,185,52,210,17,0.399,0.112,0.452,0.038,0.07,0.028,0.008,0.032,0.003
35,Georgia,Country,2020,1986553,855002,378039,690486,63027,545,235,104,189,17,0.43,0.19,0.348,0.032,0.088,0.038,0.017,0.031,0.003
35,Georgia,Country,2021,2191362,1135384,323082,659120,73776,613,317,90,184,21,0.518,0.147,0.301,0.034,0.09,0.046,0.013,0.027,0.003
35,Georgia,Country,2022,2083782,863625,358187,833777,28192,584,242,100,234,8,0.415,0.172,0.4,0.014,0.077,0.032,0.013,0.031,0.001
81,Germany,Country,1995,298776098,241406726,26054327,31315044,0,3654,2952,319,383,0,0.808,0.087,0.105,0,0.093,0.075,0.008,0.01,0
81,Germany,Country,1996,306998794,246606782,27179484,33212528,0,3747,3010,332,405,0,0.803,0.089,0.108,0,0.095,0.076,0.008,0.01,0
81,Germany,Country,1997,319769986,255214544,28861793,35693649,0,3898,3111,352,435,0,0.798,0.09,0.112,0,0.097,0.077,0.009,0.011,0
81,Germany,Country,1998,328039146,259863809,30206735,37968602,0,3995,3164,368,462,0,0.792,0.092,0.116,0,0.097,0.077,0.009,0.011,0
81,Germany,Country,1999,337344287,265793119,31573669,39977499,0,4103,3233,384,486,0,0.788,0.094,0.119,0,0.098,0.077,0.009,0.012,0
81,Germany,Country,2000,345845694,271037048,32800180,42008465,0,4202,3293,398,510,0,0.784,0.095,0.121,0,0.097,0.076,0.009,0.012,0
81,Germany,Country,2001,352684995,275286484,33725805,43672707,0,4279,3340,409,530,0,0.781,0.096,0.124,0,0.098,0.076,0.009,0.012,0
81,Germany,Country,2002,360367873,280115343,34707133,45545397,0,4368,3395,421,552,0,0.777,0.096,0.126,0,0.1,0.078,0.01,0.013,0
81,Germany,Country,2003,365061792,281705799,35691737,47664257,0,4424,3414,433,578,0,0.772,0.098,0.131,0,0.102,0.079,0.01,0.013,0
81,Germany,Country,2004,362845031,276376350,36401767,50066913,0,4398,3350,441,607,0,0.762,0.1,0.138,0,0.1,0.076,0.01,0.014,0
81,Germany,Country,2005,371223378,281198030,37661965,52363383,0,4504,3412,457,635,0,0.757,0.101,0.141,0,0.101,0.077,0.01,0.014,0
81,Germany,Country,2006,377996641,284747957,38933074,54315610,0,4592,3459,473,660,0,0.753,0.103,0.144,0,0.099,0.075,0.01,0.014,0
81,Germany,Country,2007,381943882,286401979,40146871,55395032,0,4649,3486,489,674,0,0.75,0.105,0.145,0,0.097,0.073,0.01,0.014,0
81,Germany,Country,2008,393802761,295859425,41661756,56281581,0,4804,3609,508,687,0,0.751,0.106,0.143,0,0.1,0.075,0.011,0.014,0
81,Germany,Country,2009,413741158,313709420,42865039,57166699,0,5059,3836,524,699,0,0.758,0.104,0.138,0,0.111,0.084,0.011,0.015,0
81,Germany,Country,2010,420643432,318538462,43702152,58402819,0,5152,3902,535,715,0,0.757,0.104,0.139,0,0.108,0.082,0.011,0.015,0
81,Germany,Country,2011,419639970,315895918,44378961,59365090,0,5146,3873,544,728,0,0.753,0.106,0.141,0,0.103,0.078,0.011,0.015,0
81,Germany,Country,2012,428761094,324359392,44716261,59685442,0,5251,3972,548,731,0,0.757,0.104,0.139,0,0.105,0.08,0.011,0.015,0
81,Germany,Country,2013,437831166,334281482,44645039,58904644,0,5344,4080,545,719,0,0.763,0.102,0.135,0,0.107,0.082,0.011,0.014,0
81,Germany,Country,2014,446475150,342912935,44822795,58739420,0,5421,4164,544,713,0,0.768,0.1,0.132,0,0.106,0.082,0.011,0.014,0
81,Germany,Country,2015,459707323,354463129,45585019,59659175,0,5546,4276,550,720,0,0.771,0.099,0.13,0,0.108,0.083,0.011,0.014,0
81,Germany,Country,2016,474473732,367273175,46103913,61096644,0,5684,4400,552,732,0,0.774,0.097,0.129,0,0.109,0.085,0.011,0.014,0
81,Germany,Country,2017,488804772,378768081,46825589,63211102,0,5810,4502,557,751,0,0.775,0.096,0.129,0,0.109,0.085,0.01,0.014,0
81,Germany,Country,2018,502391892,388594776,47944678,65852438,0,5936,4591,566,778,0,0.773,0.095,0.131,0,0.111,0.085,0.011,0.014,0
81,Germany,Country,2019,518560265,400782018,49155373,68622874,0,6104,4718,579,808,0,0.773,0.095,0.132,0,0.113,0.087,0.011,0.015,0
81,Germany,Country,2020,540911816,425641811,49602394,65667611,0,6349,4996,582,771,0,0.787,0.092,0.121,0,0.122,0.096,0.011,0.015,0
81,Germany,Country,2021,568545256,449479269,50239821,68826166,0,6641,5250,587,804,0,0.791,0.088,0.121,0,0.124,0.098,0.011,0.015,0
81,Germany,Country,2022,561290615,450921445,49465496,60903674,0,6549,5261,577,711,0,0.803,0.088,0.109,0,0.121,0.097,0.011,0.013,0
207,Ghana,Country,1995,375621,181225,32466,130418,31513,22,11,2,8,2,0.482,0.086,0.347,0.085,0.025,0.012,0.002,0.009,0.002
207,Ghana,Country,1996,399200,193271,34561,138411,32957,23,11,2,8,2,0.484,0.086,0.347,0.083,0.025,0.012,0.002,0.009,0.002
207,Ghana,Country,1997,488059,190212,35557,148400,113891,28,11,2,8,6,0.389,0.073,0.303,0.235,0.029,0.011,0.002,0.009,0.007
207,Ghana,Country,1998,434955,199408,38307,153352,43888,24,11,2,8,2,0.458,0.088,0.352,0.102,0.025,0.011,0.002,0.009,0.003
207,Ghana,Country,1999,476859,197233,41076,157690,80860,26,11,2,8,4,0.413,0.086,0.33,0.171,0.026,0.011,0.002,0.009,0.004
207,Ghana,Country,2000,490803,202970,46809,160419,80605,26,11,2,8,4,0.413,0.095,0.327,0.166,0.026,0.011,0.002,0.008,0.004
207,Ghana,Country,2001,572257,232283,49741,169721,120512,29,12,3,9,6,0.405,0.087,0.296,0.212,0.029,0.012,0.003,0.009,0.006
207,Ghana,Country,2002,532067,210445,42546,178896,100180,26,10,2,9,5,0.395,0.08,0.336,0.19,0.026,0.01,0.002,0.009,0.005
207,Ghana,Country,2003,688347,267583,35926,207899,176939,33,13,2,10,9,0.388,0.052,0.301,0.258,0.032,0.012,0.002,0.01,0.008
207,Ghana,Country,2004,883918,341932,33979,241961,266046,41,16,2,11,12,0.386,0.038,0.273,0.302,0.039,0.015,0.001,0.011,0.012
207,Ghana,Country,2005,1009228,411239,33631,292355,272003,46,19,2,13,12,0.407,0.033,0.289,0.271,0.042,0.017,0.001,0.012,0.011
207,Ghana,Country,2006,1151998,498536,34555,374581,244325,51,22,2,17,11,0.432,0.03,0.325,0.213,0.045,0.019,0.001,0.015,0.01
207,Ghana,Country,2007,1342561,602528,36625,454409,248999,58,26,2,20,11,0.448,0.027,0.338,0.186,0.05,0.022,0.001,0.017,0.009
207,Ghana,Country,2008,1529538,661482,38555,523936,305564,64,28,2,22,13,0.432,0.025,0.342,0.201,0.052,0.022,0.001,0.018,0.01
207,Ghana,Country,2009,1690359,739921,41676,582505,326257,69,30,2,24,13,0.437,0.025,0.344,0.194,0.054,0.024,0.001,0.019,0.011
207,Ghana,Country,2010,1887659,879973,47863,650856,308967,74,35,2,26,12,0.466,0.025,0.345,0.164,0.056,0.026,0.001,0.019,0.009
207,Ghana,Country,2011,2013892,927437,55171,711390,319894,77,35,2,27,12,0.46,0.027,0.353,0.159,0.052,0.024,0.001,0.018,0.008
207,Ghana,Country,2012,2261440,1007884,68131,780302,405122,84,37,3,29,15,0.445,0.03,0.345,0.18,0.054,0.024,0.002,0.018,0.01
207,Ghana,Country,2013,2311207,994342,74533,851434,390897,83,36,3,31,14,0.43,0.032,0.368,0.17,0.051,0.022,0.002,0.019,0.009
207,Ghana,Country,2014,2194593,952851,82383,861628,297731,77,33,3,30,10,0.434,0.037,0.392,0.136,0.047,0.02,0.002,0.018,0.006
207,Ghana,Country,2015,2168109,902045,86074,809552,370438,74,31,3,28,13,0.416,0.04,0.373,0.171,0.045,0.019,0.002,0.017,0.008
207,Ghana,Country,2016,2085312,945953,85779,716553,337026,69,31,3,24,11,0.454,0.041,0.343,0.162,0.042,0.019,0.002,0.014,0.007
207,Ghana,Country,2017,1913301,938789,58574,610333,305605,62,30,2,20,10,0.491,0.031,0.318,0.16,0.035,0.017,0.001,0.011,0.006
207,Ghana,Country,2018,2139445,1095809,51430,620827,371378,67,34,2,20,12,0.513,0.024,0.289,0.174,0.037,0.019,0.001,0.011,0.006
207,Ghana,Country,2019,2402779,1285886,50672,666323,399899,74,39,2,20,12,0.536,0.021,0.276,0.167,0.038,0.021,0.001,0.011,0.006
207,Ghana,Country,2020,2897491,1702779,47141,747833,399737,87,51,1,22,12,0.588,0.016,0.257,0.138,0.046,0.027,0.001,0.012,0.006
207,Ghana,Country,2021,3179112,1503176,141217,760868,773852,92,43,4,22,22,0.474,0.044,0.238,0.244,0.047,0.022,0.002,0.011,0.012
207,Ghana,Country,2022,2896234,1516241,117466,707154,555372,82,43,3,20,16,0.524,0.04,0.243,0.192,0.041,0.022,0.002,0.01,0.008
82,Greece,Country,1995,14666798,7579858,248242,6838698,0,1359,702,23,634,0,0.517,0.017,0.466,0,0.078,0.04,0.001,0.036,0
82,Greece,Country,1996,14913514,7771753,254385,6887375,0,1373,716,23,634,0,0.521,0.017,0.462,0,0.078,0.04,0.001,0.036,0
82,Greece,Country,1997,15160811,7989680,262197,6908933,0,1387,731,24,632,0,0.527,0.017,0.456,0,0.076,0.04,0.001,0.035,0
82,Greece,Country,1998,15664369,8504001,277192,6883175,0,1424,773,25,626,0,0.543,0.018,0.439,0,0.076,0.041,0.001,0.033,0
82,Greece,Country,1999,16288679,9227178,301015,6760487,0,1475,835,27,612,0,0.566,0.018,0.415,0,0.077,0.044,0.001,0.032,0
82,Greece,Country,2000,17051554,10134060,341532,6575962,0,1538,914,31,593,0,0.594,0.02,0.386,0,0.077,0.046,0.002,0.03,0
82,Greece,Country,2001,18293165,11074493,384062,6834610,0,1643,994,34,614,0,0.605,0.021,0.374,0,0.079,0.048,0.002,0.03,0
82,Greece,Country,2002,19593853,11822217,425946,7345690,0,1756,1059,38,658,0,0.603,0.022,0.375,0,0.081,0.049,0.002,0.031,0
82,Greece,Country,2003,21032588,12651892,468815,7911880,0,1885,1134,42,709,0,0.601,0.022,0.376,0,0.083,0.05,0.002,0.031,0
82,Greece,Country,2004,22299215,13460880,509471,8328864,0,1999,1207,46,747,0,0.604,0.023,0.374,0,0.084,0.05,0.002,0.031,0
82,Greece,Country,2005,22896766,13868164,537057,8491545,0,2053,1243,48,761,0,0.606,0.023,0.371,0,0.085,0.052,0.002,0.032,0
82,Greece,Country,2006,23700370,14601806,576820,8521744,0,2126,1310,52,765,0,0.616,0.024,0.36,0,0.083,0.051,0.002,0.03,0
82,Greece,Country,2007,24833321,15764444,630625,8438251,0,2230,1416,57,758,0,0.635,0.025,0.34,0,0.084,0.054,0.002,0.029,0
82,Greece,Country,2008,25986943,17076883,689356,8220704,0,2337,1536,62,739,0,0.657,0.027,0.316,0,0.089,0.058,0.002,0.028,0
82,Greece,Country,2009,26266772,17710388,737869,7818515,0,2365,1595,66,704,0,0.674,0.028,0.298,0,0.094,0.063,0.003,0.028,0
82,Greece,Country,2010,24523694,16455323,786748,7281623,0,2215,1486,71,658,0,0.671,0.032,0.297,0,0.093,0.063,0.003,0.028,0
82,Greece,Country,2011,22444417,14871758,809320,6763339,0,2038,1351,74,614,0,0.663,0.036,0.301,0,0.095,0.063,0.003,0.029,0
82,Greece,Country,2012,20176844,12997191,844804,6334849,0,1850,1192,77,581,0,0.644,0.042,0.314,0,0.094,0.06,0.004,0.029,0
82,Greece,Country,2013,18779553,11809714,771892,6197947,0,1741,1095,72,575,0,0.629,0.041,0.33,0,0.09,0.056,0.004,0.03,0
82,Greece,Country,2014,16892721,10055486,683643,6153591,0,1582,942,64,576,0,0.595,0.04,0.364,0,0.08,0.048,0.003,0.029,0
82,Greece,Country,2015,16763289,9929311,623199,6210779,0,1585,939,59,587,0,0.592,0.037,0.371,0,0.08,0.047,0.003,0.03,0
82,Greece,Country,2016,18364617,9351106,2650696,6362815,0,1749,891,253,606,0,0.509,0.144,0.347,0,0.088,0.045,0.013,0.03,0
82,Greece,Country,2017,17864374,9103774,2440091,6320509,0,1711,872,234,605,0,0.51,0.137,0.354,0,0.085,0.043,0.012,0.03,0
82,Greece,Country,2018,17999543,9143724,2514909,6340909,0,1734,881,242,611,0,0.508,0.14,0.352,0,0.084,0.043,0.012,0.03,0
82,Greece,Country,2019,18205994,9044290,2873104,6288600,0,1765,877,278,610,0,0.497,0.158,0.345,0,0.083,0.041,0.013,0.029,0
82,Greece,Country,2020,19442514,10545677,2355395,6541442,0,1897,1029,230,638,0,0.542,0.121,0.336,0,0.098,0.053,0.012,0.033,0
82,Greece,Country,2021,20382516,12093777,1517821,6770918,0,1991,1181,148,661,0,0.593,0.074,0.332,0,0.094,0.056,0.007,0.031,0
82,Greece,Country,2022,19911075,10784448,2493620,6633007,0,1956,1059,245,652,0,0.542,0.125,0.333,0,0.086,0.047,0.011,0.029,0
349,Greenland,Country,1995,212721,212704,8,8,0,3818,3818,0,0,0,1,0,0,0,0.129,0.129,0,0,0
349,Greenland,Country,1996,214436,214419,9,9,0,3838,3837,0,0,0,1,0,0,0,0.128,0.128,0,0,0
349,Greenland,Country,1997,220034,220016,9,9,0,3931,3930,0,0,0,1,0,0,0,0.13,0.13,0,0,0
349,Greenland,Country,1998,229946,229928,9,9,0,4101,4101,0,0,0,1,0,0,0,0.126,0.126,0,0,0
349,Greenland,Country,1999,236902,236883,9,10,0,4224,4224,0,0,0,1,0,0,0,0.128,0.128,0,0,0
349,Greenland,Country,2000,245004,244985,10,10,0,4364,4364,0,0,0,1,0,0,0,0.124,0.124,0,0,0
349,Greenland,Country,2001,259298,259278,9,10,0,4608,4607,0,0,0,1,0,0,0,0.129,0.129,0,0,0
349,Greenland,Country,2002,267834,267814,10,11,0,4738,4738,0,0,0,1,0,0,0,0.135,0.135,0,0,0
349,Greenland,Country,2003,273976,273955,10,11,0,4834,4834,0,0,0,1,0,0,0,0.135,0.135,0,0,0
349,Greenland,Country,2004,275693,275670,11,12,0,4850,4849,0,0,0,1,0,0,0,0.127,0.127,0,0,0
349,Greenland,Country,2005,280636,280612,11,13,0,4925,4925,0,0,0,1,0,0,0,0.123,0.123,0,0,0
349,Greenland,Country,2006,290334,290309,12,14,0,5103,5103,0,0,0,1,0,0,0,0.121,0.121,0,0,0
349,Greenland,Country,2007,306454,306428,12,14,0,5407,5407,0,0,0,1,0,0,0,0.124,0.124,0,0,0
349,Greenland,Country,2008,331486,331460,12,14,0,5871,5871,0,0,0,1,0,0,0,0.127,0.127,0,0,0
349,Greenland,Country,2009,349327,349302,12,13,0,6209,6208,0,0,0,1,0,0,0,0.133,0.133,0,0,0
349,Greenland,Country,2010,361018,360992,13,14,0,6396,6396,0,0,0,1,0,0,0,0.135,0.135,0,0,0
349,Greenland,Country,2011,371718,371691,13,14,0,6564,6563,0,0,0,1,0,0,0,0.14,0.14,0,0,0
349,Greenland,Country,2012,379001,378974,13,14,0,6682,6681,0,0,0,1,0,0,0,0.14,0.14,0,0,0
349,Greenland,Country,2013,381616,381589,13,14,0,6760,6759,0,0,0,1,0,0,0,0.143,0.143,0,0,0
349,Greenland,Country,2014,371233,371205,14,14,0,6597,6596,0,0,0,1,0,0,0,0.133,0.133,0,0,0
349,Greenland,Country,2015,353859,353830,14,15,0,6316,6316,0,0,0,1,0,0,0,0.13,0.13,0,0,0
349,Greenland,Country,2016,345932,345903,14,15,0,6190,6190,0,0,0,1,0,0,0,0.122,0.122,0,0,0
349,Greenland,Country,2017,348789,348761,14,15,0,6241,6240,0,0,0,1,0,0,0,0.123,0.123,0,0,0
349,Greenland,Country,2018,355653,355624,13,16,0,6360,6359,0,0,0,1,0,0,0,0.124,0.124,0,0,0
349,Greenland,Country,2019,367260,367231,13,16,0,6560,6559,0,0,0,1,0,0,0,0.125,0.125,0,0,0
349,Greenland,Country,2020,378590,378560,14,16,0,6754,6753,0,0,0,1,0,0,0,0.128,0.128,0,0,0
349,Greenland,Country,2021,395422,395392,14,16,0,7064,7063,0,0,0,1,0,0,0,0.133,0.133,0,0,0
349,Greenland,Country,2022,409109,409078,15,16,0,7313,7312,0,0,0,1,0,0,0,0.136,0.136,0,0,0
112,Grenada,Country,1995,46427,23033,1818,21574,3,499,248,20,232,0,0.496,0.039,0.465,0,0.086,0.042,0.003,0.04,0
112,Grenada,Country,1996,48986,23807,1840,23304,35,515,251,19,245,0,0.486,0.037,0.476,0.001,0.085,0.041,0.003,0.04,0
112,Grenada,Country,1997,50494,22941,1795,25218,540,519,236,18,259,6,0.454,0.035,0.5,0.011,0.082,0.037,0.003,0.041,0.001
112,Grenada,Country,1998,50635,21348,1752,27104,431,509,214,18,272,4,0.422,0.035,0.535,0.009,0.072,0.031,0.003,0.039,0.001
112,Grenada,Country,1999,48755,19292,1699,27701,63,479,189,17,272,1,0.396,0.035,0.568,0.001,0.064,0.025,0.002,0.036,0
112,Grenada,Country,2000,46996,18350,1692,26910,44,452,177,16,259,0,0.39,0.036,0.573,0.001,0.058,0.023,0.002,0.033,0
112,Grenada,Country,2001,47886,19791,1731,26307,57,453,187,16,249,1,0.413,0.036,0.549,0.001,0.06,0.025,0.002,0.033,0
112,Grenada,Country,2002,51517,23272,1855,26348,43,481,217,17,246,0,0.452,0.036,0.512,0.001,0.062,0.028,0.002,0.032,0
112,Grenada,Country,2003,48928,21070,1819,25548,492,453,195,17,237,5,0.431,0.037,0.522,0.01,0.053,0.023,0.002,0.028,0.001
112,Grenada,Country,2004,47884,20320,1855,25076,633,442,187,17,231,6,0.424,0.039,0.524,0.013,0.052,0.022,0.002,0.027,0.001
112,Grenada,Country,2005,50551,21755,2067,26229,500,465,200,19,241,5,0.43,0.041,0.519,0.01,0.049,0.021,0.002,0.025,0
112,Grenada,Country,2006,54255,23608,2199,27432,1016,500,217,20,253,9,0.435,0.04,0.506,0.019,0.055,0.024,0.002,0.028,0.001
112,Grenada,Country,2007,53502,21425,2182,28828,1068,494,198,20,266,10,0.4,0.041,0.539,0.02,0.051,0.02,0.002,0.028,0.001
112,Grenada,Country,2008,55409,21733,2304,30167,1206,513,201,21,279,11,0.392,0.042,0.544,0.022,0.053,0.021,0.002,0.029,0.001
112,Grenada,Country,2009,55363,21440,2323,30395,1205,515,199,22,283,11,0.387,0.042,0.549,0.022,0.057,0.022,0.002,0.031,0.001
112,Grenada,Country,2010,55573,21910,2343,30707,613,519,205,22,287,6,0.394,0.042,0.553,0.011,0.058,0.023,0.002,0.032,0.001
112,Grenada,Country,2011,57000,22746,2364,31013,877,535,213,22,291,8,0.399,0.041,0.544,0.015,0.06,0.024,0.002,0.032,0.001
112,Grenada,Country,2012,55738,21883,2277,30492,1086,525,206,21,287,10,0.393,0.041,0.547,0.019,0.06,0.023,0.002,0.033,0.001
112,Grenada,Country,2013,56016,22871,2265,29894,985,530,216,21,283,9,0.408,0.04,0.534,0.018,0.059,0.024,0.002,0.032,0.001
112,Grenada,Country,2014,54996,23379,2258,29013,346,522,222,21,275,3,0.425,0.041,0.528,0.006,0.055,0.023,0.002,0.029,0
112,Grenada,Country,2015,54257,22197,2210,29088,763,517,211,21,277,7,0.409,0.041,0.536,0.014,0.051,0.021,0.002,0.027,0.001
112,Grenada,Country,2016,54388,22099,2245,29755,289,520,211,21,284,3,0.406,0.041,0.547,0.005,0.05,0.02,0.002,0.027,0
112,Grenada,Country,2017,59224,23111,2411,31250,2452,568,222,23,300,24,0.39,0.041,0.528,0.041,0.052,0.02,0.002,0.028,0.002
112,Grenada,Country,2018,62087,24675,2593,32887,1932,598,237,25,317,19,0.397,0.042,0.53,0.031,0.053,0.021,0.002,0.028,0.002
112,Grenada,Country,2019,67712,25947,2803,34618,4343,654,251,27,334,42,0.383,0.041,0.511,0.064,0.058,0.022,0.002,0.029,0.004
112,Grenada,Country,2020,63808,25354,2442,31070,4943,619,246,24,301,48,0.397,0.038,0.487,0.078,0.063,0.025,0.002,0.031,0.005
112,Grenada,Country,2021,76893,25724,2397,32677,16095,742,248,23,315,155,0.334,0.031,0.425,0.209,0.073,0.024,0.002,0.031,0.015
112,Grenada,Country,2022,63962,25320,2753,33528,2361,615,244,26,322,23,0.396,0.043,0.524,0.037,0.057,0.022,0.002,0.03,0.002
351,Guam,Country,1995,96437,65151,1360,29925,0,641,433,9,199,0,0.674,0.014,0.311,0,0.019,0.013,0,0.006,0
351,Guam,Country,1996,97801,66365,1367,30069,0,640,434,9,197,0,0.677,0.014,0.308,0,0.019,0.013,0,0.006,0
351,Guam,Country,1997,99367,67762,1344,30261,0,642,438,9,196,0,0.681,0.014,0.306,0,0.018,0.013,0,0.006,0
351,Guam,Country,1998,100719,69102,1283,30334,0,644,442,8,194,0,0.685,0.013,0.302,0,0.018,0.013,0,0.006,0
351,Guam,Country,1999,102122,70550,1195,30376,0,646,446,8,192,0,0.69,0.012,0.299,0,0.018,0.013,0,0.005,0
351,Guam,Country,2000,103999,72313,1097,30589,0,653,454,7,192,0,0.694,0.011,0.295,0,0.018,0.013,0,0.005,0
351,Guam,Country,2001,106433,74278,1132,31023,0,663,463,7,193,0,0.696,0.011,0.293,0,0.018,0.013,0,0.005,0
351,Guam,Country,2002,108958,76068,1280,31611,0,676,472,8,196,0,0.697,0.012,0.292,0,0.018,0.013,0,0.005,0
351,Guam,Country,2003,111455,77742,1520,32194,0,689,480,9,199,0,0.696,0.014,0.29,0,0.019,0.013,0,0.005,0
351,Guam,Country,2004,114968,80005,1866,33097,0,708,493,11,204,0,0.694,0.016,0.289,0,0.018,0.013,0,0.005,0
351,Guam,Country,2005,119303,82763,2280,34260,0,732,508,14,210,0,0.692,0.019,0.289,0,0.018,0.013,0,0.005,0
351,Guam,Country,2006,122403,84547,2737,35119,0,749,518,17,215,0,0.689,0.023,0.289,0,0.019,0.013,0,0.006,0
351,Guam,Country,2007,124793,85753,3294,35746,0,762,524,20,218,0,0.685,0.027,0.288,0,0.02,0.013,0.001,0.006,0
351,Guam,Country,2008,127224,86874,4030,36320,0,776,530,25,222,0,0.681,0.032,0.287,0,0.02,0.013,0.001,0.006,0
351,Guam,Country,2009,129398,87789,4745,36864,0,789,535,29,225,0,0.677,0.037,0.286,0,0.02,0.014,0.001,0.006,0
351,Guam,Country,2010,131980,89036,5452,37492,0,804,543,33,228,0,0.673,0.042,0.285,0,0.02,0.013,0.001,0.006,0
351,Guam,Country,2011,134772,90636,6127,38009,0,822,553,37,232,0,0.671,0.046,0.283,0,0.02,0.014,0.001,0.006,0
351,Guam,Country,2012,137765,92509,6782,38475,0,841,565,41,235,0,0.67,0.05,0.281,0,0.02,0.014,0.001,0.006,0
351,Guam,Country,2013,141302,94892,7391,39018,0,864,580,45,239,0,0.67,0.053,0.277,0,0.021,0.014,0.001,0.006,0
351,Guam,Country,2014,144767,97416,7757,39593,0,887,597,48,243,0,0.671,0.054,0.275,0,0.021,0.014,0.001,0.006,0
351,Guam,Country,2015,147601,99767,7817,40017,0,907,613,48,246,0,0.674,0.053,0.273,0,0.021,0.014,0.001,0.006,0
351,Guam,Country,2016,150591,102518,7746,40327,0,928,632,48,249,0,0.679,0.052,0.269,0,0.021,0.014,0.001,0.006,0
351,Guam,Country,2017,153534,105250,7700,40585,0,949,651,48,251,0,0.683,0.051,0.266,0,0.021,0.015,0.001,0.006,0
351,Guam,Country,2018,156125,107794,7644,40687,0,969,669,47,252,0,0.688,0.049,0.262,0,0.022,0.015,0.001,0.006,0
351,Guam,Country,2019,159007,110684,7661,40663,0,990,689,48,253,0,0.694,0.049,0.257,0,0.022,0.015,0.001,0.006,0
351,Guam,Country,2020,157734,110715,7497,39523,0,986,692,47,247,0,0.7,0.048,0.252,0,0.024,0.017,0.001,0.006,0
351,Guam,Country,2021,156987,111009,7380,38598,0,985,696,46,242,0,0.705,0.048,0.247,0,0.024,0.017,0.001,0.006,0
351,Guam,Country,2022,159086,113236,7419,38430,0,990,705,46,239,0,0.71,0.047,0.243,0,0.023,0.016,0.001,0.006,0
128,Guatemala,Country,1995,1598833,552808,37307,978377,30341,166,57,4,101,3,0.346,0.023,0.612,0.019,0.044,0.015,0.001,0.027,0.001
128,Guatemala,Country,1996,1639481,566368,39618,1005339,28156,165,57,4,101,3,0.345,0.024,0.613,0.017,0.043,0.015,0.001,0.027,0.001
128,Guatemala,Country,1997,1897522,632778,44059,1063998,156687,186,62,4,104,15,0.333,0.023,0.561,0.083,0.048,0.016,0.001,0.027,0.004
128,Guatemala,Country,1998,1955958,724656,51033,1141830,38440,186,69,5,109,4,0.37,0.026,0.584,0.02,0.047,0.017,0.001,0.027,0.001
128,Guatemala,Country,1999,2239997,816689,66519,1274964,81826,208,76,6,118,8,0.364,0.03,0.569,0.037,0.052,0.019,0.002,0.029,0.002
128,Guatemala,Country,2000,2490909,872819,78258,1487429,52403,225,79,7,134,5,0.35,0.031,0.597,0.021,0.055,0.019,0.002,0.033,0.001
128,Guatemala,Country,2001,2822722,945997,91883,1710836,74007,248,83,8,150,7,0.335,0.032,0.606,0.026,0.061,0.02,0.002,0.037,0.002
128,Guatemala,Country,2002,2983385,972987,101999,1859644,48756,256,83,9,160,4,0.326,0.034,0.623,0.016,0.062,0.02,0.002,0.039,0.001
128,Guatemala,Country,2003,3255510,1081891,113325,1991949,68344,273,91,9,167,6,0.332,0.035,0.612,0.021,0.066,0.022,0.002,0.04,0.001
128,Guatemala,Country,2004,3296051,1050290,128377,2070831,46553,270,86,11,170,4,0.319,0.039,0.628,0.014,0.065,0.021,0.003,0.041,0.001
128,Guatemala,Country,2005,3445240,1099994,137282,2157024,50939,276,88,11,173,4,0.319,0.04,0.626,0.015,0.066,0.021,0.003,0.041,0.001
128,Guatemala,Country,2006,3659894,1204547,139698,2255543,60106,288,95,11,177,5,0.329,0.038,0.616,0.016,0.066,0.022,0.003,0.041,0.001
128,Guatemala,Country,2007,3792775,1247243,152143,2316600,76790,293,96,12,179,6,0.329,0.04,0.611,0.02,0.065,0.021,0.003,0.039,0.001
128,Guatemala,Country,2008,3891644,1271581,168795,2337276,113992,295,96,13,177,9,0.327,0.043,0.601,0.029,0.064,0.021,0.003,0.039,0.002
128,Guatemala,Country,2009,4013801,1374626,177817,2366718,94640,299,103,13,177,7,0.342,0.044,0.59,0.024,0.066,0.023,0.003,0.039,0.002
128,Guatemala,Country,2010,4085832,1416364,188773,2377254,103442,300,104,14,175,8,0.347,0.046,0.582,0.025,0.066,0.023,0.003,0.038,0.002
128,Guatemala,Country,2011,4171662,1460118,194639,2389757,127148,302,106,14,173,9,0.35,0.047,0.573,0.031,0.065,0.023,0.003,0.037,0.002
128,Guatemala,Country,2012,4229159,1518569,200975,2418279,91336,301,108,14,172,7,0.359,0.047,0.572,0.022,0.064,0.023,0.003,0.037,0.001
128,Guatemala,Country,2013,4438045,1624984,210078,2442989,159995,311,114,15,171,11,0.366,0.047,0.551,0.036,0.065,0.024,0.003,0.036,0.002
128,Guatemala,Country,2014,4549904,1717428,221495,2522784,88197,314,119,15,174,6,0.377,0.049,0.555,0.019,0.064,0.024,0.003,0.035,0.001
128,Guatemala,Country,2015,5056446,1746270,246687,2619865,443624,344,119,17,178,30,0.345,0.049,0.518,0.088,0.069,0.024,0.003,0.036,0.006
128,Guatemala,Country,2016,4893888,1829478,277242,2722276,64892,329,123,19,183,4,0.374,0.057,0.556,0.013,0.065,0.024,0.004,0.036,0.001
128,Guatemala,Country,2017,5129248,1905578,319899,2820570,83201,340,126,21,187,6,0.371,0.062,0.55,0.016,0.066,0.025,0.004,0.036,0.001
128,Guatemala,Country,2018,5436547,2013343,310022,2959064,154119,356,132,20,194,10,0.37,0.057,0.544,0.028,0.068,0.025,0.004,0.037,0.002
128,Guatemala,Country,2019,5641900,2142905,311278,3099120,88597,365,139,20,201,6,0.38,0.055,0.549,0.016,0.068,0.026,0.004,0.038,0.001
128,Guatemala,Country,2020,5833836,2207719,291411,3237787,96920,373,141,19,207,6,0.378,0.05,0.555,0.017,0.072,0.027,0.004,0.04,0.001
128,Guatemala,Country,2021,6718541,2271475,217892,4101289,127885,425,144,14,259,8,0.338,0.032,0.611,0.019,0.077,0.026,0.003,0.047,0.001
128,Guatemala,Country,2022,7586246,2440267,568013,4373896,204069,473,152,35,273,13,0.322,0.075,0.577,0.027,0.084,0.027,0.006,0.048,0.002
208,Guinea,Country,1995,297906,19678,1315,220516,56398,41,3,0,31,8,0.067,0.004,0.738,0.191,0.047,0.003,0,0.035,0.009
208,Guinea,Country,1996,278908,23039,1429,233465,20975,37,3,0,31,3,0.083,0.005,0.835,0.076,0.042,0.003,0,0.035,0.003
208,Guinea,Country,1997,309305,25561,1495,238836,43413,41,3,0,31,6,0.083,0.005,0.77,0.142,0.044,0.004,0,0.034,0.006
208,Guinea,Country,1998,305326,25839,1467,241184,36836,40,3,0,31,5,0.085,0.005,0.788,0.122,0.043,0.004,0,0.034,0.005
208,Guinea,Country,1999,303054,28358,1511,248060,25124,38,4,0,31,3,0.094,0.005,0.817,0.084,0.04,0.004,0,0.033,0.003
208,Guinea,Country,2000,317547,29575,1535,253446,32991,39,4,0,31,4,0.094,0.005,0.797,0.105,0.041,0.004,0,0.033,0.004
208,Guinea,Country,2001,349495,35049,1667,265715,47064,43,4,0,32,6,0.101,0.005,0.759,0.136,0.044,0.004,0,0.033,0.006
208,Guinea,Country,2002,350861,37441,1760,276891,34770,42,5,0,33,4,0.107,0.005,0.788,0.1,0.042,0.004,0,0.033,0.004
208,Guinea,Country,2003,343915,35116,1741,274503,32555,41,4,0,33,4,0.103,0.005,0.797,0.095,0.041,0.004,0,0.032,0.004
208,Guinea,Country,2004,338505,29039,1725,269459,38282,39,3,0,31,4,0.086,0.005,0.795,0.114,0.039,0.003,0,0.031,0.004
208,Guinea,Country,2005,327203,25576,1827,259404,40396,37,3,0,29,5,0.079,0.006,0.791,0.124,0.037,0.003,0,0.029,0.005
208,Guinea,Country,2006,336369,28781,2346,258310,46932,37,3,0,29,5,0.086,0.007,0.766,0.141,0.037,0.003,0,0.029,0.005
208,Guinea,Country,2007,312054,23081,2411,252286,34276,34,3,0,27,4,0.074,0.008,0.807,0.111,0.032,0.002,0,0.026,0.004
208,Guinea,Country,2008,330420,26602,2685,256830,44303,35,3,0,27,5,0.081,0.008,0.776,0.135,0.033,0.003,0,0.026,0.004
208,Guinea,Country,2009,342724,36715,3074,267068,35867,35,4,0,28,4,0.108,0.009,0.778,0.105,0.035,0.004,0,0.027,0.004
208,Guinea,Country,2010,380197,48007,3442,276839,51909,38,5,0,28,5,0.127,0.009,0.727,0.137,0.037,0.005,0,0.027,0.005
208,Guinea,Country,2011,376089,48560,3678,282724,41126,37,5,0,28,4,0.129,0.01,0.751,0.11,0.034,0.004,0,0.026,0.004
208,Guinea,Country,2012,441387,62805,4679,300214,73689,42,6,0,29,7,0.142,0.011,0.68,0.167,0.038,0.005,0,0.026,0.006
208,Guinea,Country,2013,434336,66009,5472,315700,47155,40,6,1,29,4,0.152,0.013,0.727,0.109,0.036,0.005,0,0.026,0.004
208,Guinea,Country,2014,730617,77706,80671,370345,201896,66,7,7,33,18,0.106,0.109,0.508,0.277,0.058,0.006,0.006,0.029,0.016
208,Guinea,Country,2015,766448,88390,93116,392753,192189,67,8,8,34,17,0.115,0.12,0.513,0.251,0.058,0.007,0.007,0.03,0.015
208,Guinea,Country,2016,787329,89965,82113,408055,207196,67,8,7,35,18,0.114,0.103,0.519,0.264,0.054,0.006,0.006,0.028,0.014
208,Guinea,Country,2017,775561,112535,75585,429780,157660,64,9,6,36,13,0.145,0.097,0.555,0.204,0.048,0.007,0.005,0.027,0.01
208,Guinea,Country,2018,865489,128829,66321,445195,225144,70,10,5,36,18,0.149,0.076,0.515,0.26,0.05,0.007,0.004,0.026,0.013
208,Guinea,Country,2019,900615,153902,70899,468448,207366,71,12,6,37,16,0.171,0.078,0.52,0.23,0.049,0.008,0.004,0.026,0.011
208,Guinea,Country,2020,907684,149667,96273,442308,219436,69,11,7,34,17,0.165,0.105,0.488,0.242,0.047,0.008,0.005,0.023,0.011
208,Guinea,Country,2021,1034609,145685,49556,412186,427182,76,11,4,30,32,0.141,0.048,0.398,0.413,0.051,0.007,0.002,0.02,0.021
208,Guinea,Country,2022,905376,165756,52698,472298,214623,65,12,4,34,15,0.183,0.058,0.522,0.237,0.043,0.008,0.002,0.022,0.01
209,Guinea-Bissau,Country,1995,68390,3736,2438,28206,34009,61,3,2,25,30,0.055,0.036,0.41,0.499,0.08,0.004,0.003,0.033,0.04
209,Guinea-Bissau,Country,1996,39860,3865,2515,28066,5414,35,3,2,25,5,0.098,0.063,0.702,0.137,0.044,0.004,0.003,0.031,0.006
209,Guinea-Bissau,Country,1997,41201,4544,2764,26732,7162,35,4,2,23,6,0.111,0.067,0.647,0.175,0.043,0.005,0.003,0.028,0.007
209,Guinea-Bissau,Country,1998,38872,3885,2569,23385,9034,33,3,2,20,8,0.1,0.066,0.599,0.234,0.051,0.005,0.003,0.031,0.012
209,Guinea-Bissau,Country,1999,29964,4311,2688,21774,1191,25,4,2,18,1,0.145,0.09,0.725,0.04,0.034,0.005,0.003,0.025,0.001
209,Guinea-Bissau,Country,2000,37166,5491,2985,22568,6122,30,4,2,18,5,0.148,0.08,0.605,0.166,0.042,0.006,0.003,0.025,0.007
209,Guinea-Bissau,Country,2001,40229,4634,2800,22280,10515,32,4,2,18,8,0.116,0.07,0.552,0.263,0.043,0.005,0.003,0.024,0.011
209,Guinea-Bissau,Country,2002,36314,3721,2495,21295,8802,28,3,2,16,7,0.103,0.069,0.584,0.244,0.038,0.004,0.003,0.023,0.009
209,Guinea-Bissau,Country,2003,37867,4317,2599,21622,9330,28,3,2,16,7,0.114,0.069,0.569,0.248,0.04,0.005,0.003,0.023,0.01
209,Guinea-Bissau,Country,2004,45122,5497,2939,23370,13317,33,4,2,17,10,0.122,0.065,0.516,0.297,0.047,0.006,0.003,0.024,0.014
209,Guinea-Bissau,Country,2005,48764,5226,2980,24648,15910,35,4,2,18,11,0.107,0.061,0.503,0.328,0.048,0.005,0.003,0.024,0.016
209,Guinea-Bissau,Country,2006,52334,5333,3101,26099,17801,37,4,2,18,12,0.102,0.059,0.497,0.342,0.05,0.005,0.003,0.025,0.017
209,Guinea-Bissau,Country,2007,62369,6281,3352,27694,25042,43,4,2,19,17,0.101,0.054,0.442,0.403,0.058,0.006,0.003,0.026,0.023
209,Guinea-Bissau,Country,2008,56331,6168,3409,29381,17374,38,4,2,20,12,0.11,0.06,0.52,0.31,0.051,0.006,0.003,0.026,0.016
209,Guinea-Bissau,Country,2009,61105,6166,3442,31137,20361,40,4,2,20,13,0.101,0.056,0.508,0.335,0.053,0.005,0.003,0.027,0.018
209,Guinea-Bissau,Country,2010,76170,6042,3454,33759,32915,48,4,2,21,21,0.079,0.045,0.442,0.433,0.063,0.005,0.003,0.028,0.027
209,Guinea-Bissau,Country,2011,69004,6279,3592,39008,20125,43,4,2,24,12,0.091,0.052,0.564,0.293,0.053,0.005,0.003,0.03,0.015
209,Guinea-Bissau,Country,2012,65498,5735,3486,47823,8454,40,3,2,29,5,0.088,0.053,0.73,0.13,0.051,0.004,0.003,0.037,0.007
209,Guinea-Bissau,Country,2013,105332,5867,3483,58503,37478,62,3,2,34,22,0.056,0.033,0.555,0.356,0.079,0.004,0.003,0.044,0.028
209,Guinea-Bissau,Country,2014,105185,8536,3974,70742,21934,60,5,2,41,13,0.081,0.038,0.672,0.209,0.078,0.006,0.003,0.053,0.016
209,Guinea-Bissau,Country,2015,120076,8022,3848,76557,31649,67,4,2,43,18,0.067,0.032,0.638,0.264,0.084,0.006,0.003,0.054,0.022
209,Guinea-Bissau,Country,2016,130321,7856,3903,80609,37953,71,4,2,44,21,0.06,0.03,0.618,0.291,0.086,0.005,0.003,0.053,0.025
209,Guinea-Bissau,Country,2017,131802,7507,3963,82250,38082,70,4,2,44,20,0.057,0.03,0.624,0.289,0.083,0.005,0.002,0.052,0.024
209,Guinea-Bissau,Country,2018,139348,8030,4263,85246,41809,72,4,2,44,22,0.058,0.031,0.611,0.301,0.084,0.005,0.003,0.051,0.025
209,Guinea-Bissau,Country,2019,140762,7894,4523,87154,41191,71,4,2,44,21,0.056,0.032,0.618,0.293,0.081,0.005,0.003,0.05,0.024
209,Guinea-Bissau,Country,2020,172990,20582,4641,90529,57238,86,10,2,45,28,0.119,0.027,0.522,0.332,0.098,0.012,0.003,0.051,0.032
209,Guinea-Bissau,Country,2021,190382,20513,4780,91759,73329,92,10,2,44,35,0.108,0.025,0.481,0.386,0.101,0.011,0.003,0.049,0.039
209,Guinea-Bissau,Country,2022,174084,20577,5423,103018,45066,82,10,3,49,21,0.119,0.031,0.59,0.26,0.088,0.01,0.003,0.052,0.023
113,Guyana,Country,1995,89761,49537,3743,30038,6444,115,63,5,38,8,0.552,0.042,0.334,0.072,0.043,0.024,0.002,0.014,0.003
113,Guyana,Country,1996,92383,51465,3846,30888,6184,118,66,5,40,8,0.557,0.042,0.334,0.067,0.041,0.023,0.002,0.014,0.003
113,Guyana,Country,1997,97064,53397,3919,31787,7961,124,68,5,41,10,0.55,0.04,0.327,0.082,0.041,0.022,0.002,0.013,0.003
113,Guyana,Country,1998,93395,51660,3809,32209,5717,120,66,5,41,7,0.553,0.041,0.345,0.061,0.04,0.022,0.002,0.014,0.002
113,Guyana,Country,1999,88767,47695,3574,32214,5284,114,61,5,41,7,0.537,0.04,0.363,0.06,0.037,0.02,0.001,0.013,0.002
113,Guyana,Country,2000,87880,49856,3405,32831,1787,113,64,4,42,2,0.568,0.039,0.373,0.02,0.037,0.021,0.001,0.014,0.001
113,Guyana,Country,2001,88314,48333,3278,33316,3388,114,62,4,43,4,0.547,0.037,0.377,0.038,0.035,0.019,0.001,0.013,0.001
113,Guyana,Country,2002,86875,45969,3197,33718,3992,112,59,4,43,5,0.529,0.037,0.388,0.046,0.033,0.018,0.001,0.013,0.002
113,Guyana,Country,2003,99358,45311,3173,34113,16761,129,59,4,44,22,0.456,0.032,0.343,0.169,0.037,0.017,0.001,0.013,0.006
113,Guyana,Country,2004,118105,44710,3200,34991,35203,154,58,4,45,46,0.379,0.027,0.296,0.298,0.042,0.016,0.001,0.012,0.013
113,Guyana,Country,2005,118067,49185,3399,36512,28972,154,64,4,48,38,0.417,0.029,0.309,0.246,0.042,0.017,0.001,0.013,0.01
113,Guyana,Country,2006,132896,50591,3575,38633,40098,174,66,5,51,53,0.381,0.027,0.29,0.302,0.044,0.017,0.001,0.013,0.013
113,Guyana,Country,2007,130765,49923,3728,41065,36050,172,66,5,54,47,0.382,0.028,0.314,0.276,0.04,0.015,0.001,0.013,0.011
113,Guyana,Country,2008,145967,52074,3916,43264,46713,193,69,5,57,62,0.357,0.027,0.296,0.32,0.044,0.016,0.001,0.013,0.014
113,Guyana,Country,2009,149720,58925,4191,45288,41316,199,78,6,60,55,0.394,0.028,0.302,0.276,0.044,0.017,0.001,0.013,0.012
113,Guyana,Country,2010,150278,61993,4354,47056,36875,200,83,6,63,49,0.413,0.029,0.313,0.246,0.043,0.018,0.001,0.013,0.01
113,Guyana,Country,2011,150733,67601,4591,48896,29645,201,90,6,65,40,0.449,0.03,0.324,0.197,0.041,0.018,0.001,0.013,0.008
113,Guyana,Country,2012,144998,68620,4651,49756,21971,194,92,6,67,29,0.474,0.032,0.343,0.152,0.037,0.018,0.001,0.013,0.006
113,Guyana,Country,2013,146006,73348,4777,50693,17187,196,98,6,68,23,0.503,0.033,0.347,0.118,0.036,0.018,0.001,0.013,0.004
113,Guyana,Country,2014,154433,84021,4951,51546,13915,208,113,7,69,19,0.544,0.032,0.334,0.09,0.038,0.021,0.001,0.013,0.003
113,Guyana,Country,2015,153541,87657,4878,51432,9574,207,118,7,69,13,0.571,0.032,0.335,0.062,0.038,0.022,0.001,0.013,0.002
113,Guyana,Country,2016,170013,103167,5097,52716,9033,229,139,7,71,12,0.607,0.03,0.31,0.053,0.041,0.025,0.001,0.013,0.002
113,Guyana,Country,2017,186160,114421,5473,56848,9417,251,154,7,77,13,0.615,0.029,0.305,0.051,0.043,0.027,0.001,0.013,0.002
113,Guyana,Country,2018,206820,126669,6212,65339,8600,275,169,8,87,11,0.613,0.03,0.316,0.042,0.046,0.028,0.001,0.015,0.002
113,Guyana,Country,2019,226764,136074,6838,73210,10643,296,178,9,96,14,0.6,0.03,0.323,0.047,0.048,0.029,0.001,0.016,0.002
113,Guyana,Country,2020,359488,265856,7196,79581,6856,468,346,9,104,9,0.74,0.02,0.221,0.019,0.053,0.039,0.001,0.012,0.001
113,Guyana,Country,2021,419997,267203,9610,108665,34518,549,349,13,142,45,0.636,0.023,0.259,0.082,0.052,0.033,0.001,0.014,0.004
113,Guyana,Country,2022,376099,276376,7756,89075,2892,487,358,10,115,4,0.735,0.021,0.237,0.008,0.029,0.021,0.001,0.007,0
114,Haiti,Country,1995,528963,94388,17467,243228,173880,73,13,2,34,24,0.179,0.033,0.458,0.33,0.045,0.008,0.001,0.021,0.015
114,Haiti,Country,1996,396953,92749,16545,247794,39864,54,13,2,33,5,0.234,0.042,0.623,0.101,0.032,0.007,0.001,0.02,0.003
114,Haiti,Country,1997,400121,92484,15840,249006,42791,53,12,2,33,6,0.232,0.04,0.621,0.108,0.031,0.007,0.001,0.019,0.003
114,Haiti,Country,1998,406468,90456,15261,246831,53921,52,12,2,32,7,0.223,0.038,0.606,0.134,0.03,0.007,0.001,0.018,0.004
114,Haiti,Country,1999,446746,103205,16151,255125,72265,56,13,2,32,9,0.231,0.036,0.57,0.163,0.031,0.007,0.001,0.018,0.005
114,Haiti,Country,2000,438033,102257,16260,263554,55961,53,12,2,32,7,0.234,0.037,0.601,0.129,0.03,0.007,0.001,0.018,0.004
114,Haiti,Country,2001,426646,95270,16106,260956,54314,51,11,2,31,6,0.223,0.038,0.611,0.128,0.029,0.006,0.001,0.018,0.004
114,Haiti,Country,2002,401673,89383,16296,255676,40318,47,10,2,30,5,0.223,0.041,0.636,0.101,0.027,0.006,0.001,0.017,0.003
114,Haiti,Country,2003,454234,93882,17682,257906,84764,52,11,2,29,10,0.207,0.039,0.567,0.187,0.029,0.006,0.001,0.016,0.005
114,Haiti,Country,2004,449714,87298,17826,250987,93603,50,10,2,28,10,0.194,0.04,0.558,0.209,0.029,0.006,0.001,0.016,0.006
114,Haiti,Country,2005,469148,91844,19109,247119,111075,51,10,2,27,12,0.195,0.041,0.527,0.237,0.029,0.006,0.001,0.015,0.007
114,Haiti,Country,2006,525327,90142,19653,240889,174643,55,10,2,25,18,0.171,0.037,0.459,0.333,0.031,0.005,0.001,0.014,0.01
114,Haiti,Country,2007,586417,114577,22835,254646,194359,60,12,2,26,20,0.195,0.039,0.435,0.332,0.033,0.006,0.001,0.014,0.011
114,Haiti,Country,2008,622486,122676,24434,261781,213595,63,12,2,26,22,0.196,0.039,0.421,0.344,0.034,0.007,0.001,0.014,0.012
114,Haiti,Country,2009,619979,124187,25304,269247,201241,61,12,2,26,20,0.2,0.041,0.434,0.325,0.032,0.006,0.001,0.014,0.01
114,Haiti,Country,2010,666038,118418,25603,273303,248714,65,11,2,27,24,0.177,0.038,0.41,0.374,0.036,0.006,0.001,0.015,0.013
114,Haiti,Country,2011,725554,105945,26068,274822,318719,70,10,3,26,31,0.146,0.036,0.378,0.44,0.037,0.005,0.001,0.014,0.016
114,Haiti,Country,2012,703341,109206,29501,285404,279230,66,10,3,27,26,0.155,0.042,0.405,0.398,0.036,0.006,0.001,0.014,0.014
114,Haiti,Country,2013,719297,107348,33085,295080,283784,66,10,3,27,26,0.149,0.046,0.409,0.396,0.035,0.005,0.002,0.014,0.014
114,Haiti,Country,2014,711599,106926,37757,308841,258075,64,10,3,28,23,0.15,0.053,0.433,0.364,0.033,0.005,0.002,0.014,0.012
114,Haiti,Country,2015,779151,106696,44369,335809,292277,68,9,4,29,26,0.137,0.057,0.43,0.376,0.036,0.005,0.002,0.015,0.013
114,Haiti,Country,2016,811196,100114,50165,350577,310339,70,9,4,30,27,0.123,0.062,0.431,0.384,0.036,0.004,0.002,0.016,0.014
114,Haiti,Country,2017,804108,99842,60254,361665,282347,68,8,5,30,24,0.124,0.075,0.449,0.352,0.035,0.004,0.003,0.016,0.012
114,Haiti,Country,2018,928775,107705,69856,367733,383482,77,9,6,30,32,0.116,0.075,0.395,0.414,0.039,0.005,0.003,0.015,0.016
114,Haiti,Country,2019,833222,94045,69267,351262,318648,67,8,6,28,26,0.113,0.083,0.42,0.384,0.035,0.004,0.003,0.015,0.014
114,Haiti,Country,2020,851879,88252,68008,331090,364529,67,7,5,26,29,0.104,0.08,0.388,0.429,0.037,0.004,0.003,0.014,0.016
114,Haiti,Country,2021,879550,82030,67889,322896,406735,68,6,5,25,31,0.093,0.077,0.366,0.464,0.039,0.004,0.003,0.014,0.018
114,Haiti,Country,2022,753517,70821,68593,322169,291935,58,5,5,25,22,0.094,0.09,0.426,0.389,0.034,0.003,0.003,0.014,0.013
129,Honduras,Country,1995,639016,262773,44074,304029,28140,118,49,8,56,5,0.411,0.069,0.476,0.044,0.053,0.022,0.004,0.025,0.002
129,Honduras,Country,1996,687319,268757,44763,315635,58163,124,48,8,57,10,0.391,0.065,0.459,0.085,0.055,0.022,0.004,0.025,0.005
129,Honduras,Country,1997,733944,286765,46031,336235,64913,129,50,8,59,11,0.391,0.062,0.458,0.089,0.057,0.022,0.004,0.026,0.005
129,Honduras,Country,1998,756051,310651,47138,364430,33832,129,53,8,62,6,0.411,0.062,0.482,0.045,0.056,0.023,0.004,0.027,0.003
129,Honduras,Country,1999,877605,351876,45814,400297,79618,146,59,8,67,13,0.401,0.052,0.456,0.091,0.066,0.027,0.003,0.03,0.006
129,Honduras,Country,2000,907660,377365,40568,434515,55212,147,61,7,70,9,0.415,0.045,0.479,0.061,0.064,0.027,0.003,0.031,0.004
129,Honduras,Country,2001,965167,412030,40140,471111,41886,152,65,6,74,7,0.426,0.041,0.489,0.043,0.067,0.028,0.003,0.033,0.003
129,Honduras,Country,2002,1031755,444193,41593,512502,33467,159,68,6,79,5,0.43,0.04,0.497,0.032,0.069,0.03,0.003,0.034,0.002
129,Honduras,Country,2003,1127287,467969,46171,560419,52728,169,70,7,84,8,0.415,0.041,0.498,0.047,0.072,0.03,0.003,0.036,0.003
129,Honduras,Country,2004,1246952,497155,49667,619629,80501,182,73,7,90,12,0.398,0.04,0.497,0.065,0.075,0.03,0.003,0.037,0.005
129,Honduras,Country,2005,1377468,537511,51674,696978,91305,196,76,7,99,13,0.39,0.037,0.506,0.066,0.078,0.03,0.003,0.039,0.005
129,Honduras,Country,2006,1518978,619185,55286,785934,58573,211,86,8,109,8,0.407,0.036,0.518,0.039,0.08,0.033,0.003,0.041,0.003
129,Honduras,Country,2007,1667567,680327,57948,861203,68088,225,92,8,116,9,0.408,0.035,0.517,0.041,0.082,0.034,0.003,0.043,0.003
129,Honduras,Country,2008,1823339,764186,61641,921066,76445,240,101,8,121,10,0.419,0.034,0.505,0.042,0.086,0.036,0.003,0.044,0.004
129,Honduras,Country,2009,1925078,845083,66466,934828,78702,247,108,9,120,10,0.439,0.034,0.486,0.041,0.093,0.041,0.003,0.045,0.004
129,Honduras,Country,2010,1925236,833531,73262,946049,72395,241,104,9,118,9,0.433,0.038,0.492,0.038,0.089,0.039,0.003,0.044,0.003
129,Honduras,Country,2011,1975509,840853,79650,973353,81652,241,103,10,119,10,0.425,0.04,0.493,0.041,0.088,0.037,0.004,0.043,0.004
129,Honduras,Country,2012,2034372,839016,85632,1005977,103747,243,100,10,120,12,0.412,0.042,0.495,0.051,0.087,0.036,0.004,0.043,0.004
129,Honduras,Country,2013,2099139,891967,93894,1024629,88649,245,104,11,119,10,0.425,0.045,0.488,0.042,0.087,0.037,0.004,0.042,0.004
129,Honduras,Country,2014,2025306,843751,97759,1014042,69754,231,96,11,116,8,0.416,0.048,0.501,0.034,0.081,0.034,0.004,0.04,0.003
129,Honduras,Country,2015,1990016,805828,101594,1013967,68628,222,90,11,113,8,0.405,0.051,0.51,0.035,0.076,0.031,0.004,0.039,0.003
129,Honduras,Country,2016,2066282,848382,111226,1040679,65995,226,93,12,114,7,0.41,0.054,0.504,0.032,0.076,0.031,0.004,0.038,0.002
129,Honduras,Country,2017,2073391,853471,118264,1063259,38397,222,91,13,114,4,0.411,0.057,0.513,0.019,0.072,0.03,0.004,0.037,0.001
129,Honduras,Country,2018,2228592,866262,124165,1117497,120669,233,91,13,117,13,0.389,0.056,0.502,0.054,0.075,0.029,0.004,0.037,0.004
129,Honduras,Country,2019,2261457,892938,131376,1171714,65429,232,92,13,120,7,0.395,0.058,0.518,0.029,0.074,0.029,0.004,0.038,0.002
129,Honduras,Country,2020,2593163,982453,169512,1294756,146442,261,99,17,130,15,0.379,0.065,0.5,0.057,0.093,0.035,0.006,0.046,0.005
129,Honduras,Country,2021,3000391,1098177,178829,1523202,200182,296,108,18,150,20,0.366,0.059,0.508,0.067,0.095,0.035,0.006,0.048,0.006
129,Honduras,Country,2022,2775886,1121815,136211,1415420,102440,270,109,13,138,10,0.404,0.049,0.51,0.037,0.085,0.034,0.004,0.043,0.003
48,Hungary,Country,1995,7747713,6099032,338675,1307710,2297,751,591,33,127,0,0.787,0.044,0.169,0,0.072,0.057,0.003,0.012,0
48,Hungary,Country,1996,7534869,5791031,331605,1394615,17617,732,563,32,135,2,0.769,0.044,0.185,0.002,0.07,0.054,0.003,0.013,0
48,Hungary,Country,1997,7567744,5684405,330957,1535603,16779,736,553,32,149,2,0.751,0.044,0.203,0.002,0.068,0.051,0.003,0.014,0
48,Hungary,Country,1998,7902881,5769772,337791,1786553,8765,771,563,33,174,1,0.73,0.043,0.226,0.001,0.068,0.05,0.003,0.015,0
48,Hungary,Country,1999,8183422,5791954,338697,2048258,4514,800,566,33,200,0,0.708,0.041,0.25,0.001,0.069,0.049,0.003,0.017,0
48,Hungary,Country,2000,8521387,5889601,341025,2286759,4002,835,577,33,224,0,0.691,0.04,0.268,0,0.068,0.047,0.003,0.018,0
48,Hungary,Country,2001,9092651,6215465,359205,2517818,163,893,610,35,247,0,0.684,0.039,0.277,0,0.07,0.048,0.003,0.019,0
48,Hungary,Country,2002,10243977,7112149,385474,2746097,257,1008,700,38,270,0,0.694,0.038,0.268,0,0.075,0.052,0.003,0.02,0
48,Hungary,Country,2003,11034219,7649617,433733,2950621,248,1088,755,43,291,0,0.693,0.039,0.267,0,0.078,0.054,0.003,0.021,0
48,Hungary,Country,2004,11619287,8075960,486454,3056680,193,1149,799,48,302,0,0.695,0.042,0.263,0,0.078,0.054,0.003,0.021,0
48,Hungary,Country,2005,12090302,8423922,526965,3139353,62,1199,835,52,311,0,0.697,0.044,0.26,0,0.078,0.054,0.003,0.02,0
48,Hungary,Country,2006,12358629,8628478,575024,3154978,150,1228,857,57,314,0,0.698,0.047,0.255,0,0.077,0.054,0.004,0.02,0
48,Hungary,Country,2007,11874469,8167780,597738,3108951,0,1183,814,60,310,0,0.688,0.05,0.262,0,0.074,0.051,0.004,0.019,0
48,Hungary,Country,2008,11533915,7838966,621038,3073910,0,1152,783,62,307,0,0.68,0.054,0.267,0,0.071,0.048,0.004,0.019,0
48,Hungary,Country,2009,11463227,7769593,645381,3048254,0,1147,778,65,305,0,0.678,0.056,0.266,0,0.076,0.051,0.004,0.02,0
48,Hungary,Country,2010,11337705,7541447,659105,3137153,0,1138,757,66,315,0,0.665,0.058,0.277,0,0.074,0.049,0.004,0.02,0
48,Hungary,Country,2011,11455085,7544130,656084,3254872,0,1153,760,66,328,0,0.659,0.057,0.284,0,0.073,0.048,0.004,0.021,0
48,Hungary,Country,2012,11408069,7474938,633165,3298228,1737,1152,755,64,333,0,0.655,0.056,0.289,0,0.074,0.048,0.004,0.021,0
48,Hungary,Country,2013,11492645,7607406,603049,3281945,246,1164,771,61,332,0,0.662,0.052,0.286,0,0.073,0.048,0.004,0.021,0
48,Hungary,Country,2014,11623470,7776429,574780,3272261,0,1181,790,58,332,0,0.669,0.049,0.282,0,0.071,0.047,0.004,0.02,0
48,Hungary,Country,2015,11937838,8097142,561744,3278953,0,1216,825,57,334,0,0.678,0.047,0.275,0,0.07,0.048,0.003,0.019,0
48,Hungary,Country,2016,11907891,8062023,541751,3304117,0,1217,824,55,338,0,0.677,0.046,0.278,0,0.068,0.046,0.003,0.019,0
48,Hungary,Country,2017,12219756,8353730,524371,3341655,0,1253,856,54,343,0,0.684,0.043,0.273,0,0.067,0.046,0.003,0.018,0
48,Hungary,Country,2018,12464320,8557486,507157,3399677,0,1282,880,52,350,0,0.687,0.041,0.273,0,0.065,0.045,0.003,0.018,0
48,Hungary,Country,2019,12768414,8779479,501972,3486963,0,1318,906,52,360,0,0.688,0.039,0.273,0,0.064,0.044,0.003,0.017,0
48,Hungary,Country,2020,14012793,9901440,470507,3640847,0,1452,1026,49,377,0,0.707,0.034,0.26,0,0.073,0.052,0.002,0.019,0
48,Hungary,Country,2021,15129845,10931467,471923,3726454,0,1577,1140,49,389,0,0.722,0.031,0.246,0,0.074,0.054,0.002,0.018,0
48,Hungary,Country,2022,14339963,10363993,487941,3488029,0,1501,1085,51,365,0,0.723,0.034,0.243,0,0.067,0.049,0.002,0.016,0
83,Iceland,Country,1995,992904,816015,89,176800,0,3726,3062,0,663,0,0.822,0,0.178,0,0.081,0.066,0,0.014,0
83,Iceland,Country,1996,1037529,848773,159,188597,0,3867,3164,1,703,0,0.818,0,0.182,0,0.081,0.066,0,0.015,0
83,Iceland,Country,1997,1089809,884902,482,204424,0,4032,3274,2,756,0,0.812,0,0.188,0,0.08,0.065,0,0.015,0
83,Iceland,Country,1998,1187514,955688,3656,228170,0,4352,3503,13,836,0,0.805,0.003,0.192,0,0.081,0.065,0,0.016,0
83,Iceland,Country,1999,1336038,1082335,9535,244168,0,4842,3923,35,885,0,0.81,0.007,0.183,0,0.088,0.071,0.001,0.016,0
83,Iceland,Country,2000,1407864,1139439,13466,254960,0,5040,4079,48,913,0,0.809,0.01,0.181,0,0.088,0.072,0.001,0.016,0
83,Iceland,Country,2001,1514971,1237256,13364,264351,0,5358,4376,47,935,0,0.817,0.009,0.175,0,0.092,0.075,0.001,0.016,0
83,Iceland,Country,2002,1546793,1267143,9312,270338,0,5412,4434,33,946,0,0.819,0.006,0.175,0,0.093,0.076,0.001,0.016,0
83,Iceland,Country,2003,1717972,1362846,61795,293330,0,5955,4724,214,1017,0,0.793,0.036,0.171,0,0.101,0.08,0.004,0.017,0
83,Iceland,Country,2004,1736875,1396636,39684,300556,0,5958,4791,136,1031,0,0.804,0.023,0.173,0,0.094,0.076,0.002,0.016,0
83,Iceland,Country,2005,1744841,1409118,31165,304559,0,5902,4767,105,1030,0,0.808,0.018,0.175,0,0.089,0.072,0.002,0.016,0
83,Iceland,Country,2006,1760007,1427433,27773,304801,0,5844,4740,92,1012,0,0.811,0.016,0.173,0,0.085,0.069,0.001,0.015,0
83,Iceland,Country,2007,1754776,1422051,26434,306291,0,5706,4624,86,996,0,0.81,0.015,0.175,0,0.079,0.064,0.001,0.014,0
83,Iceland,Country,2008,2079526,1733398,28276,317852,0,6639,5534,90,1015,0,0.834,0.014,0.153,0,0.091,0.076,0.001,0.014,0
83,Iceland,Country,2009,1850214,1508204,26111,315899,0,5838,4759,82,997,0,0.815,0.014,0.171,0,0.088,0.071,0.001,0.015,0
83,Iceland,Country,2010,1724145,1382649,24823,316673,0,5414,4342,78,994,0,0.802,0.014,0.184,0,0.083,0.067,0.001,0.015,0
83,Iceland,Country,2011,1764919,1418322,25389,321208,0,5527,4441,80,1006,0,0.804,0.014,0.182,0,0.083,0.067,0.001,0.015,0
83,Iceland,Country,2012,1754799,1404312,25962,324525,0,5473,4380,81,1012,0,0.8,0.015,0.185,0,0.082,0.066,0.001,0.015,0
83,Iceland,Country,2013,1795395,1438088,27245,330061,0,5563,4456,84,1023,0,0.801,0.015,0.184,0,0.08,0.064,0.001,0.015,0
83,Iceland,Country,2014,1870296,1507663,28873,333760,0,5741,4628,89,1024,0,0.806,0.015,0.178,0,0.083,0.067,0.001,0.015,0
83,Iceland,Country,2015,1906114,1539738,30405,335971,0,5786,4674,92,1020,0,0.808,0.016,0.176,0,0.08,0.065,0.001,0.014,0
83,Iceland,Country,2016,2092321,1713795,33638,344888,0,6276,5141,101,1035,0,0.819,0.016,0.165,0,0.083,0.068,0.001,0.014,0
83,Iceland,Country,2017,2176212,1786123,36060,354029,0,6448,5293,107,1049,0,0.821,0.017,0.163,0,0.084,0.069,0.001,0.014,0
83,Iceland,Country,2018,2297422,1894484,38415,364522,0,6736,5555,113,1069,0,0.825,0.017,0.159,0,0.086,0.071,0.001,0.014,0
83,Iceland,Country,2019,2411551,1997173,40317,374061,0,7003,5800,117,1086,0,0.828,0.017,0.155,0,0.089,0.074,0.001,0.014,0
83,Iceland,Country,2020,2514019,2098696,42680,372643,0,7236,6040,123,1073,0,0.835,0.017,0.148,0,0.101,0.084,0.002,0.015,0
83,Iceland,Country,2021,2660038,2230193,44605,385239,0,7578,6354,127,1098,0,0.838,0.017,0.145,0,0.102,0.085,0.002,0.015,0
83,Iceland,Country,2022,2702474,2288874,44390,369209,0,7556,6399,124,1032,0,0.847,0.016,0.137,0,0.095,0.081,0.002,0.013,0
163,India,Country,1995,29775492,5463436,1610795,22163559,537702,32,6,2,24,1,0.185,0.054,0.743,0.018,0.046,0.008,0.002,0.034,0.001
163,India,Country,1996,31296406,5694145,1700574,23100140,801547,33,6,2,24,1,0.183,0.055,0.737,0.026,0.045,0.008,0.002,0.033,0.001
163,India,Country,1997,32751900,6162462,1812881,24257779,518779,34,6,2,25,1,0.189,0.056,0.74,0.016,0.045,0.008,0.002,0.033,0.001
163,India,Country,1998,34345553,6630699,1928098,25292056,494700,35,7,2,25,0,0.194,0.056,0.736,0.015,0.044,0.009,0.002,0.033,0.001
163,India,Country,1999,35783977,6981812,2026489,26193200,582477,35,7,2,26,1,0.196,0.057,0.731,0.016,0.043,0.008,0.002,0.031,0.001
163,India,Country,2000,37419840,7261334,2100920,27250659,806927,36,7,2,26,1,0.194,0.056,0.728,0.022,0.043,0.008,0.002,0.031,0.001
163,India,Country,2001,39506138,7650284,2258033,28858097,739724,38,7,2,27,1,0.194,0.057,0.73,0.019,0.043,0.008,0.002,0.031,0.001
163,India,Country,2002,41167711,7879308,2494560,29934601,859242,38,7,2,28,1,0.192,0.061,0.726,0.021,0.043,0.008,0.003,0.031,0.001
163,India,Country,2003,42707734,8292135,2725215,31077465,612920,39,8,2,28,1,0.195,0.064,0.727,0.014,0.042,0.008,0.003,0.03,0.001
163,India,Country,2004,44606010,8532143,2899615,32321442,852810,40,8,3,29,1,0.192,0.065,0.724,0.019,0.04,0.008,0.003,0.029,0.001
163,India,Country,2005,46540876,9018888,2922943,33689095,909949,41,8,3,30,1,0.194,0.063,0.723,0.02,0.039,0.008,0.002,0.028,0.001
163,India,Country,2006,48448605,9711550,3114730,34961370,660955,42,8,3,30,1,0.201,0.064,0.721,0.014,0.037,0.007,0.002,0.027,0.001
163,India,Country,2007,51240665,10635753,3411505,36275561,917845,44,9,3,31,1,0.208,0.067,0.707,0.018,0.036,0.008,0.002,0.026,0.001
163,India,Country,2008,54327628,12185767,3711191,37485796,944873,46,10,3,31,1,0.225,0.068,0.689,0.018,0.037,0.008,0.003,0.026,0.001
163,India,Country,2009,57255263,13403544,4068405,38727589,1055725,47,11,3,32,1,0.235,0.071,0.676,0.019,0.036,0.009,0.003,0.025,0.001
163,India,Country,2010,60133290,14471484,4517085,40069231,1075490,49,12,4,32,1,0.241,0.075,0.666,0.018,0.035,0.008,0.003,0.023,0.001
163,India,Country,2011,63866578,15735856,4996381,41958819,1175522,51,13,4,33,1,0.247,0.078,0.656,0.018,0.036,0.009,0.003,0.023,0.001
163,India,Country,2012,68269911,16798680,5497758,45024362,949111,54,13,4,35,1,0.247,0.08,0.659,0.014,0.036,0.009,0.003,0.024,0
163,India,Country,2013,74026717,17677173,6053676,49042531,1253338,57,14,5,38,1,0.239,0.081,0.662,0.017,0.037,0.009,0.003,0.024,0.001
163,India,Country,2014,77569220,18955596,6752089,51168438,693097,59,14,5,39,1,0.245,0.087,0.659,0.009,0.036,0.009,0.003,0.024,0
163,India,Country,2015,82428021,21352051,7619293,52339288,1117389,62,16,6,40,1,0.26,0.092,0.635,0.014,0.035,0.009,0.003,0.022,0
163,India,Country,2016,85264558,23869988,8509698,51904503,980369,64,18,6,39,1,0.281,0.099,0.609,0.012,0.033,0.009,0.003,0.02,0
163,India,Country,2017,85048539,25675037,9311850,49019914,1041739,63,19,7,36,1,0.302,0.109,0.576,0.012,0.031,0.009,0.003,0.018,0
163,India,Country,2018,87447388,28180358,10291691,47966274,1009064,64,21,7,35,1,0.323,0.117,0.548,0.012,0.03,0.01,0.004,0.017,0
163,India,Country,2019,91160243,30708561,11338701,48098191,1014791,66,22,8,35,1,0.338,0.124,0.527,0.011,0.03,0.01,0.004,0.016,0
163,India,Country,2020,97335207,34047651,13291765,47537690,2458101,69,24,9,34,2,0.351,0.136,0.488,0.025,0.034,0.012,0.005,0.017,0.001
163,India,Country,2021,105140155,41819352,14531446,46928678,1860679,74,29,10,33,1,0.399,0.138,0.446,0.018,0.033,0.013,0.005,0.015,0.001
163,India,Country,2022,111052514,42872669,15695038,50279346,2205460,77,30,11,35,2,0.387,0.141,0.452,0.02,0.033,0.013,0.005,0.015,0.001
11,Indonesia,Country,1995,8804258,2461924,2484668,3572849,284818,44,12,13,18,1,0.281,0.279,0.407,0.033,0.02,0.006,0.006,0.008,0.001
11,Indonesia,Country,1996,9154902,2563748,2628353,3810915,151886,46,13,13,19,1,0.282,0.284,0.417,0.017,0.019,0.005,0.006,0.008,0
11,Indonesia,Country,1997,9862418,2894817,2788475,4016480,162645,48,14,14,20,1,0.295,0.28,0.408,0.017,0.02,0.006,0.006,0.008,0
11,Indonesia,Country,1998,9627841,2810874,2632845,4021563,162559,47,14,13,19,1,0.293,0.271,0.419,0.017,0.022,0.007,0.006,0.009,0
11,Indonesia,Country,1999,9639562,2855973,2474254,4121970,187365,46,14,12,20,1,0.297,0.255,0.428,0.02,0.022,0.007,0.006,0.01,0
11,Indonesia,Country,2000,9511030,2894998,2151464,4139377,325190,45,14,10,20,2,0.305,0.225,0.436,0.034,0.021,0.006,0.005,0.009,0.001
11,Indonesia,Country,2001,10527779,3640780,2171205,4486101,229693,49,17,10,21,1,0.346,0.205,0.427,0.022,0.022,0.008,0.005,0.01,0
11,Indonesia,Country,2002,10497821,3512504,2002027,4828171,155119,48,16,9,22,1,0.335,0.19,0.46,0.015,0.021,0.007,0.004,0.01,0
11,Indonesia,Country,2003,11719538,3989955,2060465,5450777,218341,53,18,9,25,1,0.341,0.175,0.465,0.019,0.023,0.008,0.004,0.011,0
11,Indonesia,Country,2004,12580658,4183724,2077069,6079871,239994,56,19,9,27,1,0.333,0.164,0.483,0.019,0.023,0.008,0.004,0.011,0
11,Indonesia,Country,2005,13947118,4427537,2141476,7130476,247629,62,20,9,32,1,0.318,0.153,0.511,0.018,0.024,0.008,0.004,0.012,0
11,Indonesia,Country,2006,15844255,5077399,2316784,8096632,353442,69,22,10,35,2,0.321,0.146,0.511,0.022,0.026,0.008,0.004,0.013,0.001
11,Indonesia,Country,2007,17507480,5702342,2530345,8959884,314909,76,25,11,39,1,0.326,0.144,0.512,0.018,0.027,0.009,0.004,0.014,0
11,Indonesia,Country,2008,19065772,6188641,2788161,9674451,414519,81,26,12,41,2,0.325,0.146,0.508,0.022,0.028,0.009,0.004,0.014,0.001
11,Indonesia,Country,2009,19797734,5967206,2987901,10480260,362367,83,25,13,44,2,0.302,0.15,0.53,0.018,0.028,0.008,0.004,0.015,0.001
11,Indonesia,Country,2010,21321519,5987758,3357786,11646910,329065,88,25,14,48,1,0.281,0.157,0.547,0.015,0.028,0.008,0.004,0.015,0
11,Indonesia,Country,2011,23489318,6615960,3998647,12531800,342910,96,27,16,51,1,0.282,0.169,0.534,0.015,0.029,0.008,0.005,0.016,0
11,Indonesia,Country,2012,25442787,7654363,4508147,12932372,347904,102,31,18,52,1,0.301,0.176,0.509,0.014,0.03,0.009,0.005,0.015,0
11,Indonesia,Country,2013,27133046,8869595,4881618,12969738,412095,108,35,19,52,2,0.327,0.179,0.479,0.015,0.03,0.01,0.005,0.014,0
11,Indonesia,Country,2014,28536048,10340025,5152720,12802905,240398,112,41,20,50,1,0.363,0.179,0.449,0.008,0.03,0.011,0.005,0.013,0
11,Indonesia,Country,2015,30100650,12059126,5266905,12541192,233428,116,47,20,48,1,0.401,0.174,0.417,0.008,0.03,0.012,0.005,0.013,0
11,Indonesia,Country,2016,31635023,13780928,5384850,12220910,248335,121,53,21,47,1,0.436,0.169,0.387,0.008,0.03,0.013,0.005,0.012,0
11,Indonesia,Country,2017,32725320,15032237,5492228,11908452,292404,123,57,21,45,1,0.46,0.167,0.364,0.009,0.03,0.014,0.005,0.011,0
11,Indonesia,Country,2018,34268650,16388659,5644736,11923958,311297,127,61,21,44,1,0.479,0.164,0.348,0.009,0.029,0.014,0.005,0.01,0
11,Indonesia,Country,2019,35789586,17266499,5887044,12187869,448174,131,63,22,45,2,0.483,0.164,0.341,0.013,0.029,0.014,0.005,0.01,0
11,Indonesia,Country,2020,41988948,22723953,5397528,12802433,1065034,152,82,20,46,4,0.541,0.128,0.305,0.025,0.035,0.019,0.004,0.011,0.001
11,Indonesia,Country,2021,46736971,27321423,5279922,12547979,1587647,166,97,19,45,6,0.585,0.113,0.269,0.034,0.037,0.022,0.004,0.01,0.001
11,Indonesia,Country,2022,36576325,18105675,4993591,11829718,1647341,129,64,18,42,6,0.495,0.136,0.324,0.045,0.028,0.014,0.004,0.009,0.001
142,Iran (Islamic Republic of),Country,1995,6548291,2686238,228921,3627819,5312,107,44,4,59,0,0.41,0.035,0.554,0.001,0.042,0.017,0.001,0.023,0
142,Iran (Islamic Republic of),Country,1996,6749965,2691598,238306,3771696,48365,109,43,4,61,1,0.399,0.035,0.559,0.007,0.04,0.016,0.001,0.023,0
142,Iran (Islamic Republic of),Country,1997,7302162,2948846,270601,4036444,46271,116,47,4,64,1,0.404,0.037,0.553,0.006,0.043,0.017,0.002,0.024,0
142,Iran (Islamic Republic of),Country,1998,7832280,3160033,295945,4348284,28018,122,49,5,68,0,0.403,0.038,0.555,0.004,0.045,0.018,0.002,0.025,0
142,Iran (Islamic Republic of),Country,1999,8190929,3201289,320854,4654322,14464,126,49,5,71,0,0.391,0.039,0.568,0.002,0.046,0.018,0.002,0.026,0
142,Iran (Islamic Republic of),Country,2000,8570322,3225789,327132,5008645,8755,129,49,5,76,0,0.376,0.038,0.585,0.001,0.045,0.017,0.002,0.027,0
142,Iran (Islamic Republic of),Country,2001,9238960,3484330,377449,5360798,16383,137,52,6,79,0,0.377,0.041,0.58,0.002,0.048,0.018,0.002,0.028,0
142,Iran (Islamic Republic of),Country,2002,10142911,3977249,516560,5644577,4526,148,58,8,82,0,0.392,0.051,0.557,0,0.048,0.019,0.002,0.027,0
142,Iran (Islamic Republic of),Country,2003,10943825,4230078,646341,6066684,721,158,61,9,88,0,0.386,0.059,0.555,0,0.048,0.019,0.003,0.027,0
142,Iran (Islamic Republic of),Country,2004,11552624,4319492,743395,6482476,7261,165,62,11,92,0,0.374,0.064,0.562,0.001,0.049,0.018,0.003,0.028,0
142,Iran (Islamic Republic of),Country,2005,12953311,5055050,865034,6949782,83445,182,71,12,98,1,0.39,0.067,0.537,0.006,0.054,0.021,0.004,0.029,0
142,Iran (Islamic Republic of),Country,2006,13812925,5533868,960503,7303793,14761,191,77,13,101,0,0.4,0.069,0.529,0.001,0.055,0.022,0.004,0.029,0
142,Iran (Islamic Republic of),Country,2007,13702715,4996524,999037,7697872,9282,187,68,14,105,0,0.365,0.073,0.562,0.001,0.05,0.018,0.004,0.028,0
142,Iran (Islamic Republic of),Country,2008,15489692,5825284,1166850,8479090,18468,209,79,16,114,0,0.376,0.075,0.548,0.001,0.056,0.021,0.004,0.031,0
142,Iran (Islamic Republic of),Country,2009,16776145,6036060,1324162,9395200,20725,223,80,18,125,0,0.36,0.079,0.56,0.001,0.06,0.022,0.005,0.034,0
142,Iran (Islamic Republic of),Country,2010,17703783,6125349,1498617,10067936,11881,233,81,20,132,0,0.346,0.084,0.569,0.001,0.06,0.021,0.005,0.034,0
142,Iran (Islamic Republic of),Country,2011,18891855,6892929,1729831,10254140,14955,245,90,22,133,0,0.365,0.091,0.543,0.001,0.062,0.023,0.006,0.034,0
142,Iran (Islamic Republic of),Country,2012,17911001,6460237,1773505,9654999,22260,230,83,23,124,0,0.361,0.099,0.539,0.001,0.061,0.022,0.006,0.033,0
142,Iran (Islamic Republic of),Country,2013,18211991,7234664,1856696,9108702,11928,231,92,24,116,0,0.397,0.102,0.5,0.001,0.063,0.025,0.006,0.031,0
142,Iran (Islamic Republic of),Country,2014,19979688,8777330,2042570,9145925,13863,250,110,26,115,0,0.439,0.102,0.458,0.001,0.066,0.029,0.007,0.03,0
142,Iran (Islamic Republic of),Country,2015,22469061,10518851,2421409,9517772,11029,278,130,30,118,0,0.468,0.108,0.424,0,0.075,0.035,0.008,0.032,0
142,Iran (Islamic Republic of),Country,2016,24262464,11403393,3127229,9724368,7475,296,139,38,119,0,0.47,0.129,0.401,0,0.075,0.035,0.01,0.03,0
142,Iran (Islamic Republic of),Country,2017,24894926,11712354,3626592,9548812,7169,301,142,44,115,0,0.47,0.146,0.384,0,0.075,0.035,0.011,0.029,0
142,Iran (Islamic Republic of),Country,2018,23412706,10695096,3832747,8869932,14931,280,128,46,106,0,0.457,0.164,0.379,0.001,0.072,0.033,0.012,0.027,0
142,Iran (Islamic Republic of),Country,2019,21255126,9633901,3526763,8081620,12842,252,114,42,96,0,0.453,0.166,0.38,0.001,0.067,0.031,0.011,0.026,0
142,Iran (Islamic Republic of),Country,2020,18400275,9529650,2075173,6673451,122001,217,112,24,79,1,0.518,0.113,0.363,0.007,0.057,0.029,0.006,0.021,0
142,Iran (Islamic Republic of),Country,2021,20062256,11172199,2023923,6783404,82730,235,131,24,80,1,0.557,0.101,0.338,0.004,0.059,0.033,0.006,0.02,0
142,Iran (Islamic Republic of),Country,2022,19056384,9426739,2174135,7327891,127619,221,109,25,85,1,0.495,0.114,0.384,0.007,0.054,0.027,0.006,0.021,0
143,Iraq,Country,1995,1744991,842336,157,884282,18216,81,39,0,41,1,0.483,0,0.506,0.011,0.035,0.017,0,0.018,0
143,Iraq,Country,1996,1684172,824586,165,854326,5095,76,37,0,38,0,0.49,0,0.507,0.003,0.027,0.013,0,0.014,0
143,Iraq,Country,1997,1826283,966960,211,857213,1899,80,42,0,37,0,0.53,0,0.469,0.001,0.024,0.013,0,0.011,0
143,Iraq,Country,1998,2079484,1179245,294,898649,1297,88,50,0,38,0,0.567,0,0.432,0.001,0.021,0.012,0,0.009,0
143,Iraq,Country,1999,2108391,1172612,370,931004,4405,87,48,0,38,0,0.556,0,0.442,0.002,0.018,0.01,0,0.008,0
143,Iraq,Country,2000,2333598,1324899,477,1004750,3472,93,53,0,40,0,0.568,0,0.431,0.002,0.019,0.011,0,0.008,0
143,Iraq,Country,2001,2665944,1560372,604,1100263,4705,103,60,0,42,0,0.585,0,0.413,0.002,0.021,0.012,0,0.008,0
143,Iraq,Country,2002,2948742,1767096,710,1179282,1653,110,66,0,44,0,0.599,0,0.4,0.001,0.024,0.014,0,0.01,0
143,Iraq,Country,2003,2862469,1657088,704,1166910,37766,104,60,0,42,1,0.579,0,0.407,0.013,0.034,0.02,0,0.014,0
143,Iraq,Country,2004,4457389,3062674,1059,1294391,99265,157,108,0,46,3,0.687,0,0.291,0.022,0.035,0.024,0,0.01,0.001
143,Iraq,Country,2005,4505212,2688269,1086,1224582,591276,154,92,0,42,20,0.596,0,0.272,0.132,0.034,0.021,0,0.009,0.005
143,Iraq,Country,2006,4220560,2546039,1146,1211177,462198,141,85,0,41,15,0.603,0,0.287,0.11,0.03,0.018,0,0.009,0.003
143,Iraq,Country,2007,4204052,2667707,1193,1248952,286201,141,89,0,42,10,0.634,0,0.297,0.068,0.03,0.019,0,0.009,0.002
143,Iraq,Country,2008,4947277,3536747,1338,1305013,104178,165,118,0,44,3,0.715,0,0.264,0.021,0.033,0.023,0,0.009,0.001
143,Iraq,Country,2009,5624212,4039338,1377,1486348,97149,182,131,0,48,3,0.718,0,0.265,0.017,0.036,0.026,0,0.01,0.001
143,Iraq,Country,2010,5396347,3623530,1227,1677599,93990,170,114,0,53,3,0.671,0,0.311,0.017,0.033,0.022,0,0.01,0.001
143,Iraq,Country,2011,5272747,3253959,1181,1980313,37295,161,100,0,61,1,0.617,0,0.376,0.007,0.03,0.018,0,0.011,0
143,Iraq,Country,2012,5710290,2982114,1192,2701635,25350,169,88,0,80,1,0.522,0,0.473,0.004,0.029,0.015,0,0.014,0
143,Iraq,Country,2013,6752737,3278393,1315,3437977,35052,193,93,0,98,1,0.485,0,0.509,0.005,0.031,0.015,0,0.016,0
143,Iraq,Country,2014,7264854,3196842,1297,4020180,46534,200,88,0,111,1,0.44,0,0.553,0.006,0.034,0.015,0,0.019,0
143,Iraq,Country,2015,8167862,3478539,1352,4665478,22493,220,94,0,126,1,0.426,0,0.571,0.003,0.037,0.016,0,0.021,0
143,Iraq,Country,2016,10096794,4717036,1568,5358203,19987,267,125,0,142,1,0.467,0,0.531,0.002,0.04,0.019,0,0.021,0
143,Iraq,Country,2017,10406210,4785707,1504,5593207,25793,270,124,0,145,1,0.46,0,0.538,0.002,0.042,0.019,0,0.022,0
143,Iraq,Country,2018,10656522,5001997,1447,5605519,47560,272,128,0,143,1,0.469,0,0.526,0.004,0.042,0.02,0,0.022,0
143,Iraq,Country,2019,11597361,5778756,1498,5740977,76130,290,145,0,144,2,0.498,0,0.495,0.007,0.043,0.022,0,0.022,0
143,Iraq,Country,2020,13879309,6349516,912,7367979,160902,342,156,0,182,4,0.457,0,0.531,0.012,0.06,0.027,0,0.032,0.001
143,Iraq,Country,2021,12596642,6324227,1032,6082731,188651,305,153,0,147,5,0.502,0,0.483,0.015,0.054,0.027,0,0.026,0.001
143,Iraq,Country,2022,10138172,5283059,1163,4749176,104774,241,126,0,113,2,0.521,0,0.469,0.01,0.04,0.021,0,0.019,0
84,Ireland,Country,1995,6860970,5191505,962679,706786,0,1871,1416,263,193,0,0.756,0.14,0.103,0,0.058,0.044,0.008,0.006,0
84,Ireland,Country,1996,7345145,5573756,1008269,763120,0,1987,1508,273,206,0,0.759,0.137,0.104,0,0.057,0.044,0.008,0.006,0
84,Ireland,Country,1997,7997825,6111986,1054296,831544,0,2144,1638,283,223,0,0.764,0.132,0.104,0,0.056,0.043,0.007,0.006,0
84,Ireland,Country,1998,8730034,6718808,1101335,909891,0,2315,1782,292,241,0,0.769,0.126,0.104,0,0.057,0.044,0.007,0.006,0
84,Ireland,Country,1999,9664128,7478513,1144858,1040757,0,2533,1960,300,273,0,0.774,0.119,0.108,0,0.057,0.044,0.007,0.006,0
84,Ireland,Country,2000,10720952,8309422,1197479,1214051,0,2772,2149,310,314,0,0.775,0.112,0.113,0,0.057,0.045,0.006,0.007,0
84,Ireland,Country,2001,12363327,9688151,1294649,1380526,0,3149,2468,330,352,0,0.784,0.105,0.112,0,0.063,0.049,0.007,0.007,0
84,Ireland,Country,2002,13865278,10942368,1344069,1578841,0,3473,2741,337,395,0,0.789,0.097,0.114,0,0.067,0.053,0.006,0.008,0
84,Ireland,Country,2003,15101986,11936261,1329892,1835833,0,3714,2935,327,451,0,0.79,0.088,0.122,0,0.07,0.056,0.006,0.009,0
84,Ireland,Country,2004,16502002,13045599,1389374,2067028,0,3982,3148,335,499,0,0.79,0.084,0.125,0,0.072,0.057,0.006,0.009,0
84,Ireland,Country,2005,17868773,14091183,1458724,2318866,0,4230,3335,345,549,0,0.789,0.082,0.13,0,0.074,0.058,0.006,0.01,0
84,Ireland,Country,2006,18996473,14903974,1592667,2499831,0,4412,3462,370,581,0,0.785,0.084,0.132,0,0.075,0.059,0.006,0.01,0
84,Ireland,Country,2007,20504890,16033069,1826460,2645361,0,4676,3656,417,603,0,0.782,0.089,0.129,0,0.078,0.061,0.007,0.01,0
84,Ireland,Country,2008,22706938,17699891,2124269,2882778,0,5089,3967,476,646,0,0.779,0.094,0.127,0,0.091,0.071,0.008,0.012,0
84,Ireland,Country,2009,24159666,18535710,2479106,3144850,0,5329,4089,547,694,0,0.767,0.103,0.13,0,0.101,0.078,0.01,0.013,0
84,Ireland,Country,2010,28713313,22193147,3071361,3448805,0,6244,4826,668,750,0,0.773,0.107,0.12,0,0.117,0.091,0.013,0.014,0
84,Ireland,Country,2011,25282096,18388519,3370225,3523353,0,5429,3949,724,757,0,0.727,0.133,0.139,0,0.101,0.073,0.013,0.014,0
84,Ireland,Country,2012,25188288,17928263,3683552,3576474,0,5353,3810,783,760,0,0.712,0.146,0.142,0,0.1,0.071,0.015,0.014,0
84,Ireland,Country,2013,25449526,18075984,3822961,3550581,0,5362,3809,806,748,0,0.71,0.15,0.14,0,0.099,0.07,0.015,0.014,0
84,Ireland,Country,2014,25511377,18243322,3795676,3472380,0,5337,3817,794,726,0,0.715,0.149,0.136,0,0.09,0.065,0.013,0.012,0
84,Ireland,Country,2015,23992636,16993071,3639804,3359761,0,4989,3533,757,699,0,0.708,0.152,0.14,0,0.068,0.048,0.01,0.01,0
84,Ireland,Country,2016,25245897,18229657,3691093,3325146,0,5221,3770,763,688,0,0.722,0.146,0.132,0,0.072,0.052,0.01,0.009,0
84,Ireland,Country,2017,25751872,18749278,3700342,3302252,0,5300,3859,762,680,0,0.728,0.144,0.128,0,0.067,0.049,0.01,0.009,0
84,Ireland,Country,2018,26902971,19797996,3770047,3334928,0,5510,4055,772,683,0,0.736,0.14,0.124,0,0.066,0.048,0.009,0.008,0
84,Ireland,Country,2019,28448268,21040255,3943874,3464138,0,5802,4291,804,706,0,0.74,0.139,0.122,0,0.067,0.049,0.009,0.008,0
84,Ireland,Country,2020,32022483,24998123,3536549,3487811,0,6505,5078,718,708,0,0.781,0.11,0.109,0,0.07,0.055,0.008,0.008,0
84,Ireland,Country,2021,34214294,26505334,4068266,3640695,0,6980,5407,830,743,0,0.775,0.119,0.106,0,0.066,0.051,0.008,0.007,0
84,Ireland,Country,2022,34718538,26846864,4170649,3701025,0,7010,5421,842,747,0,0.773,0.12,0.107,0,0.062,0.048,0.007,0.007,0
85,Israel,Country,1995,12221935,8301568,305679,3614688,0,2154,1463,54,637,0,0.679,0.025,0.296,0,0.067,0.045,0.002,0.02,0
85,Israel,Country,1996,12883942,8761627,357226,3765090,0,2215,1506,61,647,0,0.68,0.028,0.292,0,0.066,0.045,0.002,0.019,0
85,Israel,Country,1997,13426390,9069531,435242,3921617,0,2253,1522,73,658,0,0.676,0.032,0.292,0,0.067,0.045,0.002,0.019,0
85,Israel,Country,1998,13720249,9131457,519263,4069529,0,2248,1496,85,667,0,0.666,0.038,0.297,0,0.065,0.044,0.002,0.019,0
85,Israel,Country,1999,14025731,9189854,616989,4218888,0,2245,1471,99,675,0,0.655,0.044,0.301,0,0.065,0.043,0.003,0.02,0
85,Israel,Country,2000,14472072,9316172,722592,4433308,0,2265,1458,113,694,0,0.644,0.05,0.306,0,0.062,0.04,0.003,0.019,0
85,Israel,Country,2001,15211393,9787863,822808,4600721,0,2328,1498,126,704,0,0.643,0.054,0.302,0,0.065,0.042,0.004,0.02,0
85,Israel,Country,2002,15939054,10371175,944485,4623394,0,2387,1553,141,693,0,0.651,0.059,0.29,0,0.068,0.044,0.004,0.02,0
85,Israel,Country,2003,15674546,9969447,1051895,4653204,0,2298,1462,154,682,0,0.636,0.067,0.297,0,0.066,0.042,0.004,0.02,0
85,Israel,Country,2004,16037913,10051414,1215319,4771180,0,2303,1444,175,685,0,0.627,0.076,0.297,0,0.064,0.04,0.005,0.019,0
85,Israel,Country,2005,16875792,10500282,1464570,4910940,0,2375,1478,206,691,0,0.622,0.087,0.291,0,0.065,0.04,0.006,0.019,0
85,Israel,Country,2006,17738632,11019853,1814905,4903874,0,2447,1520,250,677,0,0.621,0.102,0.276,0,0.064,0.04,0.007,0.018,0
85,Israel,Country,2007,18501470,11393722,2123146,4984602,0,2503,1541,287,674,0,0.616,0.115,0.269,0,0.063,0.039,0.007,0.017,0
85,Israel,Country,2008,19578258,12161979,2363608,5052671,0,2596,1613,313,670,0,0.621,0.121,0.258,0,0.064,0.04,0.008,0.017,0
85,Israel,Country,2009,20354192,12760418,2490016,5103757,0,2646,1659,324,664,0,0.627,0.122,0.251,0,0.066,0.042,0.008,0.017,0
85,Israel,Country,2010,20955074,13197217,2595436,5162422,0,2671,1682,331,658,0,0.63,0.124,0.246,0,0.065,0.041,0.008,0.016,0
85,Israel,Country,2011,21967983,13923894,2747995,5296094,0,2745,1740,343,662,0,0.634,0.125,0.241,0,0.064,0.041,0.008,0.015,0
85,Israel,Country,2012,23113814,14754292,2917097,5442424,0,2833,1809,358,667,0,0.638,0.126,0.235,0,0.066,0.042,0.008,0.015,0
85,Israel,Country,2013,24261604,15577504,3077311,5606788,0,2917,1873,370,674,0,0.642,0.127,0.231,0,0.066,0.042,0.008,0.015,0
85,Israel,Country,2014,25027028,16019188,3202121,5805719,0,2953,1890,378,685,0,0.64,0.128,0.232,0,0.066,0.042,0.008,0.015,0
85,Israel,Country,2015,25913678,16599941,3320834,5992902,0,3000,1922,384,694,0,0.641,0.128,0.231,0,0.067,0.043,0.009,0.015,0
85,Israel,Country,2016,27262439,17551853,3455416,6255170,0,3098,1995,393,711,0,0.644,0.127,0.229,0,0.067,0.043,0.009,0.015,0
85,Israel,Country,2017,28651012,18584693,3583699,6482619,0,3197,2073,400,723,0,0.649,0.125,0.226,0,0.068,0.044,0.008,0.015,0
85,Israel,Country,2018,30177884,19769186,3740784,6667914,0,3307,2167,410,731,0,0.655,0.124,0.221,0,0.069,0.045,0.008,0.015,0
85,Israel,Country,2019,31208459,20486251,3910821,6811387,0,3362,2207,421,734,0,0.656,0.125,0.218,0,0.068,0.045,0.009,0.015,0
85,Israel,Country,2020,33087128,22612052,3665492,6809584,0,3505,2395,388,721,0,0.683,0.111,0.206,0,0.074,0.05,0.008,0.015,0
85,Israel,Country,2021,35811584,24243883,4023746,7543955,0,3755,2542,422,791,0,0.677,0.112,0.211,0,0.073,0.05,0.008,0.015,0
85,Israel,Country,2022,36364014,24392973,4552274,7418766,0,3754,2518,470,766,0,0.671,0.125,0.204,0,0.07,0.047,0.009,0.014,0
86,Italy,Country,1995,131995284,94950546,1431867,35612872,0,2336,1681,25,630,0,0.719,0.011,0.27,0,0.07,0.05,0.001,0.019,0
86,Italy,Country,1996,136882918,98231404,1466600,37184915,0,2425,1740,26,659,0,0.718,0.011,0.272,0,0.071,0.051,0.001,0.019,0
86,Italy,Country,1997,141590642,100990032,1481331,39119279,0,2509,1789,26,693,0,0.713,0.01,0.276,0,0.072,0.052,0.001,0.02,0
86,Italy,Country,1998,146759982,104502510,1472805,40784667,0,2599,1851,26,722,0,0.712,0.01,0.278,0,0.074,0.052,0.001,0.02,0
86,Italy,Country,1999,152301845,109159950,1477620,41664274,0,2694,1931,26,737,0,0.717,0.01,0.274,0,0.075,0.054,0.001,0.021,0
86,Italy,Country,2000,159091436,115641745,1480659,41969032,0,2808,2041,26,741,0,0.727,0.009,0.264,0,0.075,0.055,0.001,0.02,0
86,Italy,Country,2001,166368378,123296201,1523041,41549135,0,2926,2169,27,731,0,0.741,0.009,0.25,0,0.077,0.057,0.001,0.019,0
86,Italy,Country,2002,169238176,126736927,1553237,40948011,0,2963,2219,27,717,0,0.749,0.009,0.242,0,0.078,0.058,0.001,0.019,0
86,Italy,Country,2003,173492108,131396118,1594451,40501538,0,3021,2288,28,705,0,0.757,0.009,0.233,0,0.08,0.06,0.001,0.019,0
86,Italy,Country,2004,178439962,136349906,1644874,40445182,0,3084,2356,28,699,0,0.764,0.009,0.227,0,0.081,0.062,0.001,0.018,0
86,Italy,Country,2005,184105595,142096325,1705995,40303276,0,3157,2436,29,691,0,0.772,0.009,0.219,0,0.083,0.064,0.001,0.018,0
86,Italy,Country,2006,188822458,146650861,1787926,40383672,0,3213,2496,30,687,0,0.777,0.009,0.214,0,0.083,0.064,0.001,0.018,0
86,Italy,Country,2007,188101434,145939710,1849465,40312259,0,3178,2465,31,681,0,0.776,0.01,0.214,0,0.081,0.063,0.001,0.017,0
86,Italy,Country,2008,191315406,148860610,1916646,40538149,0,3209,2497,32,680,0,0.778,0.01,0.212,0,0.083,0.065,0.001,0.018,0
86,Italy,Country,2009,196048876,153711692,1952273,40384911,0,3267,2562,33,673,0,0.784,0.01,0.206,0,0.09,0.071,0.001,0.019,0
86,Italy,Country,2010,192521068,150098778,1889046,40533244,0,3191,2488,31,672,0,0.78,0.01,0.211,0,0.087,0.068,0.001,0.018,0
86,Italy,Country,2011,188062620,145364154,1776485,40921981,0,3105,2400,29,676,0,0.773,0.009,0.218,0,0.084,0.065,0.001,0.018,0
86,Italy,Country,2012,188488424,143206082,3842804,41439538,0,3105,2359,63,683,0,0.76,0.02,0.22,0,0.087,0.066,0.002,0.019,0
86,Italy,Country,2013,185058201,140117828,3699874,41240499,0,3045,2305,61,678,0,0.757,0.02,0.223,0,0.088,0.066,0.002,0.02,0
86,Italy,Country,2014,184372961,138771417,3736921,41864623,0,3032,2282,61,689,0,0.753,0.02,0.227,0,0.088,0.066,0.002,0.02,0
86,Italy,Country,2015,185312205,138425462,3922569,42964175,0,3049,2278,65,707,0,0.747,0.021,0.232,0,0.087,0.065,0.002,0.02,0
86,Italy,Country,2016,185655386,137707969,4221580,43725838,0,3059,2269,70,720,0,0.742,0.023,0.236,0,0.086,0.064,0.002,0.02,0
86,Italy,Country,2017,187821879,138793306,4602611,44425962,0,3100,2291,76,733,0,0.739,0.025,0.237,0,0.086,0.064,0.002,0.02,0
86,Italy,Country,2018,188932173,139336957,4947680,44647536,0,3125,2305,82,739,0,0.737,0.026,0.236,0,0.086,0.063,0.002,0.02,0
86,Italy,Country,2019,190264357,140367284,5234926,44662147,0,3156,2328,87,741,0,0.738,0.028,0.235,0,0.086,0.063,0.002,0.02,0
86,Italy,Country,2020,192069910,145835547,5034703,41199660,0,3197,2428,84,686,0,0.759,0.026,0.215,0,0.095,0.072,0.002,0.02,0
86,Italy,Country,2021,201703145,150174370,5725953,45802823,0,3346,2491,95,760,0,0.745,0.028,0.227,0,0.091,0.068,0.003,0.021,0
86,Italy,Country,2022,200994270,149663914,5667457,45662899,0,3342,2489,94,759,0,0.745,0.028,0.227,0,0.087,0.064,0.002,0.02,0
115,Jamaica,Country,1995,749113,388471,131610,184247,44786,301,156,53,74,18,0.519,0.175,0.246,0.06,0.045,0.023,0.008,0.011,0.003
115,Jamaica,Country,1996,838819,467644,141587,199719,29868,333,186,56,79,12,0.558,0.169,0.238,0.036,0.05,0.028,0.008,0.012,0.002
115,Jamaica,Country,1997,894342,499170,144223,225648,25302,351,196,57,88,10,0.558,0.161,0.252,0.028,0.054,0.03,0.009,0.014,0.002
115,Jamaica,Country,1998,911286,506037,143517,233681,28051,353,196,56,91,11,0.555,0.157,0.256,0.031,0.056,0.031,0.009,0.014,0.002
115,Jamaica,Country,1999,903040,488595,139161,250264,25020,346,187,53,96,10,0.541,0.154,0.277,0.028,0.054,0.029,0.008,0.015,0.002
115,Jamaica,Country,2000,892598,463095,132406,268637,28460,339,176,50,102,11,0.519,0.148,0.301,0.032,0.053,0.028,0.008,0.016,0.002
115,Jamaica,Country,2001,917392,449003,129220,275454,63715,346,169,49,104,24,0.489,0.141,0.3,0.07,0.054,0.026,0.008,0.016,0.004
115,Jamaica,Country,2002,850285,448105,129846,260007,12327,318,168,49,97,5,0.527,0.153,0.306,0.015,0.049,0.026,0.008,0.015,0.001
115,Jamaica,Country,2003,836160,429933,134756,256617,14854,311,160,50,95,6,0.514,0.161,0.307,0.018,0.047,0.024,0.008,0.014,0.001
115,Jamaica,Country,2004,845033,424660,148483,253995,17895,313,157,55,94,7,0.503,0.176,0.301,0.021,0.047,0.023,0.008,0.014,0.001
115,Jamaica,Country,2005,827161,403545,153797,252796,17023,305,149,57,93,6,0.488,0.186,0.306,0.021,0.045,0.022,0.008,0.014,0.001
115,Jamaica,Country,2006,865095,424807,160746,257435,22106,317,156,59,94,8,0.491,0.186,0.298,0.026,0.046,0.023,0.009,0.014,0.001
115,Jamaica,Country,2007,921552,461205,165228,273769,21350,336,168,60,100,8,0.501,0.179,0.297,0.023,0.048,0.024,0.009,0.014,0.001
115,Jamaica,Country,2008,976266,515057,167484,271147,22577,355,187,61,99,8,0.528,0.171,0.278,0.023,0.052,0.027,0.009,0.014,0.001
115,Jamaica,Country,2009,999604,565171,167450,247274,19708,363,205,61,90,7,0.565,0.167,0.247,0.02,0.055,0.031,0.009,0.014,0.001
115,Jamaica,Country,2010,963737,529197,158829,227715,47996,349,192,58,82,17,0.549,0.165,0.236,0.05,0.054,0.03,0.009,0.013,0.003
115,Jamaica,Country,2011,936497,538055,158894,212676,26872,338,194,57,77,10,0.575,0.17,0.227,0.029,0.052,0.03,0.009,0.012,0.001
115,Jamaica,Country,2012,903185,532147,159445,197795,13798,326,192,58,71,5,0.589,0.176,0.219,0.015,0.05,0.03,0.009,0.011,0.001
115,Jamaica,Country,2013,907662,533526,162488,189171,22477,327,192,58,68,8,0.588,0.179,0.208,0.025,0.05,0.03,0.009,0.011,0.001
115,Jamaica,Country,2014,936000,566802,165667,190113,13419,336,204,60,68,5,0.606,0.177,0.203,0.014,0.052,0.031,0.009,0.011,0.001
115,Jamaica,Country,2015,993853,619863,170925,190015,13051,357,222,61,68,5,0.624,0.172,0.191,0.013,0.055,0.034,0.009,0.01,0.001
115,Jamaica,Country,2016,1055430,671980,177423,189119,16908,378,241,64,68,6,0.637,0.168,0.179,0.016,0.057,0.036,0.01,0.01,0.001
115,Jamaica,Country,2017,1113347,715893,182764,189186,25504,399,256,65,68,9,0.643,0.164,0.17,0.023,0.06,0.038,0.01,0.01,0.001
115,Jamaica,Country,2018,1211966,744818,187867,188676,90605,433,266,67,67,32,0.615,0.155,0.156,0.075,0.064,0.039,0.01,0.01,0.005
115,Jamaica,Country,2019,1175678,761044,192782,188926,32926,420,272,69,68,12,0.647,0.164,0.161,0.028,0.061,0.04,0.01,0.01,0.002
115,Jamaica,Country,2020,1152356,778138,175191,165540,33487,411,278,63,59,12,0.675,0.152,0.144,0.029,0.067,0.045,0.01,0.01,0.002
115,Jamaica,Country,2021,1328964,918822,185319,166780,58043,470,325,66,59,21,0.692,0.139,0.125,0.044,0.073,0.051,0.01,0.009,0.003
115,Jamaica,Country,2022,1487531,1118619,168897,161474,38541,525,395,60,57,14,0.752,0.113,0.109,0.026,0.078,0.059,0.009,0.008,0.002
67,Japan,Country,1995,197643068,160057926,7656769,29928372,0,1549,1254,60,234,0,0.81,0.039,0.151,0,0.056,0.046,0.002,0.009,0
67,Japan,Country,1996,204732246,165182677,7978291,31571278,0,1600,1291,62,247,0,0.807,0.039,0.154,0,0.056,0.046,0.002,0.009,0
67,Japan,Country,1997,211018933,168768860,8223167,34026906,0,1646,1316,64,265,0,0.8,0.039,0.161,0,0.058,0.046,0.002,0.009,0
67,Japan,Country,1998,230862669,185623103,8694777,36544788,0,1796,1444,68,284,0,0.804,0.038,0.158,0,0.064,0.051,0.002,0.01,0
67,Japan,Country,1999,235715013,188409217,8827175,38478621,0,1831,1463,69,299,0,0.799,0.037,0.163,0,0.065,0.052,0.002,0.011,0
67,Japan,Country,2000,251463057,201888555,9100861,40473642,0,1950,1565,71,314,0,0.803,0.036,0.161,0,0.068,0.055,0.002,0.011,0
67,Japan,Country,2001,260806167,209882144,8891633,42032390,0,2018,1624,69,325,0,0.805,0.034,0.161,0,0.07,0.057,0.002,0.011,0
67,Japan,Country,2002,271900356,219279749,8783308,43837298,0,2101,1694,68,339,0,0.806,0.032,0.161,0,0.073,0.059,0.002,0.012,0
67,Japan,Country,2003,281160965,226423658,8777524,45959783,0,2170,1747,68,355,0,0.805,0.031,0.163,0,0.075,0.06,0.002,0.012,0
67,Japan,Country,2004,285451575,229418849,8911524,47121202,0,2201,1769,69,363,0,0.804,0.031,0.165,0,0.074,0.06,0.002,0.012,0
67,Japan,Country,2005,294095619,237088940,9305666,47701013,0,2266,1827,72,368,0,0.806,0.032,0.162,0,0.075,0.06,0.002,0.012,0
67,Japan,Country,2006,298891046,240851595,9750098,48289353,0,2301,1855,75,372,0,0.806,0.033,0.162,0,0.075,0.061,0.002,0.012,0
67,Japan,Country,2007,305181021,246479075,10326097,48375849,0,2349,1897,79,372,0,0.808,0.034,0.159,0,0.076,0.061,0.003,0.012,0
67,Japan,Country,2008,316486605,256594945,11105629,48786031,0,2435,1974,85,375,0,0.811,0.035,0.154,0,0.079,0.064,0.003,0.012,0
67,Japan,Country,2009,344914759,283161820,11877657,49875283,0,2653,2178,91,384,0,0.821,0.034,0.145,0,0.092,0.075,0.003,0.013,0
67,Japan,Country,2010,358929728,295608428,12237757,51083543,0,2761,2274,94,393,0,0.824,0.034,0.142,0,0.092,0.076,0.003,0.013,0
67,Japan,Country,2011,390713428,325229754,12703735,52779939,0,3008,2504,98,406,0,0.832,0.033,0.135,0,0.1,0.083,0.003,0.013,0
67,Japan,Country,2012,412116804,345367551,12894402,53854852,0,3176,2661,99,415,0,0.838,0.031,0.131,0,0.104,0.087,0.003,0.014,0
67,Japan,Country,2013,427274165,359791487,12944249,54538429,0,3296,2776,100,421,0,0.842,0.03,0.128,0,0.105,0.089,0.003,0.013,0
67,Japan,Country,2014,433031101,364906953,12914265,55209883,0,3344,2818,100,426,0,0.843,0.03,0.128,0,0.107,0.09,0.003,0.014,0
67,Japan,Country,2015,434527341,365589615,13048087,55889640,0,3360,2827,101,432,0,0.841,0.03,0.129,0,0.105,0.089,0.003,0.014,0
67,Japan,Country,2016,439638119,369941106,13499740,56197273,0,3404,2864,105,435,0,0.841,0.031,0.128,0,0.106,0.089,0.003,0.014,0
67,Japan,Country,2017,440226570,369560661,13930794,56735115,0,3414,2866,108,440,0,0.839,0.032,0.129,0,0.104,0.087,0.003,0.013,0
67,Japan,Country,2018,448206400,375910288,14346038,57950073,0,3482,2921,111,450,0,0.839,0.032,0.129,0,0.105,0.088,0.003,0.014,0
67,Japan,Country,2019,457581914,384186564,14480790,58914560,0,3563,2992,113,459,0,0.84,0.032,0.129,0,0.108,0.091,0.003,0.014,0
67,Japan,Country,2020,448063206,381493033,14077284,52492889,0,3498,2979,110,410,0,0.851,0.031,0.117,0,0.11,0.094,0.003,0.013,0
67,Japan,Country,2021,458711618,390756493,14093107,53862019,0,3583,3052,110,421,0,0.852,0.031,0.117,0,0.11,0.094,0.003,0.013,0
67,Japan,Country,2022,468369750,406387898,10148053,51833799,0,3673,3187,80,407,0,0.868,0.022,0.111,0,0.111,0.096,0.002,0.012,0
144,Jordan,Country,1995,1304543,817835,125652,328388,32668,298,187,29,75,7,0.627,0.096,0.252,0.025,0.079,0.049,0.008,0.02,0.002
144,Jordan,Country,1996,1362690,846942,133059,368025,14664,304,189,30,82,3,0.622,0.097,0.27,0.011,0.081,0.051,0.008,0.022,0.001
144,Jordan,Country,1997,1428798,842600,141072,421266,23860,313,185,31,92,5,0.59,0.099,0.295,0.017,0.083,0.049,0.008,0.025,0.001
144,Jordan,Country,1998,1557458,877452,156558,488977,34472,335,189,34,105,7,0.564,0.1,0.314,0.022,0.088,0.05,0.009,0.028,0.002
144,Jordan,Country,1999,1692401,872252,175736,577512,66902,358,185,37,122,14,0.516,0.104,0.341,0.04,0.093,0.048,0.01,0.032,0.004
144,Jordan,Country,2000,1862705,900174,214923,690975,56633,387,187,45,143,12,0.483,0.115,0.371,0.03,0.099,0.048,0.011,0.037,0.003
144,Jordan,Country,2001,1977228,914318,228859,783184,50867,402,186,46,159,10,0.463,0.116,0.396,0.026,0.1,0.046,0.012,0.039,0.003
144,Jordan,Country,2002,2064365,942157,214258,851650,56299,410,187,43,169,11,0.457,0.104,0.412,0.027,0.098,0.045,0.01,0.04,0.003
144,Jordan,Country,2003,2123670,986932,183264,893822,59652,411,191,35,173,12,0.465,0.086,0.421,0.028,0.096,0.045,0.008,0.041,0.003
144,Jordan,Country,2004,2137350,1015437,156103,915761,50049,401,190,29,172,9,0.475,0.073,0.428,0.023,0.089,0.042,0.006,0.038,0.002
144,Jordan,Country,2005,2260336,1150220,145394,933595,31127,409,208,26,169,6,0.509,0.064,0.413,0.014,0.086,0.044,0.006,0.035,0.001
144,Jordan,Country,2006,2342647,1256894,137536,923862,24356,399,214,23,157,4,0.537,0.059,0.394,0.01,0.082,0.044,0.005,0.033,0.001
144,Jordan,Country,2007,2661413,1559577,150762,929947,21126,417,245,24,146,3,0.586,0.057,0.349,0.008,0.085,0.05,0.005,0.03,0.001
144,Jordan,Country,2008,2973844,1840570,183143,903888,46244,437,271,27,133,7,0.619,0.061,0.304,0.016,0.085,0.052,0.005,0.026,0.001
144,Jordan,Country,2009,3252432,2149062,217924,834069,51377,457,302,31,117,7,0.661,0.067,0.256,0.016,0.086,0.057,0.006,0.022,0.001
144,Jordan,Country,2010,3137788,2100633,234188,753303,49663,421,282,31,101,7,0.67,0.075,0.24,0.016,0.079,0.053,0.006,0.019,0.001
144,Jordan,Country,2011,3215215,2180467,264170,716611,53966,411,279,34,92,7,0.678,0.082,0.223,0.017,0.077,0.052,0.006,0.017,0.001
144,Jordan,Country,2012,3198143,2093923,288132,702270,113818,391,256,35,86,14,0.655,0.09,0.22,0.036,0.073,0.048,0.007,0.016,0.003
144,Jordan,Country,2013,3036005,1875368,315375,708855,136407,353,218,37,82,16,0.618,0.104,0.233,0.045,0.068,0.042,0.007,0.016,0.003
144,Jordan,Country,2014,3144008,1904747,365366,771800,102095,344,208,40,84,11,0.606,0.116,0.245,0.032,0.071,0.043,0.008,0.017,0.002
144,Jordan,Country,2015,3057328,1713947,426980,886287,30113,316,177,44,91,3,0.561,0.14,0.29,0.01,0.069,0.039,0.01,0.02,0.001
144,Jordan,Country,2016,2927086,1474489,436916,975317,40364,288,145,43,96,4,0.504,0.149,0.333,0.014,0.065,0.033,0.01,0.022,0.001
144,Jordan,Country,2017,3034339,1428993,456179,1067430,81736,286,135,43,101,8,0.471,0.15,0.352,0.027,0.064,0.03,0.01,0.023,0.002
144,Jordan,Country,2018,3153612,1429925,469344,1142578,111764,285,129,42,103,10,0.453,0.149,0.362,0.035,0.064,0.029,0.01,0.023,0.002
144,Jordan,Country,2019,3248122,1430343,475859,1204782,137137,282,124,41,105,12,0.44,0.147,0.371,0.042,0.064,0.028,0.009,0.024,0.003
144,Jordan,Country,2020,3287861,1266396,502403,1268083,250980,276,106,42,106,21,0.385,0.153,0.386,0.076,0.064,0.025,0.01,0.025,0.005
144,Jordan,Country,2021,3346475,1202302,528855,1333560,281759,272,98,43,108,23,0.359,0.158,0.398,0.084,0.062,0.022,0.01,0.025,0.005
144,Jordan,Country,2022,3275170,1200510,549312,1390390,134958,262,96,44,111,11,0.367,0.168,0.425,0.041,0.06,0.022,0.01,0.025,0.002
36,Kazakhstan,Country,1995,3848721,2090733,53099,1697766,7123,245,133,3,108,0,0.543,0.014,0.441,0.002,0.061,0.033,0.001,0.027,0
36,Kazakhstan,Country,1996,3718827,2002824,49823,1656317,9863,240,129,3,107,1,0.538,0.013,0.446,0.003,0.058,0.031,0.001,0.026,0
36,Kazakhstan,Country,1997,3633361,1958020,46428,1620018,8894,237,128,3,106,1,0.539,0.013,0.446,0.002,0.055,0.03,0.001,0.025,0
36,Kazakhstan,Country,1998,3463510,1841515,40977,1564269,16749,229,122,3,103,1,0.532,0.012,0.452,0.005,0.053,0.028,0.001,0.024,0
36,Kazakhstan,Country,1999,3293778,1738400,33916,1494155,27308,219,116,2,99,2,0.528,0.01,0.454,0.008,0.049,0.026,0.001,0.022,0
36,Kazakhstan,Country,2000,3234159,1717397,25687,1464239,26837,216,115,2,98,2,0.531,0.008,0.453,0.008,0.044,0.023,0,0.02,0
36,Kazakhstan,Country,2001,3344805,1828120,23799,1465168,27718,224,122,2,98,2,0.546,0.007,0.438,0.008,0.04,0.022,0,0.018,0
36,Kazakhstan,Country,2002,3470486,1888774,23599,1545059,13054,232,126,2,103,1,0.544,0.007,0.445,0.004,0.038,0.021,0,0.017,0
36,Kazakhstan,Country,2003,3888648,2200432,25759,1638038,24419,259,147,2,109,2,0.566,0.007,0.421,0.006,0.039,0.022,0,0.017,0
36,Kazakhstan,Country,2004,4248121,2523894,28694,1676994,18539,281,167,2,111,1,0.594,0.007,0.395,0.004,0.039,0.023,0,0.015,0
36,Kazakhstan,Country,2005,4554966,2891100,32730,1616715,14422,299,190,2,106,1,0.635,0.007,0.355,0.003,0.038,0.024,0,0.014,0
36,Kazakhstan,Country,2006,4422928,2881525,36333,1482455,22614,288,187,2,96,1,0.651,0.008,0.335,0.005,0.034,0.022,0,0.011,0
36,Kazakhstan,Country,2007,4728939,3293017,44581,1376154,15187,304,212,3,88,1,0.696,0.009,0.291,0.003,0.033,0.023,0,0.01,0
36,Kazakhstan,Country,2008,5210729,3816752,59692,1306149,28137,331,242,4,83,2,0.732,0.011,0.251,0.005,0.035,0.026,0,0.009,0
36,Kazakhstan,Country,2009,5048926,3637706,79738,1272908,58574,316,228,5,80,4,0.721,0.016,0.252,0.012,0.034,0.024,0.001,0.008,0
36,Kazakhstan,Country,2010,4975699,3507647,124965,1277858,65228,307,216,8,79,4,0.705,0.025,0.257,0.013,0.031,0.022,0.001,0.008,0
36,Kazakhstan,Country,2011,5059656,3522411,165922,1325770,45553,308,214,10,81,3,0.696,0.033,0.262,0.009,0.029,0.02,0.001,0.008,0
36,Kazakhstan,Country,2012,5558079,3825206,210258,1472161,50453,333,229,13,88,3,0.688,0.038,0.265,0.009,0.03,0.021,0.001,0.008,0
36,Kazakhstan,Country,2013,5573231,3743801,240088,1556685,32657,330,221,14,92,2,0.672,0.043,0.279,0.006,0.029,0.019,0.001,0.008,0
36,Kazakhstan,Country,2014,6154365,4107809,281133,1742872,22552,359,239,16,102,1,0.668,0.046,0.283,0.004,0.031,0.02,0.001,0.009,0
36,Kazakhstan,Country,2015,6631946,4294317,312615,2002576,22438,381,247,18,115,1,0.648,0.047,0.302,0.003,0.033,0.021,0.002,0.01,0
36,Kazakhstan,Country,2016,6726520,4141999,330406,2206796,47318,381,234,19,125,3,0.616,0.049,0.328,0.007,0.033,0.02,0.002,0.011,0
36,Kazakhstan,Country,2017,7114167,4438891,360554,2279374,35348,397,248,20,127,2,0.624,0.051,0.32,0.005,0.033,0.021,0.002,0.011,0
36,Kazakhstan,Country,2018,6481750,3830246,366523,2266233,18748,356,211,20,125,1,0.591,0.056,0.35,0.003,0.029,0.017,0.002,0.01,0
36,Kazakhstan,Country,2019,6849099,4087879,408981,2330166,22074,371,221,22,126,1,0.597,0.06,0.34,0.003,0.029,0.017,0.002,0.01,0
36,Kazakhstan,Country,2020,8978727,5780166,569026,2477269,152266,480,309,30,132,8,0.644,0.063,0.276,0.017,0.039,0.025,0.002,0.011,0.001
36,Kazakhstan,Country,2021,9578128,6195966,932050,2410154,39958,507,328,49,128,2,0.647,0.097,0.252,0.004,0.04,0.026,0.004,0.01,0
36,Kazakhstan,Country,2022,9367591,5731784,710324,2907606,17877,490,300,37,152,1,0.612,0.076,0.311,0.002,0.038,0.024,0.003,0.012,0
180,Kenya,Country,1995,1420024,495018,165473,643557,115977,53,18,6,24,4,0.349,0.116,0.453,0.082,0.039,0.014,0.005,0.018,0.003
180,Kenya,Country,1996,1470796,477288,166339,659822,167347,53,17,6,24,6,0.325,0.113,0.448,0.115,0.039,0.013,0.004,0.017,0.004
180,Kenya,Country,1997,1458238,493772,172367,681019,111081,51,17,6,24,4,0.339,0.118,0.467,0.077,0.038,0.013,0.004,0.018,0.003
180,Kenya,Country,1998,1544480,503554,177985,701191,161750,53,17,6,24,6,0.326,0.115,0.454,0.106,0.039,0.013,0.004,0.018,0.004
180,Kenya,Country,1999,1481061,474322,176676,708038,122026,49,16,6,23,4,0.32,0.119,0.478,0.083,0.037,0.012,0.004,0.018,0.003
180,Kenya,Country,2000,1507753,455105,174370,704732,173546,48,15,6,23,6,0.302,0.115,0.467,0.116,0.037,0.011,0.004,0.017,0.004
180,Kenya,Country,2001,1553067,469868,179317,725892,177991,49,15,6,23,6,0.303,0.115,0.467,0.115,0.037,0.011,0.004,0.017,0.004
180,Kenya,Country,2002,1582860,488403,183733,749891,160834,48,15,6,23,5,0.309,0.116,0.473,0.102,0.037,0.012,0.004,0.018,0.004
180,Kenya,Country,2003,1728413,505178,189481,788818,244936,51,15,6,23,7,0.293,0.109,0.456,0.142,0.04,0.012,0.004,0.018,0.006
180,Kenya,Country,2004,1849112,508301,194601,830397,315814,53,15,6,24,9,0.275,0.105,0.448,0.172,0.041,0.011,0.004,0.018,0.007
180,Kenya,Country,2005,1958668,551237,209880,882592,314959,55,15,6,25,9,0.282,0.107,0.45,0.162,0.041,0.011,0.004,0.018,0.007
180,Kenya,Country,2006,2267904,611801,235124,935003,485976,62,17,6,25,13,0.27,0.103,0.412,0.215,0.044,0.012,0.005,0.018,0.01
180,Kenya,Country,2007,2405943,678835,270614,969205,487290,64,18,7,26,13,0.282,0.112,0.403,0.203,0.044,0.013,0.005,0.018,0.009
180,Kenya,Country,2008,2678416,744650,303267,975594,654904,69,19,8,25,17,0.278,0.112,0.364,0.245,0.049,0.014,0.006,0.018,0.012
180,Kenya,Country,2009,2887143,832497,339106,983312,732229,73,21,9,25,18,0.289,0.117,0.341,0.254,0.051,0.015,0.006,0.017,0.013
180,Kenya,Country,2010,3143874,936537,377749,1010588,819000,77,23,9,25,20,0.298,0.119,0.322,0.261,0.052,0.015,0.006,0.017,0.013
180,Kenya,Country,2011,3267548,963030,391743,1026527,886248,78,23,9,25,21,0.295,0.119,0.314,0.272,0.051,0.015,0.006,0.016,0.014
180,Kenya,Country,2012,3550974,1082467,416519,1043596,1008393,83,25,10,24,24,0.305,0.116,0.294,0.284,0.053,0.016,0.006,0.016,0.015
180,Kenya,Country,2013,3878512,1184472,440598,1041442,1211999,89,27,10,24,28,0.306,0.113,0.269,0.313,0.056,0.017,0.006,0.015,0.018
180,Kenya,Country,2014,3855210,1280671,476065,1013697,1084777,87,29,11,23,24,0.333,0.122,0.263,0.282,0.053,0.018,0.007,0.014,0.015
180,Kenya,Country,2015,3896864,1379537,505803,970153,1041372,86,30,11,21,23,0.354,0.129,0.249,0.268,0.052,0.018,0.007,0.013,0.014
180,Kenya,Country,2016,4032869,1507866,521113,923814,1080076,87,33,11,20,23,0.374,0.128,0.229,0.268,0.051,0.019,0.007,0.012,0.014
180,Kenya,Country,2017,4056731,1539207,483734,864349,1169441,86,33,10,18,25,0.38,0.118,0.213,0.289,0.05,0.019,0.006,0.011,0.014
180,Kenya,Country,2018,4138078,1612790,472588,872727,1179972,87,34,10,18,25,0.39,0.113,0.211,0.286,0.048,0.019,0.006,0.01,0.014
180,Kenya,Country,2019,4410400,1764756,488960,925955,1230729,91,36,10,19,25,0.401,0.11,0.21,0.279,0.049,0.02,0.005,0.01,0.014
180,Kenya,Country,2020,4658839,1977050,467555,916978,1297256,94,40,9,19,26,0.425,0.1,0.197,0.279,0.053,0.022,0.005,0.01,0.015
180,Kenya,Country,2021,5103239,2175862,489542,979973,1457862,101,43,10,19,29,0.426,0.095,0.192,0.286,0.053,0.023,0.005,0.01,0.015
180,Kenya,Country,2022,4710935,2068640,510122,1036927,1095246,92,40,10,20,21,0.439,0.107,0.22,0.233,0.047,0.021,0.005,0.01,0.011
23,Kiribati,Country,1995,14614,11349,32,2932,301,182,142,0,37,4,0.777,0.002,0.2,0.021,0.109,0.085,0,0.022,0.002
23,Kiribati,Country,1996,14176,11214,27,2927,7,174,138,0,36,0,0.792,0.002,0.206,0.001,0.106,0.084,0,0.022,0
23,Kiribati,Country,1997,14388,11371,19,2921,77,174,137,0,35,1,0.791,0.001,0.202,0.005,0.106,0.084,0,0.022,0.001
23,Kiribati,Country,1998,14497,11543,10,2895,49,172,137,0,34,1,0.797,0.001,0.199,0.003,0.103,0.082,0,0.021,0
23,Kiribati,Country,1999,15066,12103,3,2851,110,176,141,0,33,1,0.804,0,0.189,0.007,0.111,0.089,0,0.021,0.001
23,Kiribati,Country,2000,17092,11226,0,2704,3162,196,129,0,31,36,0.657,0,0.158,0.185,0.118,0.077,0,0.019,0.022
23,Kiribati,Country,2001,18568,15378,0,2794,396,209,173,0,31,4,0.829,0,0.15,0.021,0.132,0.11,0,0.02,0.003
23,Kiribati,Country,2002,18344,15192,0,2787,366,203,168,0,31,4,0.829,0,0.151,0.02,0.129,0.107,0,0.02,0.003
23,Kiribati,Country,2003,17450,13943,0,2764,744,189,151,0,30,8,0.799,0,0.158,0.043,0.125,0.1,0,0.02,0.005
23,Kiribati,Country,2004,28518,16286,0,2868,9364,303,173,0,30,100,0.571,0,0.1,0.329,0.205,0.117,0,0.021,0.067
23,Kiribati,Country,2005,22118,15527,0,2906,3685,231,162,0,30,38,0.702,0,0.131,0.167,0.157,0.11,0,0.021,0.026
23,Kiribati,Country,2006,21570,14198,0,2970,4403,220,145,0,30,45,0.658,0,0.137,0.204,0.145,0.095,0,0.02,0.03
23,Kiribati,Country,2007,23741,13790,1,3118,6832,238,138,0,31,68,0.581,0,0.131,0.288,0.155,0.09,0,0.02,0.045
23,Kiribati,Country,2008,31062,13918,897,3837,12410,305,137,9,38,122,0.448,0.029,0.123,0.4,0.21,0.094,0.006,0.026,0.084
23,Kiribati,Country,2009,25580,12652,860,3762,8307,247,122,8,36,80,0.495,0.034,0.147,0.325,0.172,0.085,0.006,0.025,0.056
23,Kiribati,Country,2010,25712,12107,840,3724,9040,244,115,8,35,86,0.471,0.033,0.144,0.352,0.172,0.081,0.006,0.025,0.06
23,Kiribati,Country,2011,24445,12115,830,3723,7776,229,113,8,35,73,0.496,0.034,0.152,0.319,0.158,0.078,0.005,0.024,0.05
23,Kiribati,Country,2012,25323,12247,826,3747,8503,234,113,8,35,78,0.484,0.033,0.148,0.336,0.155,0.075,0.005,0.023,0.052
23,Kiribati,Country,2013,22642,11918,810,3777,6136,206,109,7,34,56,0.527,0.036,0.166,0.271,0.129,0.068,0.005,0.021,0.035
23,Kiribati,Country,2014,21738,14216,831,3900,2791,196,128,7,35,25,0.654,0.038,0.179,0.129,0.122,0.08,0.005,0.022,0.016
23,Kiribati,Country,2015,22025,13957,795,3974,3299,196,124,7,35,29,0.634,0.036,0.18,0.15,0.111,0.071,0.004,0.02,0.017
23,Kiribati,Country,2016,25806,16367,819,4189,4431,227,144,7,37,39,0.634,0.032,0.162,0.172,0.122,0.077,0.004,0.02,0.021
23,Kiribati,Country,2017,27704,17246,808,4338,5311,240,150,7,38,46,0.623,0.029,0.156,0.192,0.127,0.079,0.004,0.02,0.024
23,Kiribati,Country,2018,31126,20760,841,4573,4951,267,178,7,39,42,0.667,0.027,0.146,0.159,0.138,0.092,0.004,0.02,0.022
23,Kiribati,Country,2019,32594,22017,849,4715,5013,276,186,7,40,42,0.676,0.026,0.144,0.154,0.14,0.095,0.004,0.02,0.022
23,Kiribati,Country,2020,45875,22767,789,4816,17503,383,190,7,40,146,0.496,0.017,0.105,0.382,0.201,0.1,0.003,0.021,0.077
23,Kiribati,Country,2021,44063,22903,708,4938,15514,367,191,6,41,129,0.52,0.016,0.112,0.352,0.18,0.094,0.003,0.02,0.064
23,Kiribati,Country,2022,34145,22798,718,4955,5673,281,188,6,41,47,0.668,0.021,0.145,0.166,0.134,0.09,0.003,0.02,0.022
145,Kuwait,Country,1995,2335283,1796251,31429,507603,0,1414,1088,19,307,0,0.769,0.013,0.218,0,0.032,0.024,0,0.007,0
145,Kuwait,Country,1996,2290036,1717598,32633,539805,0,1388,1041,20,327,0,0.75,0.014,0.236,0,0.032,0.024,0,0.007,0
145,Kuwait,Country,1997,2419202,1807056,34930,577215,0,1427,1066,21,340,0,0.747,0.014,0.239,0,0.033,0.025,0,0.008,0
145,Kuwait,Country,1998,2726065,2060424,39665,625976,0,1523,1151,22,350,0,0.756,0.015,0.23,0,0.035,0.026,0.001,0.008,0
145,Kuwait,Country,1999,2554621,1923325,39073,592223,0,1369,1031,21,317,0,0.753,0.015,0.232,0,0.033,0.025,0.001,0.008,0
145,Kuwait,Country,2000,2161674,1580182,36798,544694,0,1128,825,19,284,0,0.731,0.017,0.252,0,0.027,0.019,0,0.007,0
145,Kuwait,Country,2001,2679398,2071542,44664,563192,0,1356,1048,23,285,0,0.773,0.017,0.21,0,0.033,0.025,0.001,0.007,0
145,Kuwait,Country,2002,2799197,2174691,50964,573542,0,1367,1062,25,280,0,0.777,0.018,0.205,0,0.033,0.026,0.001,0.007,0
145,Kuwait,Country,2003,2720140,2086934,57414,575792,0,1281,983,27,271,0,0.767,0.021,0.212,0,0.027,0.021,0.001,0.006,0
145,Kuwait,Country,2004,2656353,2027258,59793,569302,0,1207,921,27,259,0,0.763,0.023,0.214,0,0.024,0.018,0.001,0.005,0
145,Kuwait,Country,2005,2434811,1822720,58110,553981,0,1059,792,25,241,0,0.748,0.024,0.228,0,0.019,0.014,0,0.004,0
145,Kuwait,Country,2006,2680623,2058782,60916,560925,0,1107,850,25,232,0,0.768,0.023,0.209,0,0.019,0.015,0,0.004,0
145,Kuwait,Country,2007,2670471,2046282,58994,565194,0,1043,799,23,221,0,0.766,0.022,0.212,0,0.018,0.014,0,0.004,0
145,Kuwait,Country,2008,3215319,2576493,61736,577090,0,1184,949,23,213,0,0.801,0.019,0.18,0,0.022,0.017,0,0.004,0
145,Kuwait,Country,2009,3427797,2799729,59359,568708,0,1197,978,21,199,0,0.817,0.017,0.166,0,0.024,0.02,0,0.004,0
145,Kuwait,Country,2010,3583325,2989873,55818,537634,0,1193,995,19,179,0,0.834,0.016,0.15,0,0.026,0.022,0,0.004,0
145,Kuwait,Country,2011,3478138,2897018,53636,527483,0,1102,918,17,167,0,0.833,0.015,0.152,0,0.024,0.02,0,0.004,0
145,Kuwait,Country,2012,3704366,3086170,56900,561296,0,1117,931,17,169,0,0.833,0.015,0.152,0,0.024,0.02,0,0.004,0
145,Kuwait,Country,2013,4204916,3518170,64166,622581,0,1210,1012,18,179,0,0.837,0.015,0.148,0,0.027,0.023,0,0.004,0
145,Kuwait,Country,2014,5137858,4342778,75521,719559,0,1413,1194,21,198,0,0.845,0.015,0.14,0,0.033,0.028,0,0.005,0
145,Kuwait,Country,2015,6583849,5633519,92363,857967,0,1736,1485,24,226,0,0.856,0.014,0.13,0,0.042,0.036,0.001,0.005,0
145,Kuwait,Country,2016,7319117,6272468,100898,945751,0,1854,1589,26,240,0,0.857,0.014,0.129,0,0.045,0.039,0.001,0.006,0
145,Kuwait,Country,2017,7659029,6602897,100036,956097,0,1869,1611,24,233,0,0.862,0.013,0.125,0,0.05,0.043,0.001,0.006,0
145,Kuwait,Country,2018,8196106,7144471,99205,952430,0,1931,1683,23,224,0,0.872,0.012,0.116,0,0.052,0.045,0.001,0.006,0
145,Kuwait,Country,2019,8548576,7503268,98435,946873,0,1949,1711,22,216,0,0.878,0.012,0.111,0,0.053,0.046,0.001,0.006,0
145,Kuwait,Country,2020,9539490,8547459,92295,899736,0,2110,1891,20,199,0,0.896,0.01,0.094,0,0.059,0.053,0.001,0.006,0
145,Kuwait,Country,2021,8474956,7715714,70954,688288,0,1812,1649,15,147,0,0.91,0.008,0.081,0,0.049,0.044,0,0.004,0
145,Kuwait,Country,2022,7199404,6293244,86272,819888,0,1520,1329,18,173,0,0.874,0.012,0.114,0,0.042,0.036,0,0.005,0
37,Kyrgyzstan,Country,1995,316791,164377,10,130767,21636,66,34,0,27,5,0.518,0,0.413,0.069,0.073,0.038,0,0.03,0.005
37,Kyrgyzstan,Country,1996,292711,143657,14,133026,16014,61,30,0,28,3,0.491,0,0.454,0.055,0.063,0.031,0,0.029,0.003
37,Kyrgyzstan,Country,1997,295320,145419,17,134946,14937,61,30,0,28,3,0.492,0,0.457,0.051,0.058,0.029,0,0.027,0.003
37,Kyrgyzstan,Country,1998,318975,149513,19,142811,26633,65,30,0,29,5,0.468,0,0.448,0.084,0.062,0.029,0,0.028,0.005
37,Kyrgyzstan,Country,1999,294564,144420,22,139571,10551,59,29,0,28,2,0.49,0,0.474,0.036,0.055,0.027,0,0.026,0.002
37,Kyrgyzstan,Country,2000,286684,130448,29,135223,20985,57,26,0,27,4,0.455,0,0.471,0.074,0.051,0.023,0,0.024,0.004
37,Kyrgyzstan,Country,2001,276182,128025,33,139063,9061,55,25,0,27,2,0.464,0,0.503,0.033,0.047,0.022,0,0.024,0.002
37,Kyrgyzstan,Country,2002,309646,141641,32,150295,17677,61,28,0,29,3,0.457,0,0.485,0.057,0.052,0.024,0,0.025,0.003
37,Kyrgyzstan,Country,2003,357183,153772,35,169626,33750,69,30,0,33,7,0.431,0,0.474,0.095,0.057,0.024,0,0.027,0.005
37,Kyrgyzstan,Country,2004,388989,179041,33,188714,21201,75,34,0,36,4,0.461,0,0.485,0.055,0.058,0.026,0,0.028,0.003
37,Kyrgyzstan,Country,2005,461196,215278,29,208655,37235,88,41,0,40,7,0.467,0,0.452,0.081,0.068,0.032,0,0.031,0.006
37,Kyrgyzstan,Country,2006,497703,236589,30,222402,38682,93,44,0,42,7,0.476,0,0.446,0.078,0.071,0.034,0,0.032,0.006
37,Kyrgyzstan,Country,2007,515322,242082,34,231034,42172,95,45,0,43,8,0.47,0,0.448,0.082,0.068,0.032,0,0.03,0.006
37,Kyrgyzstan,Country,2008,532661,238427,40,242415,51779,97,44,0,44,9,0.448,0,0.454,0.098,0.064,0.029,0,0.029,0.006
37,Kyrgyzstan,Country,2009,560996,269355,39,252184,39418,101,48,0,45,7,0.48,0,0.449,0.07,0.066,0.032,0,0.03,0.005
37,Kyrgyzstan,Country,2010,605553,290265,41,269040,46208,107,51,0,48,8,0.48,0,0.444,0.077,0.071,0.034,0,0.032,0.005
37,Kyrgyzstan,Country,2011,650764,297220,44,294381,59119,113,52,0,51,10,0.457,0,0.452,0.091,0.072,0.033,0,0.033,0.007
37,Kyrgyzstan,Country,2012,696947,317679,41,328332,50894,119,54,0,56,9,0.456,0,0.47,0.073,0.077,0.035,0,0.036,0.006
37,Kyrgyzstan,Country,2013,710276,301872,49,355791,52564,119,51,0,60,9,0.426,0,0.5,0.074,0.071,0.03,0,0.035,0.005
37,Kyrgyzstan,Country,2014,713415,284377,55,367789,61195,117,47,0,60,10,0.399,0,0.515,0.086,0.068,0.027,0,0.035,0.006
37,Kyrgyzstan,Country,2015,735113,274237,181,409562,51133,119,44,0,66,8,0.374,0,0.556,0.07,0.068,0.025,0,0.038,0.005
37,Kyrgyzstan,Country,2016,706026,274401,169,389049,42407,112,43,0,62,7,0.39,0,0.55,0.06,0.062,0.024,0,0.034,0.004
37,Kyrgyzstan,Country,2017,684240,270256,214,362258,51511,106,42,0,56,8,0.396,0,0.528,0.075,0.057,0.023,0,0.03,0.004
37,Kyrgyzstan,Country,2018,639060,262641,263,318923,57232,98,40,0,49,9,0.412,0,0.498,0.09,0.052,0.021,0,0.026,0.005
37,Kyrgyzstan,Country,2019,599292,261541,326,291703,45721,90,39,0,44,7,0.437,0.001,0.486,0.077,0.046,0.02,0,0.023,0.004
37,Kyrgyzstan,Country,2020,597175,245380,477,292100,59217,88,36,0,43,9,0.412,0.001,0.488,0.1,0.05,0.021,0,0.025,0.005
37,Kyrgyzstan,Country,2021,763364,346144,279,272828,144113,111,50,0,40,21,0.454,0,0.357,0.189,0.061,0.028,0,0.022,0.012
37,Kyrgyzstan,Country,2022,675045,338756,624,263259,72406,96,48,0,37,10,0.502,0.001,0.389,0.108,0.049,0.025,0,0.019,0.005
12,Lao People's Democratic Republic,Country,1995,121528,42902,6584,60255,11786,25,9,1,13,2,0.353,0.054,0.494,0.098,0.045,0.016,0.002,0.022,0.004
12,Lao People's Democratic Republic,Country,1996,121909,44072,7066,62278,8492,25,9,1,13,2,0.362,0.058,0.51,0.07,0.042,0.015,0.002,0.022,0.003
12,Lao People's Democratic Republic,Country,1997,130283,45519,7786,64576,12402,26,9,2,13,2,0.35,0.06,0.494,0.096,0.042,0.015,0.003,0.021,0.004
12,Lao People's Democratic Republic,Country,1998,132040,45730,8594,66464,11252,26,9,2,13,2,0.347,0.065,0.502,0.086,0.041,0.014,0.003,0.021,0.003
12,Lao People's Democratic Republic,Country,1999,140175,45615,9736,68215,16609,27,9,2,13,3,0.325,0.069,0.486,0.12,0.041,0.013,0.003,0.02,0.005
12,Lao People's Democratic Republic,Country,2000,167534,46663,12366,71034,37471,31,9,2,13,7,0.278,0.074,0.423,0.225,0.045,0.013,0.003,0.019,0.01
12,Lao People's Democratic Republic,Country,2001,147905,46657,11435,74040,15773,27,8,2,13,3,0.315,0.077,0.5,0.107,0.038,0.012,0.003,0.019,0.004
12,Lao People's Democratic Republic,Country,2002,145889,43021,11560,76736,14572,26,8,2,14,3,0.295,0.079,0.525,0.101,0.035,0.01,0.003,0.018,0.003
12,Lao People's Democratic Republic,Country,2003,176797,42612,12010,81374,40800,31,7,2,14,7,0.241,0.068,0.46,0.232,0.04,0.01,0.003,0.018,0.009
12,Lao People's Democratic Republic,Country,2004,153625,37161,11246,76236,28982,26,6,2,13,5,0.242,0.073,0.496,0.189,0.032,0.008,0.002,0.016,0.006
12,Lao People's Democratic Republic,Country,2005,169200,39550,10680,72740,46231,29,7,2,12,8,0.233,0.063,0.43,0.274,0.033,0.008,0.002,0.014,0.009
12,Lao People's Democratic Republic,Country,2006,153788,36385,8583,67499,41321,26,6,1,11,7,0.236,0.056,0.439,0.269,0.029,0.007,0.002,0.013,0.008
12,Lao People's Democratic Republic,Country,2007,222251,36149,68830,68506,48767,37,6,11,11,8,0.164,0.304,0.311,0.222,0.037,0.006,0.012,0.011,0.008
12,Lao People's Democratic Republic,Country,2008,221153,37759,58218,67740,57436,36,6,9,11,9,0.172,0.259,0.308,0.262,0.034,0.006,0.009,0.011,0.009
12,Lao People's Democratic Republic,Country,2009,236348,47295,56709,74859,57486,38,8,9,12,9,0.201,0.236,0.318,0.245,0.034,0.007,0.008,0.011,0.008
12,Lao People's Democratic Republic,Country,2010,247725,46285,50612,81216,69612,39,7,8,13,11,0.187,0.201,0.329,0.282,0.033,0.006,0.007,0.011,0.009
12,Lao People's Democratic Republic,Country,2011,207044,40650,3500,81832,81062,32,6,1,13,13,0.196,0.017,0.395,0.392,0.026,0.005,0,0.01,0.01
12,Lao People's Democratic Republic,Country,2012,225644,50389,4502,92900,77853,35,8,1,14,12,0.223,0.02,0.412,0.345,0.026,0.006,0.001,0.011,0.009
12,Lao People's Democratic Republic,Country,2013,264802,60517,5070,106492,92723,40,9,1,16,14,0.228,0.019,0.402,0.35,0.028,0.006,0.001,0.011,0.01
12,Lao People's Democratic Republic,Country,2014,287606,72765,5267,116844,92731,43,11,1,17,14,0.253,0.018,0.406,0.323,0.029,0.007,0.001,0.012,0.009
12,Lao People's Democratic Republic,Country,2015,312088,89541,5147,125924,91476,46,13,1,19,13,0.287,0.016,0.403,0.293,0.029,0.008,0,0.012,0.008
12,Lao People's Democratic Republic,Country,2016,292327,91452,4057,132021,64797,42,13,1,19,9,0.313,0.014,0.452,0.222,0.025,0.008,0,0.011,0.006
12,Lao People's Democratic Republic,Country,2017,332505,109364,2531,142319,78291,48,16,0,20,11,0.329,0.008,0.428,0.236,0.027,0.009,0,0.012,0.006
12,Lao People's Democratic Republic,Country,2018,400765,120823,1035,147662,131245,57,17,0,21,19,0.301,0.003,0.368,0.328,0.031,0.009,0,0.011,0.01
12,Lao People's Democratic Republic,Country,2019,399426,128753,401,152385,117887,56,18,0,21,16,0.322,0.001,0.381,0.295,0.029,0.009,0,0.011,0.009
12,Lao People's Democratic Republic,Country,2020,384082,109793,19767,117519,137003,53,15,3,16,19,0.286,0.051,0.306,0.357,0.028,0.008,0.001,0.008,0.01
12,Lao People's Democratic Republic,Country,2021,503422,104018,34148,120259,244997,68,14,5,16,33,0.207,0.067,0.239,0.487,0.036,0.007,0.002,0.008,0.017
12,Lao People's Democratic Republic,Country,2022,296474,93627,569,95100,107178,40,13,0,13,14,0.316,0.002,0.32,0.362,0.02,0.006,0,0.006,0.007
59,Latvia,Country,1995,1092849,608455,12286,471203,905,430,239,5,185,0,0.557,0.011,0.431,0.001,0.067,0.038,0.001,0.029,0
59,Latvia,Country,1996,1085999,583959,11538,490491,11,433,233,5,196,0,0.538,0.011,0.452,0,0.066,0.035,0.001,0.03,0
59,Latvia,Country,1997,1119134,588638,12962,517528,7,452,238,5,209,0,0.526,0.012,0.462,0,0.062,0.033,0.001,0.029,0
59,Latvia,Country,1998,1173665,616831,15208,541202,424,480,252,6,221,0,0.526,0.013,0.461,0,0.061,0.032,0.001,0.028,0
59,Latvia,Country,1999,1236037,649472,17873,567838,854,512,269,7,235,0,0.525,0.014,0.459,0.001,0.063,0.033,0.001,0.029,0
59,Latvia,Country,2000,1253455,639943,21352,589926,2234,526,268,9,247,1,0.511,0.017,0.471,0.002,0.061,0.031,0.001,0.029,0
59,Latvia,Country,2001,1327749,664656,26808,633274,3012,563,282,11,269,1,0.501,0.02,0.477,0.002,0.06,0.03,0.001,0.029,0
59,Latvia,Country,2002,1451348,739602,32237,673988,5521,623,317,14,289,2,0.51,0.022,0.464,0.004,0.061,0.031,0.001,0.028,0
59,Latvia,Country,2003,1556012,816028,34248,704677,1060,675,354,15,306,0,0.524,0.022,0.453,0.001,0.061,0.032,0.001,0.027,0
59,Latvia,Country,2004,1751533,967168,42756,739338,2272,767,424,19,324,1,0.552,0.024,0.422,0.001,0.063,0.035,0.002,0.026,0
59,Latvia,Country,2005,1906374,1093694,47719,764962,0,844,484,21,339,0,0.574,0.025,0.401,0,0.061,0.035,0.002,0.024,0
59,Latvia,Country,2006,2053579,1218003,53399,782176,0,920,546,24,350,0,0.593,0.026,0.381,0,0.058,0.035,0.002,0.022,0
59,Latvia,Country,2007,2094291,1241852,52677,799762,0,950,563,24,363,0,0.593,0.025,0.382,0,0.054,0.032,0.001,0.021,0
59,Latvia,Country,2008,2123391,1279983,49867,791511,2029,975,588,23,364,1,0.603,0.023,0.373,0.001,0.057,0.034,0.001,0.021,0
59,Latvia,Country,2009,2089057,1293474,43696,751888,0,973,602,20,350,0,0.619,0.021,0.36,0,0.067,0.041,0.001,0.024,0
59,Latvia,Country,2010,2030571,1221912,44968,709013,54679,960,577,21,335,26,0.602,0.022,0.349,0.027,0.067,0.04,0.001,0.023,0.002
59,Latvia,Country,2011,1933733,1148368,42340,685372,57653,927,551,20,329,28,0.594,0.022,0.354,0.03,0.062,0.037,0.001,0.022,0.002
59,Latvia,Country,2012,1844028,1102680,38713,702635,0,897,536,19,342,0,0.598,0.021,0.381,0,0.055,0.033,0.001,0.021,0
59,Latvia,Country,2013,1907693,1131084,35342,741266,0,939,557,17,365,0,0.593,0.019,0.389,0,0.056,0.033,0.001,0.022,0
59,Latvia,Country,2014,2013506,1182541,32465,798500,0,1003,589,16,398,0,0.587,0.016,0.397,0,0.058,0.034,0.001,0.023,0
59,Latvia,Country,2015,2147090,1241074,30633,875382,0,1080,624,15,440,0,0.578,0.014,0.408,0,0.059,0.034,0.001,0.024,0
59,Latvia,Country,2016,2270903,1288808,31622,950473,0,1153,655,16,483,0,0.568,0.014,0.419,0,0.061,0.035,0.001,0.026,0
59,Latvia,Country,2017,2402735,1381124,37842,983768,0,1232,708,19,505,0,0.575,0.016,0.409,0,0.063,0.036,0.001,0.026,0
59,Latvia,Country,2018,2579197,1523175,54234,1001788,0,1336,789,28,519,0,0.591,0.021,0.388,0,0.065,0.038,0.001,0.025,0
59,Latvia,Country,2019,2712000,1612151,95699,1004151,0,1419,843,50,525,0,0.594,0.035,0.37,0,0.068,0.04,0.002,0.025,0
59,Latvia,Country,2020,2900524,1839028,120480,941016,0,1532,972,64,497,0,0.634,0.042,0.324,0,0.075,0.048,0.003,0.024,0
59,Latvia,Country,2021,3879957,2692353,146694,1040910,0,2070,1436,78,555,0,0.694,0.038,0.268,0,0.094,0.065,0.004,0.025,0
59,Latvia,Country,2022,3335048,2159788,154052,1021208,0,1794,1162,83,549,0,0.648,0.046,0.306,0,0.08,0.052,0.004,0.024,0
146,Lebanon,Country,1995,1951774,671564,245775,1007333,27102,598,206,75,309,8,0.344,0.126,0.516,0.014,0.158,0.054,0.02,0.081,0.002
146,Lebanon,Country,1996,2119152,784253,269398,1062149,3353,638,236,81,320,1,0.37,0.127,0.501,0.002,0.161,0.059,0.02,0.08,0
146,Lebanon,Country,1997,2107343,747546,267775,1085814,6208,623,221,79,321,2,0.355,0.127,0.515,0.003,0.155,0.055,0.02,0.08,0
146,Lebanon,Country,1998,2003508,643299,254721,1096408,9079,582,187,74,319,3,0.321,0.127,0.547,0.005,0.142,0.046,0.018,0.078,0.001
146,Lebanon,Country,1999,1961118,610162,247840,1089333,13783,560,174,71,311,4,0.311,0.126,0.556,0.007,0.14,0.044,0.018,0.078,0.001
146,Lebanon,Country,2000,1958901,634015,244352,1069739,10796,550,178,69,300,3,0.324,0.125,0.546,0.006,0.138,0.045,0.017,0.075,0.001
146,Lebanon,Country,2001,1856158,597476,232845,1013214,12622,513,165,64,280,3,0.322,0.125,0.546,0.007,0.126,0.041,0.016,0.069,0.001
146,Lebanon,Country,2002,1752919,578255,222872,937407,14384,477,157,61,255,4,0.33,0.127,0.535,0.008,0.115,0.038,0.015,0.061,0.001
146,Lebanon,Country,2003,1699081,589086,218970,869642,21384,457,158,59,234,6,0.347,0.129,0.512,0.013,0.109,0.038,0.014,0.056,0.001
146,Lebanon,Country,2004,1646548,593711,218537,821566,12733,436,157,58,218,3,0.361,0.133,0.499,0.008,0.099,0.036,0.013,0.049,0.001
146,Lebanon,Country,2005,1644072,614537,224695,800045,4795,428,160,59,208,1,0.374,0.137,0.487,0.003,0.096,0.036,0.013,0.047,0
146,Lebanon,Country,2006,1814583,729189,250223,825195,9976,465,187,64,211,3,0.402,0.138,0.455,0.006,0.104,0.042,0.014,0.047,0.001
146,Lebanon,Country,2007,1912731,773321,269359,852538,17513,480,194,68,214,4,0.404,0.141,0.446,0.009,0.1,0.041,0.014,0.045,0.001
146,Lebanon,Country,2008,2014143,810245,289436,874162,40300,495,199,71,215,10,0.402,0.144,0.434,0.02,0.096,0.039,0.014,0.042,0.002
146,Lebanon,Country,2009,2063843,844227,313815,895572,10229,500,204,76,217,2,0.409,0.152,0.434,0.005,0.089,0.037,0.014,0.039,0
146,Lebanon,Country,2010,2177286,892935,346685,923175,14492,521,214,83,221,3,0.41,0.159,0.424,0.007,0.087,0.036,0.014,0.037,0.001
146,Lebanon,Country,2011,2269208,968257,379400,911021,10530,539,230,90,216,3,0.427,0.167,0.402,0.005,0.09,0.039,0.015,0.036,0
146,Lebanon,Country,2012,2299888,1030497,402220,854169,13001,537,241,94,199,3,0.448,0.175,0.371,0.006,0.09,0.04,0.016,0.033,0.001
146,Lebanon,Country,2013,2321591,1061175,414225,836095,10096,511,233,91,184,2,0.457,0.178,0.36,0.004,0.091,0.041,0.016,0.033,0
146,Lebanon,Country,2014,2477534,1149111,436728,855487,36209,492,228,87,170,7,0.464,0.176,0.345,0.015,0.094,0.044,0.017,0.033,0.001
146,Lebanon,Country,2015,2460292,1141961,449063,851104,18163,453,210,83,157,3,0.464,0.182,0.346,0.007,0.088,0.041,0.016,0.03,0.001
146,Lebanon,Country,2016,2556652,1215965,466387,857380,16920,463,220,85,155,3,0.476,0.182,0.335,0.007,0.087,0.041,0.016,0.029,0.001
146,Lebanon,Country,2017,2630740,1276516,466725,865851,21648,477,231,85,157,4,0.485,0.177,0.329,0.008,0.086,0.042,0.015,0.028,0.001
146,Lebanon,Country,2018,2713013,1324922,465486,879507,43098,490,239,84,159,8,0.488,0.172,0.324,0.016,0.088,0.043,0.015,0.028,0.001
146,Lebanon,Country,2019,2654471,1305607,453587,858427,36850,478,235,82,155,7,0.492,0.171,0.323,0.014,0.089,0.044,0.015,0.029,0.001
146,Lebanon,Country,2020,1693195,771262,266192,548412,107329,305,139,48,99,19,0.455,0.157,0.324,0.063,0.073,0.033,0.011,0.024,0.005
146,Lebanon,Country,2021,1048295,281827,256566,351099,158804,188,51,46,63,29,0.269,0.244,0.335,0.152,0.045,0.012,0.011,0.015,0.007
146,Lebanon,Country,2022,1203752,398097,293168,401054,111432,216,71,53,72,20,0.331,0.243,0.333,0.093,0.052,0.017,0.013,0.017,0.005
194,Lesotho,Country,1995,67436,34581,16,29157,3682,41,21,0,18,2,0.513,0,0.432,0.055,0.067,0.034,0,0.029,0.004
194,Lesotho,Country,1996,68716,35545,16,29381,3774,41,21,0,18,2,0.517,0,0.427,0.055,0.064,0.033,0,0.027,0.003
194,Lesotho,Country,1997,70762,36718,17,28948,5079,42,22,0,17,3,0.519,0,0.409,0.072,0.062,0.032,0,0.025,0.004
194,Lesotho,Country,1998,72435,40633,17,28449,3336,43,24,0,17,2,0.561,0,0.393,0.046,0.063,0.036,0,0.025,0.003
194,Lesotho,Country,1999,72392,42647,18,28180,1547,42,25,0,16,1,0.589,0,0.389,0.022,0.062,0.036,0,0.024,0.001
194,Lesotho,Country,2000,75149,41353,18,27751,6028,43,24,0,16,3,0.55,0,0.369,0.081,0.061,0.033,0,0.022,0.005
194,Lesotho,Country,2001,84790,46905,193,28997,8695,48,27,0,17,5,0.553,0.002,0.342,0.103,0.066,0.036,0,0.022,0.007
194,Lesotho,Country,2002,86270,48353,163,28431,9323,49,27,0,16,5,0.56,0.002,0.329,0.109,0.065,0.037,0,0.021,0.007
194,Lesotho,Country,2003,93238,48812,14,27264,17147,52,27,0,15,10,0.523,0,0.292,0.185,0.067,0.035,0,0.019,0.012
194,Lesotho,Country,2004,92830,46886,1,26262,19681,52,26,0,15,11,0.504,0,0.283,0.213,0.064,0.032,0,0.018,0.014
194,Lesotho,Country,2005,94316,48344,1,26397,19575,52,27,0,15,11,0.512,0,0.279,0.209,0.063,0.032,0,0.018,0.013
194,Lesotho,Country,2006,109320,58213,0,27860,23246,61,32,0,15,13,0.532,0,0.255,0.214,0.069,0.037,0,0.018,0.015
194,Lesotho,Country,2007,134088,70646,1,29726,33715,74,39,0,16,19,0.526,0,0.221,0.252,0.079,0.042,0,0.018,0.02
194,Lesotho,Country,2008,172482,80914,1,30818,60749,95,45,0,17,34,0.468,0,0.178,0.353,0.098,0.046,0,0.017,0.034
194,Lesotho,Country,2009,181334,96655,6,32193,52480,100,53,0,18,29,0.532,0,0.177,0.29,0.104,0.055,0,0.018,0.03
194,Lesotho,Country,2010,217729,90533,89,33361,93747,119,50,0,18,51,0.415,0,0.153,0.431,0.119,0.05,0,0.018,0.051
194,Lesotho,Country,2011,266272,106727,294,34592,124660,145,58,0,19,68,0.4,0.001,0.13,0.469,0.14,0.056,0,0.018,0.065
194,Lesotho,Country,2012,279625,117427,558,35213,126427,152,64,0,19,69,0.419,0.002,0.126,0.453,0.139,0.058,0,0.018,0.063
194,Lesotho,Country,2013,320943,129483,781,35106,155572,174,70,0,19,84,0.403,0.002,0.109,0.485,0.158,0.064,0,0.017,0.077
194,Lesotho,Country,2014,225714,125086,896,34582,65150,122,68,0,19,35,0.554,0.004,0.153,0.289,0.11,0.061,0,0.017,0.032
194,Lesotho,Country,2015,231706,133129,1006,35279,62293,125,72,1,19,34,0.574,0.004,0.152,0.269,0.11,0.063,0,0.017,0.03
194,Lesotho,Country,2016,265362,141194,1091,36226,86851,143,76,1,20,47,0.532,0.004,0.136,0.328,0.124,0.066,0.001,0.017,0.04
194,Lesotho,Country,2017,301374,138038,1104,36783,125450,162,74,1,20,68,0.458,0.004,0.122,0.417,0.146,0.067,0.001,0.018,0.061
194,Lesotho,Country,2018,336633,141060,1103,36437,158033,181,76,1,20,85,0.419,0.003,0.108,0.47,0.167,0.07,0.001,0.018,0.078
194,Lesotho,Country,2019,320761,147555,1123,35898,136186,172,79,1,19,73,0.46,0.003,0.112,0.425,0.163,0.075,0.001,0.018,0.069
194,Lesotho,Country,2020,295535,102430,1125,35351,156629,158,55,1,19,84,0.346,0.004,0.119,0.53,0.163,0.057,0.001,0.02,0.087
194,Lesotho,Country,2021,307877,95289,1082,34036,177469,165,51,1,18,95,0.309,0.004,0.11,0.577,0.169,0.052,0.001,0.019,0.097
194,Lesotho,Country,2022,295516,144588,1086,35659,114184,157,77,1,19,61,0.489,0.004,0.12,0.387,0.16,0.078,0.001,0.019,0.062
210,Liberia,Country,1995,30032,6930,2214,19848,1040,14,3,1,9,0,0.233,0.074,0.658,0.035,0.06,0.014,0.004,0.04,0.002
210,Liberia,Country,1996,26633,6159,1710,16633,2130,12,3,1,8,1,0.233,0.065,0.621,0.081,0.05,0.012,0.003,0.031,0.004
210,Liberia,Country,1997,28258,5604,1441,15149,6064,12,2,1,7,3,0.199,0.051,0.533,0.217,0.03,0.006,0.002,0.016,0.006
210,Liberia,Country,1998,39678,5489,1345,15013,17830,16,2,1,6,7,0.139,0.034,0.376,0.452,0.033,0.005,0.001,0.013,0.015
210,Liberia,Country,1999,31683,5503,1339,15283,9558,12,2,0,6,4,0.174,0.042,0.479,0.304,0.021,0.004,0.001,0.01,0.006
210,Liberia,Country,2000,35876,4843,1344,14588,15102,13,2,0,5,5,0.135,0.037,0.404,0.423,0.019,0.003,0.001,0.008,0.008
210,Liberia,Country,2001,29042,4522,1446,14600,8475,10,2,0,5,3,0.156,0.05,0.5,0.294,0.015,0.002,0.001,0.007,0.004
210,Liberia,Country,2002,31161,5114,1683,16793,7572,10,2,1,6,2,0.165,0.054,0.536,0.245,0.015,0.002,0.001,0.008,0.004
210,Liberia,Country,2003,34985,3817,1383,17918,11868,11,1,0,6,4,0.11,0.04,0.509,0.342,0.024,0.003,0.001,0.012,0.008
210,Liberia,Country,2004,50219,4476,1437,23783,20523,16,1,0,8,7,0.089,0.029,0.471,0.411,0.034,0.003,0.001,0.016,0.014
210,Liberia,Country,2005,57734,4778,1511,27581,23863,18,1,0,9,7,0.083,0.026,0.475,0.416,0.037,0.003,0.001,0.018,0.015
210,Liberia,Country,2006,63938,4895,1607,28613,28823,19,1,0,8,9,0.077,0.025,0.445,0.453,0.037,0.003,0.001,0.017,0.017
210,Liberia,Country,2007,71144,7761,2140,30071,31172,20,2,1,8,9,0.109,0.03,0.42,0.44,0.033,0.004,0.001,0.014,0.014
210,Liberia,Country,2008,117448,10847,2753,36523,67325,31,3,1,10,18,0.092,0.023,0.31,0.575,0.05,0.005,0.001,0.016,0.029
210,Liberia,Country,2009,173896,13658,3689,51099,105449,45,4,1,13,27,0.079,0.021,0.293,0.608,0.069,0.005,0.001,0.02,0.042
210,Liberia,Country,2010,190517,16001,4407,61131,108978,47,4,1,15,27,0.084,0.023,0.319,0.573,0.07,0.006,0.002,0.023,0.04
210,Liberia,Country,2011,201817,19302,5253,66584,110677,48,5,1,16,27,0.096,0.026,0.329,0.55,0.068,0.007,0.002,0.023,0.037
210,Liberia,Country,2012,226318,19462,5874,68480,132502,52,4,1,16,30,0.086,0.026,0.302,0.586,0.069,0.006,0.002,0.021,0.04
210,Liberia,Country,2013,213244,16083,6195,69176,121791,47,4,1,15,27,0.075,0.029,0.323,0.572,0.06,0.005,0.002,0.019,0.034
210,Liberia,Country,2014,352964,21599,8558,85190,237618,77,5,2,18,52,0.061,0.024,0.241,0.674,0.096,0.006,0.002,0.023,0.064
210,Liberia,Country,2015,573966,28495,13312,102631,429528,121,6,3,22,91,0.05,0.023,0.179,0.749,0.149,0.007,0.003,0.027,0.112
210,Liberia,Country,2016,337096,34806,17407,120448,164435,70,7,4,25,34,0.103,0.051,0.357,0.488,0.088,0.009,0.005,0.031,0.043
210,Liberia,Country,2017,349381,43067,21434,145789,139090,70,9,4,29,28,0.123,0.061,0.417,0.399,0.088,0.011,0.005,0.037,0.035
210,Liberia,Country,2018,412494,52054,24139,177421,158879,81,10,5,35,31,0.126,0.058,0.43,0.386,0.101,0.013,0.006,0.043,0.039
210,Liberia,Country,2019,429679,58825,22580,204187,144087,83,11,4,39,28,0.137,0.052,0.475,0.336,0.107,0.015,0.006,0.051,0.036
210,Liberia,Country,2020,641524,60548,60377,381466,139132,120,11,11,72,26,0.094,0.093,0.595,0.217,0.165,0.016,0.016,0.098,0.036
210,Liberia,Country,2021,672959,47733,55807,378746,190672,125,9,10,71,36,0.071,0.082,0.563,0.284,0.169,0.012,0.014,0.095,0.048
210,Liberia,Country,2022,598439,54159,51043,356987,136250,109,10,9,65,25,0.091,0.085,0.596,0.228,0.145,0.013,0.012,0.087,0.033
147,Libya,Country,1995,1289115,675871,201,613009,33,285,149,0,135,0,0.524,0,0.476,0,0.033,0.017,0,0.016,0
147,Libya,Country,1996,1382149,745630,198,636238,83,299,161,0,138,0,0.539,0,0.461,0,0.034,0.019,0,0.016,0
147,Libya,Country,1997,1499100,826479,192,672305,123,316,174,0,142,0,0.551,0,0.449,0,0.036,0.02,0,0.016,0
147,Libya,Country,1998,1566052,853694,190,712067,101,323,176,0,147,0,0.545,0,0.455,0,0.038,0.021,0,0.017,0
147,Libya,Country,1999,1517297,788243,219,728689,147,305,159,0,147,0,0.519,0,0.48,0,0.037,0.019,0,0.018,0
147,Libya,Country,2000,1575768,824759,236,750578,195,309,162,0,147,0,0.523,0,0.476,0,0.037,0.019,0,0.017,0
147,Libya,Country,2001,1873831,1098528,195,774944,164,359,211,0,149,0,0.586,0,0.414,0,0.043,0.025,0,0.018,0
147,Libya,Country,2002,2009217,1265779,186,743045,208,377,237,0,139,0,0.63,0,0.37,0,0.047,0.029,0,0.017,0
147,Libya,Country,2003,2020458,1316752,214,703319,173,371,242,0,129,0,0.652,0,0.348,0,0.041,0.027,0,0.014,0
147,Libya,Country,2004,1931096,1283832,218,646857,188,347,230,0,116,0,0.665,0,0.335,0,0.037,0.025,0,0.012,0
147,Libya,Country,2005,1566957,988424,318,577699,516,276,174,0,102,0,0.631,0,0.369,0,0.027,0.017,0,0.01,0
147,Libya,Country,2006,1513799,969429,339,542861,1170,261,167,0,94,0,0.64,0,0.359,0.001,0.025,0.016,0,0.009,0
147,Libya,Country,2007,1609588,1063500,329,543272,2486,273,180,0,92,0,0.661,0,0.338,0.002,0.025,0.016,0,0.008,0
147,Libya,Country,2008,1794398,1197369,304,553455,43269,299,200,0,92,7,0.667,0,0.309,0.024,0.028,0.019,0,0.009,0.001
147,Libya,Country,2009,2241251,1599053,233,615762,26203,368,262,0,101,4,0.713,0,0.275,0.012,0.036,0.026,0,0.01,0
147,Libya,Country,2010,2155333,1526398,243,627245,1446,348,247,0,101,0,0.708,0,0.291,0.001,0.033,0.024,0,0.01,0
147,Libya,Country,2011,1751565,1170109,196,564669,16591,279,187,0,90,3,0.668,0,0.322,0.009,0.053,0.035,0,0.017,0
147,Libya,Country,2012,1991527,1356073,313,632384,2757,314,214,0,100,0,0.681,0,0.318,0.001,0.032,0.022,0,0.01,0
147,Libya,Country,2013,2717501,2022879,174,688978,5471,423,315,0,107,1,0.744,0,0.254,0.002,0.053,0.039,0,0.013,0
147,Libya,Country,2014,2400524,1714470,190,684955,908,369,263,0,105,0,0.714,0,0.285,0,0.061,0.043,0,0.017,0
147,Libya,Country,2015,2371386,1665290,205,703260,2631,361,253,0,107,0,0.702,0,0.297,0.001,0.061,0.043,0,0.018,0
147,Libya,Country,2016,2239014,1516317,220,717390,5087,337,229,0,108,1,0.677,0,0.321,0.002,0.058,0.04,0,0.019,0
147,Libya,Country,2017,2219309,1470078,283,740131,8817,332,220,0,111,1,0.662,0,0.334,0.004,0.044,0.029,0,0.015,0
147,Libya,Country,2018,2441208,1672633,260,761010,7304,362,248,0,113,1,0.685,0,0.312,0.003,0.045,0.031,0,0.014,0
147,Libya,Country,2019,2738696,1960775,208,767172,10541,403,288,0,113,2,0.716,0,0.28,0.004,0.057,0.041,0,0.016,0
147,Libya,Country,2020,2516545,1948181,136,520613,47615,368,285,0,76,7,0.774,0,0.207,0.019,0.086,0.066,0,0.018,0.002
147,Libya,Country,2021,2761386,1991079,182,724892,45232,401,289,0,105,7,0.721,0,0.263,0.016,0.074,0.053,0,0.019,0.001
147,Libya,Country,2022,1879666,1279167,166,574911,25422,272,185,0,83,4,0.68,0,0.306,0.014,0.056,0.038,0,0.017,0.001
60,Lithuania,Country,1995,1502245,1039606,80355,376936,5348,411,285,22,103,1,0.692,0.053,0.251,0.004,0.056,0.039,0.003,0.014,0
60,Lithuania,Country,1996,1531155,1051689,80069,399300,98,422,290,22,110,0,0.687,0.052,0.261,0,0.054,0.037,0.003,0.014,0
60,Lithuania,Country,1997,1639511,1132343,82394,424767,7,455,314,23,118,0,0.691,0.05,0.259,0,0.053,0.037,0.003,0.014,0
60,Lithuania,Country,1998,1845826,1295370,88384,462065,7,515,362,25,129,0,0.702,0.048,0.25,0,0.056,0.039,0.003,0.014,0
60,Lithuania,Country,1999,1998229,1405465,92565,500171,28,563,396,26,141,0,0.703,0.046,0.25,0,0.061,0.043,0.003,0.015,0
60,Lithuania,Country,2000,2083882,1448050,93579,540919,1335,592,411,27,154,0,0.695,0.045,0.26,0.001,0.062,0.043,0.003,0.016,0
60,Lithuania,Country,2001,2204606,1539248,81915,582629,813,633,442,24,167,0,0.698,0.037,0.264,0,0.062,0.043,0.002,0.016,0
60,Lithuania,Country,2002,2344225,1630093,78996,629289,5847,681,473,23,183,2,0.695,0.034,0.269,0.002,0.062,0.043,0.002,0.017,0
60,Lithuania,Country,2003,2492476,1702538,90200,693747,5991,733,501,27,204,2,0.683,0.036,0.278,0.002,0.059,0.041,0.002,0.017,0
60,Lithuania,Country,2004,2659896,1743281,126540,780574,9500,793,520,38,233,3,0.655,0.048,0.294,0.004,0.06,0.039,0.003,0.018,0
60,Lithuania,Country,2005,2849362,1823669,160863,862071,2758,861,551,49,260,1,0.64,0.056,0.303,0.001,0.059,0.038,0.003,0.018,0
60,Lithuania,Country,2006,3071390,1971420,168474,929119,2377,941,604,52,285,1,0.642,0.055,0.303,0.001,0.059,0.038,0.003,0.018,0
60,Lithuania,Country,2007,3316857,2190149,149430,977278,0,1031,681,46,304,0,0.66,0.045,0.295,0,0.058,0.038,0.003,0.017,0
60,Lithuania,Country,2008,3583397,2461904,101938,1014349,5206,1130,776,32,320,2,0.687,0.028,0.283,0.001,0.061,0.042,0.002,0.017,0
60,Lithuania,Country,2009,3793146,2695580,81395,1001848,14323,1211,861,26,320,5,0.711,0.021,0.264,0.004,0.076,0.054,0.002,0.02,0
60,Lithuania,Country,2010,3597486,2532090,66567,988452,10376,1164,819,22,320,3,0.704,0.019,0.275,0.003,0.071,0.05,0.001,0.02,0
60,Lithuania,Country,2011,3634310,2543587,62495,1027604,624,1190,833,20,337,0,0.7,0.017,0.283,0,0.067,0.047,0.001,0.019,0
60,Lithuania,Country,2012,3478392,2331994,59757,1086641,0,1153,773,20,360,0,0.67,0.017,0.312,0,0.061,0.041,0.001,0.019,0
60,Lithuania,Country,2013,3596962,2382486,61429,1153047,0,1207,799,21,387,0,0.662,0.017,0.321,0,0.061,0.04,0.001,0.02,0
60,Lithuania,Country,2014,3751687,2475268,65605,1210814,0,1273,840,22,411,0,0.66,0.017,0.323,0,0.062,0.041,0.001,0.02,0
60,Lithuania,Country,2015,3983033,2634718,72442,1275873,0,1366,904,25,438,0,0.661,0.018,0.32,0,0.064,0.042,0.001,0.02,0
60,Lithuania,Country,2016,4128218,2720318,78173,1329728,0,1432,944,27,461,0,0.659,0.019,0.322,0,0.064,0.042,0.001,0.021,0
60,Lithuania,Country,2017,4271838,2803822,87152,1380864,0,1498,983,31,484,0,0.656,0.02,0.323,0,0.063,0.042,0.001,0.02,0
60,Lithuania,Country,2018,4558414,3000534,97898,1459982,0,1615,1063,35,517,0,0.658,0.021,0.32,0,0.064,0.042,0.001,0.021,0
60,Lithuania,Country,2019,4914560,3227285,110683,1576592,0,1759,1155,40,564,0,0.657,0.023,0.321,0,0.067,0.044,0.002,0.021,0
60,Lithuania,Country,2020,5326534,3682679,111804,1532052,0,1928,1333,40,554,0,0.691,0.021,0.288,0,0.073,0.051,0.002,0.021,0
60,Lithuania,Country,2021,5896014,3992357,129194,1774463,0,2157,1460,47,649,0,0.677,0.022,0.301,0,0.077,0.052,0.002,0.023,0
60,Lithuania,Country,2022,5625425,3698915,125274,1801236,0,2060,1355,46,660,0,0.657,0.022,0.32,0,0.073,0.048,0.002,0.023,0
87,Luxembourg,Country,1995,1267883,1126902,40017,100964,0,3138,2789,99,250,0,0.889,0.032,0.08,0,0.035,0.031,0.001,0.003,0
87,Luxembourg,Country,1996,1377698,1217362,43456,116881,0,3362,2970,106,285,0,0.884,0.032,0.085,0,0.037,0.033,0.001,0.003,0
87,Luxembourg,Country,1997,1553788,1367156,48136,138497,0,3737,3288,116,333,0,0.88,0.031,0.089,0,0.04,0.035,0.001,0.004,0
87,Luxembourg,Country,1998,1790772,1565768,53713,171291,0,4246,3712,127,406,0,0.874,0.03,0.096,0,0.043,0.037,0.001,0.004,0
87,Luxembourg,Country,1999,2128267,1840204,60813,227250,0,4975,4302,142,531,0,0.865,0.029,0.107,0,0.047,0.041,0.001,0.005,0
87,Luxembourg,Country,2000,2607063,2198702,68834,339527,0,6012,5070,159,783,0,0.843,0.026,0.13,0,0.054,0.045,0.001,0.007,0
87,Luxembourg,Country,2001,3061394,2557486,76399,427509,0,6972,5824,174,974,0,0.835,0.025,0.14,0,0.061,0.051,0.002,0.009,0
87,Luxembourg,Country,2002,3547930,2972203,86525,489202,0,7989,6693,195,1102,0,0.838,0.024,0.138,0,0.068,0.057,0.002,0.009,0
87,Luxembourg,Country,2003,3834469,3217652,99665,517152,0,8541,7167,222,1152,0,0.839,0.026,0.135,0,0.072,0.061,0.002,0.01,0
87,Luxembourg,Country,2004,4028584,3389847,111735,527003,0,8852,7448,246,1158,0,0.841,0.028,0.131,0,0.073,0.061,0.002,0.01,0
87,Luxembourg,Country,2005,4135877,3493028,123947,518902,0,8956,7564,268,1124,0,0.845,0.03,0.125,0,0.073,0.062,0.002,0.009,0
87,Luxembourg,Country,2006,4027307,3399248,132656,495403,0,8584,7245,283,1056,0,0.844,0.033,0.123,0,0.067,0.057,0.002,0.008,0
87,Luxembourg,Country,2007,4026682,3420939,145878,459865,0,8449,7178,306,965,0,0.85,0.036,0.114,0,0.062,0.053,0.002,0.007,0
87,Luxembourg,Country,2008,4111471,3528190,142010,441271,0,8484,7281,293,911,0,0.858,0.035,0.107,0,0.063,0.054,0.002,0.007,0
87,Luxembourg,Country,2009,4352256,3763921,151830,436505,0,8818,7626,308,884,0,0.865,0.035,0.1,0,0.069,0.06,0.002,0.007,0
87,Luxembourg,Country,2010,4168972,3591001,148373,429598,0,8292,7143,295,855,0,0.861,0.036,0.103,0,0.064,0.055,0.002,0.007,0
87,Luxembourg,Country,2011,3899470,3348036,133250,418184,0,7603,6528,260,815,0,0.859,0.034,0.107,0,0.059,0.051,0.002,0.006,0
87,Luxembourg,Country,2012,3716893,3183035,125421,408437,0,7082,6065,239,778,0,0.856,0.034,0.11,0,0.056,0.048,0.002,0.006,0
87,Luxembourg,Country,2013,3622295,3095052,122099,405144,0,6741,5760,227,754,0,0.854,0.034,0.112,0,0.053,0.045,0.002,0.006,0
87,Luxembourg,Country,2014,3614976,3087210,121280,406486,0,6573,5613,221,739,0,0.854,0.034,0.112,0,0.051,0.044,0.002,0.006,0
87,Luxembourg,Country,2015,3660328,3129559,123231,407538,0,6500,5558,219,724,0,0.855,0.034,0.111,0,0.051,0.043,0.002,0.006,0
87,Luxembourg,Country,2016,3754077,3212403,126730,414944,0,6510,5570,220,720,0,0.856,0.034,0.111,0,0.05,0.042,0.002,0.005,0
87,Luxembourg,Country,2017,3927629,3376383,129042,422204,0,6648,5715,218,715,0,0.86,0.033,0.108,0,0.051,0.044,0.002,0.005,0
87,Luxembourg,Country,2018,4116371,3554344,133288,428738,0,6808,5878,220,709,0,0.863,0.032,0.104,0,0.053,0.045,0.002,0.005,0
87,Luxembourg,Country,2019,4326687,3753665,139233,433789,0,6999,6072,225,702,0,0.868,0.032,0.1,0,0.054,0.047,0.002,0.005,0
87,Luxembourg,Country,2020,4540679,4011442,136964,392274,0,7192,6354,217,621,0,0.883,0.03,0.086,0,0.057,0.05,0.002,0.005,0
87,Luxembourg,Country,2021,4795320,4219566,145027,430727,0,7440,6547,225,668,0,0.88,0.03,0.09,0,0.055,0.049,0.002,0.005,0
87,Luxembourg,Country,2022,4769998,4200314,149697,419987,0,7283,6414,229,641,0,0.881,0.031,0.088,0,0.055,0.048,0.002,0.005,0
181,Madagascar,Country,1995,327627,125618,30785,127839,43386,24,9,2,9,3,0.384,0.094,0.389,0.134,0.045,0.017,0.004,0.018,0.006
181,Madagascar,Country,1996,333237,126869,31154,129177,46037,24,9,2,9,3,0.381,0.093,0.387,0.139,0.045,0.017,0.004,0.018,0.006
181,Madagascar,Country,1997,332697,131741,31857,131746,37354,23,9,2,9,3,0.396,0.095,0.395,0.113,0.044,0.017,0.004,0.017,0.005
181,Madagascar,Country,1998,375212,144478,33214,135165,62355,25,10,2,9,4,0.385,0.088,0.359,0.168,0.048,0.018,0.004,0.017,0.008
181,Madagascar,Country,1999,350815,144750,33315,138188,34562,23,9,2,9,2,0.413,0.095,0.393,0.099,0.043,0.018,0.004,0.017,0.004
181,Madagascar,Country,2000,364727,153149,34152,143432,33994,23,10,2,9,2,0.42,0.093,0.393,0.094,0.042,0.018,0.004,0.017,0.004
181,Madagascar,Country,2001,387368,160666,35642,147603,43456,24,10,2,9,3,0.414,0.092,0.381,0.113,0.043,0.018,0.004,0.016,0.005
181,Madagascar,Country,2002,364266,140640,33970,145839,43816,22,8,2,9,3,0.386,0.093,0.4,0.121,0.046,0.018,0.004,0.018,0.005
181,Madagascar,Country,2003,443840,174642,40070,152881,76248,26,10,2,9,4,0.393,0.09,0.344,0.173,0.051,0.02,0.005,0.017,0.009
181,Madagascar,Country,2004,509716,208596,40807,158212,102101,28,12,2,9,6,0.408,0.08,0.31,0.202,0.055,0.023,0.004,0.017,0.011
181,Madagascar,Country,2005,505929,188250,39217,160483,117979,27,10,2,9,6,0.371,0.077,0.317,0.235,0.052,0.019,0.004,0.017,0.012
181,Madagascar,Country,2006,489101,193202,41369,164337,90193,26,10,2,9,5,0.394,0.084,0.336,0.186,0.048,0.019,0.004,0.016,0.009
181,Madagascar,Country,2007,497948,181689,43470,167063,105725,25,9,2,9,5,0.364,0.087,0.335,0.214,0.046,0.017,0.004,0.015,0.01
181,Madagascar,Country,2008,511021,178992,43543,171843,116643,25,9,2,9,6,0.35,0.085,0.336,0.23,0.044,0.016,0.004,0.015,0.01
181,Madagascar,Country,2009,464018,158104,41862,171753,92299,22,8,2,8,4,0.34,0.09,0.37,0.2,0.042,0.014,0.004,0.015,0.008
181,Madagascar,Country,2010,560122,168207,44725,172848,174341,26,8,2,8,8,0.3,0.079,0.308,0.313,0.05,0.015,0.004,0.015,0.016
181,Madagascar,Country,2011,507330,168577,45810,163527,129418,23,8,2,7,6,0.332,0.09,0.322,0.256,0.045,0.015,0.004,0.014,0.011
181,Madagascar,Country,2012,471151,162475,45281,159507,103887,21,7,2,7,5,0.345,0.095,0.338,0.222,0.04,0.014,0.004,0.014,0.009
181,Madagascar,Country,2013,521759,172487,45140,160778,143353,22,7,2,7,6,0.33,0.086,0.308,0.276,0.044,0.014,0.004,0.013,0.012
181,Madagascar,Country,2014,505006,182055,45204,163255,114492,21,8,2,7,5,0.36,0.089,0.323,0.228,0.041,0.015,0.004,0.013,0.009
181,Madagascar,Country,2015,582709,194624,45330,167409,175346,24,8,2,7,7,0.334,0.077,0.287,0.302,0.046,0.015,0.004,0.013,0.014
181,Madagascar,Country,2016,559905,200681,44012,171663,143549,22,8,2,7,6,0.358,0.078,0.307,0.257,0.042,0.015,0.003,0.013,0.011
181,Madagascar,Country,2017,540059,193960,39506,173589,133004,21,7,2,7,5,0.359,0.073,0.321,0.247,0.039,0.014,0.003,0.013,0.01
181,Madagascar,Country,2018,581665,153270,33993,168007,226395,22,6,1,6,8,0.263,0.058,0.289,0.39,0.041,0.011,0.002,0.012,0.016
181,Madagascar,Country,2019,497399,123189,29286,157237,187687,18,5,1,6,7,0.248,0.059,0.316,0.378,0.034,0.008,0.002,0.011,0.013
181,Madagascar,Country,2020,590091,99150,28226,159518,303197,21,4,1,6,11,0.168,0.048,0.27,0.514,0.043,0.007,0.002,0.012,0.022
181,Madagascar,Country,2021,715110,104180,32685,168579,409667,25,4,1,6,14,0.146,0.046,0.236,0.573,0.05,0.007,0.002,0.012,0.029
181,Madagascar,Country,2022,579154,135635,33163,162546,247810,20,5,1,6,8,0.234,0.057,0.281,0.428,0.039,0.009,0.002,0.011,0.017
182,Malawi,Country,1995,142265,40451,11224,31599,58991,14,4,1,3,6,0.284,0.078,0.222,0.416,0.038,0.011,0.003,0.008,0.016
182,Malawi,Country,1996,157625,38964,11077,31834,75749,15,4,1,3,7,0.247,0.07,0.201,0.482,0.039,0.01,0.003,0.008,0.019
182,Malawi,Country,1997,177828,39894,10792,32087,95055,17,4,1,3,9,0.224,0.06,0.18,0.536,0.043,0.01,0.003,0.008,0.023
182,Malawi,Country,1998,160893,42474,10265,31361,76793,15,4,1,3,7,0.263,0.063,0.194,0.479,0.038,0.01,0.002,0.007,0.018
182,Malawi,Country,1999,238518,43852,8944,29395,156327,22,4,1,3,14,0.183,0.037,0.123,0.656,0.055,0.01,0.002,0.007,0.036
182,Malawi,Country,2000,205472,47014,6961,25150,126346,19,4,1,2,11,0.228,0.034,0.122,0.616,0.047,0.011,0.002,0.006,0.029
182,Malawi,Country,2001,173140,43269,6018,22600,101254,15,4,1,2,9,0.249,0.035,0.13,0.586,0.042,0.01,0.001,0.005,0.024
182,Malawi,Country,2002,172034,48064,6725,22569,94676,15,4,1,2,8,0.278,0.039,0.131,0.552,0.041,0.011,0.002,0.005,0.022
182,Malawi,Country,2003,206884,53116,8936,23466,121367,17,4,1,2,10,0.256,0.043,0.113,0.588,0.046,0.012,0.002,0.005,0.027
182,Malawi,Country,2004,253524,55833,10407,24694,162590,21,5,1,2,13,0.22,0.041,0.097,0.642,0.054,0.012,0.002,0.005,0.034
182,Malawi,Country,2005,269320,57961,13528,26868,170962,21,5,1,2,14,0.215,0.05,0.1,0.636,0.055,0.012,0.003,0.006,0.035
182,Malawi,Country,2006,353710,59472,19223,30624,244391,27,5,1,2,19,0.168,0.054,0.087,0.692,0.069,0.012,0.004,0.006,0.048
182,Malawi,Country,2007,453519,68553,25510,37169,322287,34,5,2,3,24,0.151,0.056,0.082,0.711,0.081,0.012,0.005,0.007,0.058
182,Malawi,Country,2008,544677,80831,30530,43286,390031,40,6,2,3,29,0.148,0.056,0.079,0.717,0.091,0.013,0.005,0.007,0.065
182,Malawi,Country,2009,508701,86945,29709,46910,345136,36,6,2,3,25,0.171,0.058,0.092,0.679,0.078,0.013,0.005,0.007,0.053
182,Malawi,Country,2010,455659,94808,25847,48419,286585,32,7,2,3,20,0.208,0.056,0.106,0.63,0.065,0.014,0.004,0.007,0.041
182,Malawi,Country,2011,600342,95465,24158,49239,431480,40,6,2,3,29,0.159,0.04,0.082,0.719,0.08,0.013,0.003,0.007,0.058
182,Malawi,Country,2012,641917,109355,23693,53178,455691,42,7,2,3,30,0.17,0.037,0.083,0.71,0.084,0.014,0.003,0.007,0.059
182,Malawi,Country,2013,710884,136491,27227,58421,488745,45,9,2,4,31,0.192,0.038,0.082,0.688,0.086,0.016,0.003,0.007,0.059
182,Malawi,Country,2014,689131,145489,32274,65469,445900,42,9,2,4,27,0.211,0.047,0.095,0.648,0.077,0.016,0.004,0.007,0.05
182,Malawi,Country,2015,791871,170962,42361,77767,500781,47,10,3,5,30,0.216,0.053,0.098,0.633,0.085,0.018,0.005,0.008,0.053
182,Malawi,Country,2016,828021,181690,50463,89866,506001,48,11,3,5,29,0.219,0.061,0.109,0.612,0.085,0.019,0.005,0.009,0.052
182,Malawi,Country,2017,932405,192036,51157,96549,592663,53,11,3,5,34,0.206,0.055,0.104,0.636,0.09,0.019,0.005,0.009,0.057
182,Malawi,Country,2018,996359,185827,54050,97363,659119,55,10,3,5,36,0.186,0.054,0.098,0.662,0.092,0.017,0.005,0.009,0.061
182,Malawi,Country,2019,1038788,187862,63867,96298,690760,56,10,3,5,37,0.181,0.061,0.093,0.666,0.091,0.017,0.006,0.008,0.061
182,Malawi,Country,2020,1179257,191456,87826,121456,778519,62,10,5,6,41,0.162,0.074,0.103,0.661,0.103,0.017,0.008,0.011,0.068
182,Malawi,Country,2021,1211289,173692,93729,123008,820859,63,9,5,6,43,0.143,0.077,0.102,0.678,0.102,0.015,0.008,0.01,0.069
182,Malawi,Country,2022,1007973,112690,80911,102884,711488,51,6,4,5,36,0.112,0.08,0.102,0.707,0.085,0.009,0.007,0.009,0.06
13,Malaysia,Country,1995,2685673,1248127,322357,1022709,92480,130,60,16,50,4,0.465,0.12,0.381,0.035,0.023,0.011,0.003,0.009,0.001
13,Malaysia,Country,1996,2870231,1337186,349889,1101639,81516,135,63,16,52,4,0.466,0.121,0.384,0.029,0.022,0.01,0.003,0.008,0.001
13,Malaysia,Country,1997,3013259,1368265,372911,1169316,102766,137,62,17,53,5,0.454,0.123,0.388,0.034,0.022,0.01,0.003,0.008,0.001
13,Malaysia,Country,1998,3095440,1456692,399196,1218163,21388,137,64,18,54,1,0.471,0.129,0.394,0.007,0.024,0.011,0.003,0.009,0
13,Malaysia,Country,1999,3369577,1604715,437209,1303979,23673,145,69,19,56,1,0.476,0.129,0.387,0.007,0.024,0.012,0.003,0.009,0
13,Malaysia,Country,2000,3674297,1764533,483718,1406901,19145,154,74,20,59,1,0.48,0.131,0.383,0.005,0.024,0.012,0.003,0.009,0
13,Malaysia,Country,2001,4084985,2053216,547911,1470695,13163,168,84,22,60,1,0.503,0.134,0.36,0.003,0.027,0.014,0.004,0.01,0
13,Malaysia,Country,2002,4327782,2192640,587615,1545174,2354,174,88,24,62,0,0.507,0.135,0.357,0.001,0.027,0.014,0.004,0.01,0
13,Malaysia,Country,2003,4811224,2477428,640591,1688854,4351,190,98,25,67,0,0.515,0.133,0.351,0.001,0.029,0.015,0.004,0.01,0
13,Malaysia,Country,2004,5056666,2566481,661219,1826680,2286,196,99,26,71,0,0.508,0.13,0.362,0,0.028,0.014,0.004,0.01,0
13,Malaysia,Country,2005,5328155,2683064,683172,1959338,2581,203,102,26,75,0,0.504,0.128,0.368,0,0.029,0.014,0.004,0.011,0
13,Malaysia,Country,2006,5873039,3033865,731648,2105474,2051,220,114,27,79,0,0.517,0.124,0.359,0,0.03,0.016,0.004,0.011,0
13,Malaysia,Country,2007,6254458,3265323,771969,2214672,2493,231,121,29,82,0,0.522,0.123,0.354,0,0.03,0.016,0.004,0.011,0
13,Malaysia,Country,2008,6666566,3541336,815867,2307622,1741,243,129,30,84,0,0.531,0.122,0.346,0,0.031,0.016,0.004,0.011,0
13,Malaysia,Country,2009,7367378,4069696,901617,2394666,1399,265,146,32,86,0,0.552,0.122,0.325,0,0.035,0.019,0.004,0.011,0
13,Malaysia,Country,2010,7385992,3942473,936850,2505776,894,262,140,33,89,0,0.534,0.127,0.34,0,0.033,0.017,0.004,0.011,0
13,Malaysia,Country,2011,8091182,4342927,1034829,2710092,3335,283,152,36,95,0,0.537,0.128,0.335,0,0.034,0.018,0.004,0.011,0
13,Malaysia,Country,2012,8988588,4889221,1150840,2943778,4749,311,169,40,102,0,0.544,0.128,0.328,0.001,0.036,0.02,0.005,0.012,0
13,Malaysia,Country,2013,9720404,5274506,1241062,3199704,5133,332,180,42,109,0,0.543,0.128,0.329,0.001,0.038,0.02,0.005,0.012,0
13,Malaysia,Country,2014,10488898,5619444,1347760,3515951,5743,354,190,46,119,0,0.536,0.128,0.335,0.001,0.038,0.021,0.005,0.013,0
13,Malaysia,Country,2015,11241347,5931799,1453152,3852669,3726,375,198,49,129,0,0.528,0.129,0.343,0,0.039,0.021,0.005,0.014,0
13,Malaysia,Country,2016,11688309,6030994,1500474,4151858,4983,386,199,50,137,0,0.516,0.128,0.355,0,0.039,0.02,0.005,0.014,0
13,Malaysia,Country,2017,12299654,6292647,1544408,4457232,5366,402,206,50,146,0,0.512,0.125,0.363,0,0.039,0.02,0.005,0.014,0
13,Malaysia,Country,2018,13166148,6790605,1606515,4762042,6987,426,220,52,154,0,0.516,0.122,0.362,0.001,0.04,0.021,0.005,0.015,0
13,Malaysia,Country,2019,14018479,7321824,1676221,5012664,7771,449,234,54,160,0,0.522,0.119,0.358,0.001,0.041,0.022,0.005,0.015,0
13,Malaysia,Country,2020,14064604,7469968,1767379,4799178,28078,446,237,56,152,1,0.531,0.126,0.341,0.002,0.044,0.023,0.006,0.015,0
13,Malaysia,Country,2021,15516391,8700137,1817534,4975905,22814,496,278,58,159,1,0.561,0.117,0.321,0.001,0.048,0.027,0.006,0.015,0
13,Malaysia,Country,2022,15019981,7587140,1727448,5697774,7618,473,239,54,180,0,0.505,0.115,0.38,0.001,0.042,0.021,0.005,0.016,0
14,Maldives,Country,1995,174181,42732,17286,114149,13,682,167,68,447,0,0.245,0.099,0.656,0,0.11,0.027,0.011,0.072,0
14,Maldives,Country,1996,171963,43702,18237,110017,7,659,167,70,421,0,0.254,0.106,0.64,0,0.101,0.026,0.011,0.064,0
14,Maldives,Country,1997,176208,46655,19313,107939,2300,662,175,73,406,9,0.265,0.109,0.613,0.013,0.095,0.025,0.01,0.058,0.001
14,Maldives,Country,1998,179878,52370,20284,107205,19,664,193,75,396,0,0.291,0.113,0.596,0,0.089,0.026,0.01,0.053,0
14,Maldives,Country,1999,183559,56822,20015,106356,366,667,206,73,386,1,0.31,0.109,0.58,0.002,0.086,0.027,0.009,0.05,0
14,Maldives,Country,2000,178355,57231,17685,102418,1022,638,205,63,366,4,0.321,0.099,0.574,0.006,0.08,0.026,0.008,0.046,0
14,Maldives,Country,2001,180450,58195,21244,100775,235,636,205,75,355,1,0.322,0.118,0.559,0.001,0.083,0.027,0.01,0.046,0
14,Maldives,Country,2002,187122,59618,25814,101495,195,649,207,90,352,1,0.319,0.138,0.543,0.001,0.081,0.026,0.011,0.044,0
14,Maldives,Country,2003,187546,59086,25337,102933,190,640,202,87,351,1,0.315,0.135,0.549,0.001,0.071,0.022,0.01,0.039,0
14,Maldives,Country,2004,196486,62265,23910,110032,279,659,209,80,369,1,0.317,0.122,0.56,0.001,0.07,0.022,0.009,0.039,0
14,Maldives,Country,2005,235972,93498,25738,115983,753,776,308,85,381,2,0.396,0.109,0.492,0.003,0.095,0.037,0.01,0.046,0
14,Maldives,Country,2006,253014,107287,26078,119384,265,813,345,84,384,1,0.424,0.103,0.472,0.001,0.082,0.035,0.008,0.039,0
14,Maldives,Country,2007,288149,136870,24654,124337,2288,902,428,77,389,7,0.475,0.085,0.432,0.008,0.087,0.041,0.007,0.038,0.001
14,Maldives,Country,2008,331684,174203,28047,128542,892,1007,529,85,390,3,0.525,0.084,0.388,0.003,0.092,0.048,0.008,0.036,0
14,Maldives,Country,2009,333138,186121,24085,121108,1824,979,547,71,356,5,0.559,0.072,0.364,0.005,0.1,0.056,0.007,0.036,0.001
14,Maldives,Country,2010,311968,170553,24975,114818,1622,885,484,71,326,5,0.547,0.08,0.368,0.005,0.087,0.048,0.007,0.032,0
14,Maldives,Country,2011,312932,165248,32914,110506,4264,856,452,90,302,12,0.528,0.105,0.353,0.014,0.08,0.042,0.008,0.028,0.001
14,Maldives,Country,2012,322111,171903,41694,105516,2999,848,453,110,278,8,0.534,0.129,0.328,0.009,0.08,0.043,0.01,0.026,0.001
14,Maldives,Country,2013,326164,180706,43658,100595,1205,826,458,111,255,3,0.554,0.134,0.308,0.004,0.075,0.041,0.01,0.023,0
14,Maldives,Country,2014,358841,219636,42701,95902,602,875,535,104,234,1,0.612,0.119,0.267,0.002,0.076,0.046,0.009,0.02,0
14,Maldives,Country,2015,414854,280318,42093,91391,1052,974,658,99,215,2,0.676,0.101,0.22,0.003,0.083,0.056,0.008,0.018,0
14,Maldives,Country,2016,470422,337665,39609,92244,905,1066,765,90,209,2,0.718,0.084,0.196,0.002,0.088,0.063,0.007,0.017,0
14,Maldives,Country,2017,434764,316682,28835,89062,184,951,693,63,195,0,0.728,0.066,0.205,0,0.076,0.055,0.005,0.015,0
14,Maldives,Country,2018,445589,337975,18160,84459,4996,943,715,38,179,11,0.759,0.041,0.19,0.011,0.071,0.054,0.003,0.013,0.001
14,Maldives,Country,2019,463471,362158,14583,82820,3910,950,743,30,170,8,0.781,0.031,0.179,0.008,0.068,0.053,0.002,0.012,0.001
14,Maldives,Country,2020,487195,371663,9996,79121,26414,969,739,20,157,53,0.763,0.021,0.162,0.054,0.107,0.081,0.002,0.017,0.006
14,Maldives,Country,2021,531595,408792,9876,85623,27304,1027,789,19,165,53,0.769,0.019,0.161,0.051,0.084,0.065,0.002,0.014,0.004
14,Maldives,Country,2022,608650,480369,11665,107066,9551,1146,904,22,202,18,0.789,0.019,0.176,0.016,0.084,0.066,0.002,0.015,0.001
211,Mali,Country,1995,471227,68478,7139,350612,44997,50,7,1,37,5,0.146,0.015,0.742,0.097,0.115,0.017,0.002,0.086,0.011
211,Mali,Country,1996,395458,71518,7469,284300,32171,40,7,1,29,3,0.182,0.019,0.717,0.082,0.085,0.015,0.002,0.061,0.007
211,Mali,Country,1997,383618,72022,7606,263311,40678,38,7,1,26,4,0.188,0.02,0.685,0.107,0.076,0.014,0.002,0.052,0.008
211,Mali,Country,1998,361845,79358,7953,259684,14850,35,8,1,25,1,0.22,0.022,0.716,0.041,0.067,0.015,0.001,0.048,0.003
211,Mali,Country,1999,383846,80534,7936,256383,38993,36,8,1,24,4,0.21,0.021,0.666,0.102,0.065,0.014,0.001,0.043,0.007
211,Mali,Country,2000,404787,87807,8004,266751,42225,37,8,1,24,4,0.218,0.02,0.657,0.105,0.067,0.015,0.001,0.044,0.007
211,Mali,Country,2001,436085,90339,8231,270397,67117,38,8,1,24,6,0.208,0.019,0.618,0.155,0.062,0.013,0.001,0.039,0.01
211,Mali,Country,2002,423082,102934,8908,279302,31938,36,9,1,24,3,0.244,0.021,0.659,0.076,0.057,0.014,0.001,0.038,0.004
211,Mali,Country,2003,497661,117959,9870,294510,75321,41,10,1,24,6,0.238,0.02,0.59,0.152,0.061,0.014,0.001,0.036,0.009
211,Mali,Country,2004,521442,128412,10579,303312,79139,41,10,1,24,6,0.247,0.02,0.58,0.153,0.064,0.016,0.001,0.037,0.01
211,Mali,Country,2005,554259,126495,11014,313360,103390,42,10,1,24,8,0.229,0.02,0.564,0.188,0.063,0.014,0.001,0.036,0.012
211,Mali,Country,2006,569922,121488,11416,325534,111483,41,9,1,24,8,0.214,0.02,0.569,0.197,0.06,0.013,0.001,0.034,0.012
211,Mali,Country,2007,589174,109385,11543,331163,137083,41,8,1,23,10,0.186,0.02,0.56,0.234,0.058,0.011,0.001,0.033,0.014
211,Mali,Country,2008,598549,91115,11310,324826,171298,40,6,1,22,12,0.153,0.019,0.541,0.288,0.055,0.008,0.001,0.03,0.016
211,Mali,Country,2009,598831,97577,12305,319823,169125,39,6,1,21,11,0.163,0.021,0.532,0.284,0.051,0.008,0.001,0.027,0.014
211,Mali,Country,2010,643493,90305,12524,291181,249483,40,6,1,18,16,0.141,0.02,0.451,0.389,0.051,0.007,0.001,0.023,0.02
211,Mali,Country,2011,604452,92110,13074,257435,241833,36,6,1,15,14,0.153,0.022,0.424,0.401,0.045,0.007,0.001,0.019,0.018
211,Mali,Country,2012,531711,79201,12369,221459,218681,31,5,1,13,13,0.149,0.023,0.415,0.412,0.038,0.006,0.001,0.016,0.016
211,Mali,Country,2013,568913,109117,14266,211420,234110,32,6,1,12,13,0.192,0.025,0.37,0.412,0.04,0.008,0.001,0.015,0.016
211,Mali,Country,2014,596260,127828,15215,210277,242940,32,7,1,11,13,0.215,0.025,0.352,0.408,0.038,0.008,0.001,0.014,0.016
211,Mali,Country,2015,631846,150190,16237,210159,255260,33,8,1,11,13,0.238,0.026,0.332,0.405,0.038,0.009,0.001,0.013,0.015
211,Mali,Country,2016,708097,179568,18206,213775,296549,35,9,1,11,15,0.254,0.026,0.301,0.419,0.04,0.01,0.001,0.012,0.017
211,Mali,Country,2017,721166,198402,22020,216814,283931,35,10,1,10,14,0.275,0.03,0.3,0.394,0.038,0.01,0.001,0.011,0.015
211,Mali,Country,2018,766090,193162,31168,214975,326785,35,9,1,10,15,0.252,0.041,0.28,0.427,0.038,0.01,0.002,0.011,0.016
211,Mali,Country,2019,882405,215146,69994,222170,375095,39,10,3,10,17,0.244,0.079,0.252,0.425,0.041,0.01,0.003,0.01,0.018
211,Mali,Country,2020,965128,256776,33643,281801,392908,42,11,1,12,17,0.266,0.035,0.292,0.407,0.045,0.012,0.002,0.013,0.018
211,Mali,Country,2021,958586,247100,47023,284295,380167,40,10,2,12,16,0.258,0.049,0.297,0.397,0.043,0.011,0.002,0.013,0.017
211,Mali,Country,2022,953636,279238,56631,311393,306374,38,11,2,12,12,0.293,0.059,0.326,0.322,0.041,0.012,0.002,0.013,0.013
88,Malta,Country,1995,366338,266884,11898,87556,0,946,689,31,226,0,0.729,0.032,0.239,0,0.059,0.043,0.002,0.014,0
88,Malta,Country,1996,397633,290328,12214,95091,0,1019,744,31,244,0,0.73,0.031,0.239,0,0.061,0.045,0.002,0.015,0
88,Malta,Country,1997,424926,309962,12145,102818,0,1080,788,31,261,0,0.729,0.029,0.242,0,0.062,0.046,0.002,0.015,0
88,Malta,Country,1998,454907,328931,11720,114257,0,1147,830,30,288,0,0.723,0.026,0.251,0,0.064,0.046,0.002,0.016,0
88,Malta,Country,1999,481896,344869,10666,126360,0,1207,864,27,316,0,0.716,0.022,0.262,0,0.064,0.046,0.001,0.017,0
88,Malta,Country,2000,513803,364416,9415,139972,0,1278,906,23,348,0,0.709,0.018,0.272,0,0.061,0.043,0.001,0.017,0
88,Malta,Country,2001,558028,392591,8964,156473,0,1379,970,22,387,0,0.704,0.016,0.28,0,0.067,0.047,0.001,0.019,0
88,Malta,Country,2002,607755,424650,9179,173926,0,1493,1043,23,427,0,0.699,0.015,0.286,0,0.071,0.05,0.001,0.02,0
88,Malta,Country,2003,689233,484590,11596,193048,0,1684,1184,28,472,0,0.703,0.017,0.28,0,0.078,0.055,0.001,0.022,0
88,Malta,Country,2004,714519,494213,13911,206395,0,1736,1201,34,502,0,0.692,0.019,0.289,0,0.081,0.056,0.002,0.023,0
88,Malta,Country,2005,768286,528758,15875,223652,0,1857,1278,38,541,0,0.688,0.021,0.291,0,0.084,0.058,0.002,0.025,0
88,Malta,Country,2006,793152,539228,17243,236680,0,1908,1297,41,569,0,0.68,0.022,0.298,0,0.085,0.058,0.002,0.025,0
88,Malta,Country,2007,786478,523632,17865,244981,0,1882,1253,43,586,0,0.666,0.023,0.311,0,0.08,0.053,0.002,0.025,0
88,Malta,Country,2008,798396,525936,18824,253636,0,1901,1252,45,604,0,0.659,0.024,0.318,0,0.078,0.051,0.002,0.025,0
88,Malta,Country,2009,799818,520976,19631,259212,0,1895,1234,47,614,0,0.651,0.025,0.324,0,0.079,0.052,0.002,0.026,0
88,Malta,Country,2010,820979,530017,20003,270959,0,1936,1250,47,639,0,0.646,0.024,0.33,0,0.077,0.049,0.002,0.025,0
88,Malta,Country,2011,877756,570182,20504,287070,0,2060,1338,48,674,0,0.65,0.023,0.327,0,0.081,0.053,0.002,0.027,0
88,Malta,Country,2012,936215,609590,20520,306104,0,2188,1425,48,715,0,0.651,0.022,0.327,0,0.083,0.054,0.002,0.027,0
88,Malta,Country,2013,1001969,646014,20448,335506,0,2332,1504,48,781,0,0.645,0.02,0.335,0,0.084,0.054,0.002,0.028,0
88,Malta,Country,2014,1104280,697002,21069,386209,0,2560,1616,49,895,0,0.631,0.019,0.35,0,0.087,0.055,0.002,0.031,0
88,Malta,Country,2015,1197072,746193,22464,428416,0,2764,1723,52,989,0,0.623,0.019,0.358,0,0.088,0.055,0.002,0.032,0
88,Malta,Country,2016,1267737,789647,24524,453566,0,2914,1815,56,1043,0,0.623,0.019,0.358,0,0.091,0.057,0.002,0.033,0
88,Malta,Country,2017,1339082,831876,28799,478407,0,3066,1905,66,1095,0,0.621,0.022,0.357,0,0.087,0.054,0.002,0.031,0
88,Malta,Country,2018,1469394,925999,36791,506604,0,3352,2112,84,1156,0,0.63,0.025,0.345,0,0.092,0.058,0.002,0.032,0
88,Malta,Country,2019,1594662,1002294,48253,544114,0,3625,2279,110,1237,0,0.629,0.03,0.341,0,0.1,0.063,0.003,0.034,0
88,Malta,Country,2020,1729120,1156164,50926,522031,0,3919,2621,115,1183,0,0.669,0.029,0.302,0,0.115,0.077,0.003,0.035,0
88,Malta,Country,2021,1902772,1282736,57401,562635,0,4259,2871,128,1259,0,0.674,0.03,0.296,0,0.111,0.075,0.003,0.033,0
88,Malta,Country,2022,1893815,1268017,56556,569242,0,4203,2814,126,1263,0,0.67,0.03,0.301,0,0.106,0.071,0.003,0.032,0
24,Marshall Islands,Country,1995,16622,13598,1,2351,671,335,274,0,47,14,0.818,0,0.141,0.041,0.074,0.06,0,0.01,0.003
24,Marshall Islands,Country,1996,16799,13379,1,2376,1043,334,266,0,47,21,0.797,0,0.141,0.062,0.082,0.065,0,0.012,0.005
24,Marshall Islands,Country,1997,17134,13612,1,2401,1120,336,267,0,47,22,0.795,0,0.14,0.066,0.088,0.07,0,0.012,0.006
24,Marshall Islands,Country,1998,17372,13212,1,2410,1748,337,256,0,47,34,0.761,0,0.138,0.101,0.09,0.069,0,0.013,0.009
24,Marshall Islands,Country,1999,22631,13256,1,2428,6946,435,255,0,47,133,0.586,0,0.107,0.307,0.119,0.07,0,0.013,0.037
24,Marshall Islands,Country,2000,19287,15085,1,2497,1703,367,287,0,48,32,0.782,0,0.129,0.088,0.099,0.078,0,0.013,0.009
24,Marshall Islands,Country,2001,18424,15326,1,2510,587,348,290,0,47,11,0.832,0,0.136,0.032,0.088,0.073,0,0.012,0.003
24,Marshall Islands,Country,2002,18784,15014,1,2526,1243,353,282,0,47,23,0.8,0,0.134,0.066,0.086,0.069,0,0.012,0.006
24,Marshall Islands,Country,2003,20584,14126,1,2492,3965,385,264,0,47,74,0.686,0,0.121,0.193,0.096,0.066,0,0.012,0.018
24,Marshall Islands,Country,2004,29898,12659,1,2403,14836,556,235,0,45,276,0.423,0,0.08,0.497,0.14,0.059,0,0.011,0.069
24,Marshall Islands,Country,2005,39900,15780,1,2458,21661,739,292,0,46,401,0.395,0,0.062,0.543,0.184,0.073,0,0.011,0.1
24,Marshall Islands,Country,2006,26735,13164,1,2425,11145,494,243,0,45,206,0.492,0,0.091,0.417,0.123,0.06,0,0.011,0.051
24,Marshall Islands,Country,2007,27914,14022,1,2466,11425,514,258,0,45,210,0.502,0,0.088,0.41,0.124,0.062,0,0.011,0.051
24,Marshall Islands,Country,2008,29451,13183,1,2423,13844,541,242,0,44,254,0.447,0,0.082,0.47,0.141,0.063,0,0.012,0.067
24,Marshall Islands,Country,2009,30586,12935,1,2414,15236,560,237,0,44,279,0.423,0,0.079,0.498,0.141,0.06,0,0.011,0.07
24,Marshall Islands,Country,2010,16702,12166,1,2391,2144,305,222,0,44,39,0.728,0,0.143,0.129,0.073,0.053,0,0.01,0.009
24,Marshall Islands,Country,2011,16533,11949,1,2397,2186,302,218,0,44,40,0.723,0,0.145,0.132,0.073,0.053,0,0.011,0.01
24,Marshall Islands,Country,2012,27214,12000,1,2412,12801,495,218,0,44,233,0.441,0,0.088,0.471,0.12,0.053,0,0.011,0.056
24,Marshall Islands,Country,2013,16867,12848,1,2466,1552,306,233,0,45,28,0.762,0,0.146,0.092,0.07,0.054,0,0.01,0.006
24,Marshall Islands,Country,2014,22679,11829,1,2441,8408,411,214,0,44,152,0.521,0,0.107,0.371,0.094,0.049,0,0.01,0.035
24,Marshall Islands,Country,2015,20985,13282,1,2509,5193,379,240,0,45,94,0.633,0,0.119,0.248,0.083,0.053,0,0.01,0.021
24,Marshall Islands,Country,2016,17242,13773,1,2550,917,311,248,0,46,17,0.799,0,0.148,0.053,0.065,0.052,0,0.01,0.003
24,Marshall Islands,Country,2017,20873,14881,1,2606,3385,375,267,0,47,61,0.713,0,0.125,0.162,0.074,0.053,0,0.009,0.012
24,Marshall Islands,Country,2018,26208,15571,1,2715,7921,470,279,0,49,142,0.594,0,0.103,0.303,0.085,0.051,0,0.009,0.026
24,Marshall Islands,Country,2019,32054,17907,1,2897,11248,573,320,0,52,201,0.559,0,0.09,0.351,0.092,0.051,0,0.008,0.032
24,Marshall Islands,Country,2020,29623,14501,1,2747,12374,528,258,0,49,221,0.489,0,0.093,0.418,0.085,0.041,0,0.008,0.035
24,Marshall Islands,Country,2021,21317,14745,2,2805,3766,377,261,0,50,67,0.692,0,0.131,0.177,0.058,0.04,0,0.008,0.01
24,Marshall Islands,Country,2022,18158,11705,2,2668,3784,317,204,0,47,66,0.644,0,0.147,0.209,0.048,0.031,0,0.007,0.01
212,Mauritania,Country,1995,171543,33664,6056,104012,27811,74,14,3,45,12,0.196,0.035,0.605,0.163,0.041,0.008,0.001,0.025,0.007
212,Mauritania,Country,1996,176074,34968,6365,108345,26395,74,15,3,46,11,0.199,0.036,0.615,0.151,0.039,0.008,0.001,0.024,0.006
212,Mauritania,Country,1997,164545,34564,6475,109367,14139,68,14,3,45,6,0.21,0.039,0.664,0.086,0.038,0.008,0.001,0.025,0.003
212,Mauritania,Country,1998,169510,34906,6596,113118,14891,68,14,3,45,6,0.206,0.039,0.667,0.088,0.038,0.008,0.001,0.025,0.003
212,Mauritania,Country,1999,166516,32475,6473,115495,12072,65,13,3,45,5,0.195,0.039,0.694,0.073,0.036,0.007,0.001,0.025,0.003
212,Mauritania,Country,2000,169969,29042,6072,115873,18982,65,11,2,44,7,0.171,0.036,0.682,0.112,0.038,0.007,0.001,0.026,0.004
212,Mauritania,Country,2001,172679,31259,6146,120235,15039,64,12,2,45,6,0.181,0.035,0.697,0.087,0.04,0.007,0.001,0.028,0.003
212,Mauritania,Country,2002,184793,35220,6374,125113,18087,67,13,2,46,7,0.19,0.034,0.677,0.098,0.042,0.008,0.001,0.028,0.004
212,Mauritania,Country,2003,200457,40297,6732,128066,25362,71,14,2,46,9,0.201,0.033,0.639,0.127,0.042,0.009,0.001,0.027,0.005
212,Mauritania,Country,2004,194032,39455,6683,125668,22225,67,14,2,44,8,0.203,0.034,0.648,0.115,0.039,0.008,0.001,0.025,0.004
212,Mauritania,Country,2005,180243,41159,6946,122474,9664,61,14,2,41,3,0.228,0.038,0.68,0.054,0.033,0.008,0.001,0.023,0.002
212,Mauritania,Country,2006,183270,42697,7407,120032,13134,60,14,2,40,4,0.233,0.04,0.655,0.072,0.028,0.007,0.001,0.018,0.002
212,Mauritania,Country,2007,194861,47905,7857,118023,21076,63,15,3,38,7,0.246,0.04,0.606,0.108,0.031,0.008,0.001,0.019,0.003
212,Mauritania,Country,2008,198400,52305,8265,115277,22552,62,16,3,36,7,0.263,0.042,0.581,0.114,0.031,0.008,0.001,0.018,0.004
212,Mauritania,Country,2009,191252,54382,8194,111622,17054,58,17,2,34,5,0.284,0.043,0.584,0.089,0.03,0.009,0.001,0.018,0.003
212,Mauritania,Country,2010,180446,51910,7977,104705,15854,54,15,2,31,5,0.288,0.044,0.58,0.088,0.028,0.008,0.001,0.016,0.002
212,Mauritania,Country,2011,180501,55166,8753,102010,14573,52,16,3,30,4,0.306,0.048,0.565,0.081,0.027,0.008,0.001,0.015,0.002
212,Mauritania,Country,2012,197050,70810,9790,106341,10110,56,20,3,30,3,0.359,0.049,0.54,0.051,0.028,0.01,0.001,0.015,0.001
212,Mauritania,Country,2013,217226,76762,9818,112205,18441,60,21,3,31,5,0.353,0.045,0.517,0.085,0.03,0.011,0.001,0.016,0.003
212,Mauritania,Country,2014,253377,94873,11798,125031,21674,68,25,3,34,6,0.374,0.046,0.494,0.086,0.034,0.013,0.002,0.017,0.003
212,Mauritania,Country,2015,279388,107076,11856,137668,22788,73,28,3,36,6,0.383,0.042,0.493,0.082,0.035,0.014,0.002,0.017,0.003
212,Mauritania,Country,2016,274918,97693,9675,145994,21557,70,25,2,37,5,0.355,0.035,0.531,0.078,0.034,0.012,0.001,0.018,0.003
212,Mauritania,Country,2017,298060,100304,7694,158397,31665,74,25,2,39,8,0.336,0.026,0.531,0.106,0.035,0.012,0.001,0.019,0.004
212,Mauritania,Country,2018,323283,97264,5153,166701,54165,79,24,1,41,13,0.301,0.016,0.516,0.168,0.037,0.011,0.001,0.019,0.006
212,Mauritania,Country,2019,318555,99696,4091,174353,40414,76,24,1,41,10,0.313,0.013,0.547,0.127,0.035,0.011,0,0.019,0.004
212,Mauritania,Country,2020,388436,91999,3396,172401,120640,90,21,1,40,28,0.237,0.009,0.444,0.311,0.043,0.01,0,0.019,0.013
212,Mauritania,Country,2021,462317,139556,12688,170721,139352,105,32,3,39,32,0.302,0.027,0.369,0.302,0.052,0.016,0.001,0.019,0.016
212,Mauritania,Country,2022,486620,180280,13363,186844,106133,108,40,3,42,24,0.37,0.027,0.384,0.218,0.051,0.019,0.001,0.02,0.011
183,Mauritius,Country,1995,137960,75837,7185,54822,116,119,65,6,47,0,0.55,0.052,0.398,0.001,0.026,0.014,0.001,0.01,0
183,Mauritius,Country,1996,147989,80171,7245,57491,3083,126,68,6,49,3,0.542,0.049,0.389,0.021,0.026,0.014,0.001,0.01,0.001
183,Mauritius,Country,1997,154269,85398,7096,61099,676,130,72,6,52,1,0.554,0.046,0.396,0.004,0.026,0.014,0.001,0.01,0
183,Mauritius,Country,1998,164962,91921,6796,65799,446,138,77,6,55,0,0.557,0.041,0.399,0.003,0.026,0.015,0.001,0.011,0
183,Mauritius,Country,1999,177766,99471,6314,71579,401,148,83,5,59,0,0.559,0.035,0.403,0.002,0.028,0.016,0.001,0.011,0
183,Mauritius,Country,2000,188216,101315,5458,80965,479,155,83,4,67,0,0.538,0.029,0.43,0.003,0.027,0.015,0.001,0.012,0
183,Mauritius,Country,2001,206914,110905,5207,90445,357,169,91,4,74,0,0.536,0.025,0.437,0.002,0.029,0.016,0.001,0.013,0
183,Mauritius,Country,2002,228097,121243,5396,101336,122,185,98,4,82,0,0.531,0.024,0.444,0.001,0.031,0.017,0.001,0.014,0
183,Mauritius,Country,2003,248206,129303,5784,112735,383,200,104,5,91,0,0.521,0.023,0.454,0.002,0.032,0.017,0.001,0.015,0
183,Mauritius,Country,2004,267070,134334,6245,126077,414,214,108,5,101,0,0.503,0.023,0.472,0.002,0.033,0.017,0.001,0.016,0
183,Mauritius,Country,2005,288202,137281,6640,143842,439,230,110,5,115,0,0.476,0.023,0.499,0.002,0.035,0.017,0.001,0.018,0
183,Mauritius,Country,2006,306819,135395,6942,163431,1051,244,108,6,130,1,0.441,0.023,0.533,0.003,0.036,0.016,0.001,0.019,0
183,Mauritius,Country,2007,329465,136005,7310,184770,1380,262,108,6,147,1,0.413,0.022,0.561,0.004,0.037,0.015,0.001,0.021,0
183,Mauritius,Country,2008,367173,148108,7932,210829,305,291,117,6,167,0,0.403,0.022,0.574,0.001,0.039,0.016,0.001,0.022,0
183,Mauritius,Country,2009,411104,170956,8903,229961,1284,325,135,7,182,1,0.416,0.022,0.559,0.003,0.042,0.018,0.001,0.024,0
183,Mauritius,Country,2010,439495,185640,9763,240963,3129,347,146,8,190,2,0.422,0.022,0.548,0.007,0.043,0.018,0.001,0.024,0
183,Mauritius,Country,2011,461588,200026,11253,247809,2500,364,158,9,195,2,0.433,0.024,0.537,0.005,0.044,0.019,0.001,0.023,0
183,Mauritius,Country,2012,489305,214068,13868,258229,3140,385,168,11,203,2,0.437,0.028,0.528,0.006,0.045,0.02,0.001,0.024,0
183,Mauritius,Country,2013,551461,246933,20413,281320,2794,434,194,16,221,2,0.448,0.037,0.51,0.005,0.049,0.022,0.002,0.025,0
183,Mauritius,Country,2014,607137,269033,28753,306541,2810,477,211,23,241,2,0.443,0.047,0.505,0.005,0.052,0.023,0.002,0.026,0
183,Mauritius,Country,2015,664279,297365,39448,326299,1167,522,234,31,256,1,0.448,0.059,0.491,0.002,0.054,0.024,0.003,0.027,0
183,Mauritius,Country,2016,700939,310280,49379,339730,1550,550,244,39,267,1,0.443,0.07,0.485,0.002,0.055,0.024,0.004,0.027,0
183,Mauritius,Country,2017,736337,321885,57321,352520,4611,578,253,45,277,4,0.437,0.078,0.479,0.006,0.056,0.024,0.004,0.027,0
183,Mauritius,Country,2018,759473,326709,62945,364162,5657,596,256,49,286,4,0.43,0.083,0.48,0.007,0.055,0.024,0.005,0.027,0
183,Mauritius,Country,2019,819653,366923,70454,379582,2694,643,288,55,298,2,0.448,0.086,0.463,0.003,0.058,0.026,0.005,0.027,0
183,Mauritius,Country,2020,828953,354902,60355,322262,91434,651,279,47,253,72,0.428,0.073,0.389,0.11,0.069,0.029,0.005,0.027,0.008
183,Mauritius,Country,2021,818795,413665,63091,335628,6412,653,330,50,268,5,0.505,0.077,0.41,0.008,0.067,0.034,0.005,0.027,0.001
183,Mauritius,Country,2022,796724,367507,66390,350442,12385,638,294,53,280,10,0.461,0.083,0.44,0.016,0.06,0.028,0.005,0.026,0.001
130,Mexico,Country,1995,38830299,17346367,571885,20732373,179675,413,185,6,221,2,0.447,0.015,0.534,0.005,0.039,0.017,0.001,0.021,0
130,Mexico,Country,1996,40279958,18636846,652947,20820883,169282,422,195,7,218,2,0.463,0.016,0.517,0.004,0.038,0.018,0.001,0.02,0
130,Mexico,Country,1997,42940354,20315113,783614,21636480,205147,443,209,8,223,2,0.473,0.018,0.504,0.005,0.038,0.018,0.001,0.019,0
130,Mexico,Country,1998,46126682,21599952,909417,22900122,717191,469,219,9,233,7,0.468,0.02,0.497,0.016,0.038,0.018,0.001,0.019,0.001
130,Mexico,Country,1999,49919853,23823437,1085941,24862610,147865,500,239,11,249,1,0.477,0.022,0.498,0.003,0.04,0.019,0.001,0.02,0
130,Mexico,Country,2000,54303771,24768691,1326096,27706988,501996,537,245,13,274,5,0.456,0.024,0.51,0.009,0.042,0.019,0.001,0.021,0
130,Mexico,Country,2001,58651659,26058652,1566017,30858927,168063,572,254,15,301,2,0.444,0.027,0.526,0.003,0.045,0.02,0.001,0.024,0
130,Mexico,Country,2002,63612465,27403183,1785250,34162373,261658,613,264,17,329,3,0.431,0.028,0.537,0.004,0.049,0.021,0.001,0.027,0
130,Mexico,Country,2003,70556174,30449113,2055078,37999743,52240,671,290,20,361,0,0.432,0.029,0.539,0.001,0.054,0.023,0.002,0.029,0
130,Mexico,Country,2004,73539298,30959891,2274217,40259058,46133,691,291,21,378,0,0.421,0.031,0.547,0.001,0.055,0.023,0.002,0.03,0
130,Mexico,Country,2005,76219464,32147182,2562116,41399291,110875,707,298,24,384,1,0.422,0.034,0.543,0.001,0.055,0.023,0.002,0.03,0
130,Mexico,Country,2006,77421066,32881087,2899701,41479746,160532,710,301,27,380,1,0.425,0.037,0.536,0.002,0.054,0.023,0.002,0.029,0
130,Mexico,Country,2007,78262482,34025367,3353771,40756692,126652,708,308,30,369,1,0.435,0.043,0.521,0.002,0.053,0.023,0.002,0.028,0
130,Mexico,Country,2008,81397180,37881680,4101154,39278579,135768,727,338,37,351,1,0.465,0.05,0.483,0.002,0.055,0.026,0.003,0.027,0
130,Mexico,Country,2009,79627058,38199281,4513346,36840143,74288,702,337,40,325,1,0.48,0.057,0.463,0.001,0.058,0.028,0.003,0.027,0
130,Mexico,Country,2010,79647774,39510345,4850061,34543807,743560,693,344,42,301,6,0.496,0.061,0.434,0.009,0.055,0.027,0.003,0.024,0.001
130,Mexico,Country,2011,80627975,41540728,5155151,33252181,679916,693,357,44,286,6,0.515,0.064,0.412,0.008,0.054,0.028,0.003,0.022,0
130,Mexico,Country,2012,83404144,44025619,5476260,33523146,379120,707,373,46,284,3,0.528,0.066,0.402,0.005,0.054,0.028,0.004,0.022,0
130,Mexico,Country,2013,85317468,45190345,5752373,34251095,123655,714,378,48,287,1,0.53,0.067,0.401,0.001,0.055,0.029,0.004,0.022,0
130,Mexico,Country,2014,87449744,46051884,6061604,35247394,88861,723,381,50,291,1,0.527,0.069,0.403,0.001,0.055,0.029,0.004,0.022,0
130,Mexico,Country,2015,89230162,46289411,6344115,36471298,125338,729,378,52,298,1,0.519,0.071,0.409,0.001,0.054,0.028,0.004,0.022,0
130,Mexico,Country,2016,90473095,46423334,6702047,37247640,100075,731,375,54,301,1,0.513,0.074,0.412,0.001,0.054,0.028,0.004,0.022,0
130,Mexico,Country,2017,89638193,44857238,6960144,37694055,126757,716,358,56,301,1,0.5,0.078,0.421,0.001,0.052,0.026,0.004,0.022,0
130,Mexico,Country,2018,90555041,44924709,7329982,38247004,53346,716,355,58,302,0,0.496,0.081,0.422,0.001,0.052,0.026,0.004,0.022,0
130,Mexico,Country,2019,91842976,45458669,7696134,38638172,50001,720,356,60,303,0,0.495,0.084,0.421,0.001,0.053,0.026,0.004,0.022,0
130,Mexico,Country,2020,95570110,50553358,7947553,37016003,53197,743,393,62,288,0,0.529,0.083,0.387,0.001,0.06,0.032,0.005,0.023,0
130,Mexico,Country,2021,98301888,49217193,8307127,40722772,54796,764,382,65,316,0,0.501,0.085,0.414,0.001,0.059,0.029,0.005,0.024,0
130,Mexico,Country,2022,99102571,51324320,8946639,38734897,96715,765,396,69,299,1,0.518,0.09,0.391,0.001,0.057,0.03,0.005,0.022,0
25,Micronesia (Federated States of),Country,1995,10144,7007,1163,1974,0,94,65,11,18,0,0.691,0.114,0.195,0,0.024,0.016,0.003,0.005,0
25,Micronesia (Federated States of),Country,1996,9962,6916,1059,1987,0,92,64,10,18,0,0.694,0.106,0.2,0,0.024,0.017,0.003,0.005,0
25,Micronesia (Federated States of),Country,1997,9291,6577,743,1971,0,85,60,7,18,0,0.708,0.08,0.212,0,0.024,0.017,0.002,0.005,0
25,Micronesia (Federated States of),Country,1998,9546,7205,370,1971,0,87,66,3,18,0,0.755,0.039,0.206,0,0.024,0.018,0.001,0.005,0
25,Micronesia (Federated States of),Country,1999,21529,7486,87,1919,12036,197,68,1,18,110,0.347,0.004,0.089,0.56,0.053,0.019,0,0.005,0.03
25,Micronesia (Federated States of),Country,2000,9375,7556,5,1805,8,86,69,0,16,0,0.806,0.001,0.193,0.001,0.022,0.018,0,0.004,0
25,Micronesia (Federated States of),Country,2001,9628,7771,2,1768,87,88,71,0,16,1,0.807,0,0.184,0.009,0.023,0.018,0,0.004,0
25,Micronesia (Federated States of),Country,2002,9027,7239,3,1726,60,83,66,0,16,1,0.802,0,0.191,0.007,0.021,0.017,0,0.004,0
25,Micronesia (Federated States of),Country,2003,15746,7627,14,1750,6356,145,70,0,16,59,0.484,0.001,0.111,0.404,0.036,0.018,0,0.004,0.015
25,Micronesia (Federated States of),Country,2004,33597,7028,433,1774,24361,311,65,4,16,225,0.209,0.013,0.053,0.725,0.08,0.017,0.001,0.004,0.058
25,Micronesia (Federated States of),Country,2005,37128,6013,2646,1734,26734,345,56,25,16,248,0.162,0.071,0.047,0.72,0.086,0.014,0.006,0.004,0.062
25,Micronesia (Federated States of),Country,2006,38456,5982,6457,1700,24316,359,56,60,16,227,0.156,0.167,0.044,0.633,0.089,0.014,0.015,0.004,0.057
25,Micronesia (Federated States of),Country,2007,41658,5980,8999,1646,25033,390,56,84,15,235,0.144,0.215,0.04,0.602,0.098,0.014,0.021,0.004,0.059
25,Micronesia (Federated States of),Country,2008,43273,6290,9395,1594,25994,407,59,88,15,245,0.145,0.216,0.037,0.601,0.105,0.015,0.023,0.004,0.063
25,Micronesia (Federated States of),Country,2009,49632,6232,7994,1501,33905,469,59,76,14,321,0.126,0.161,0.03,0.684,0.118,0.015,0.019,0.004,0.081
25,Micronesia (Federated States of),Country,2010,16811,6767,7191,1458,1395,160,64,68,14,13,0.404,0.426,0.087,0.083,0.039,0.016,0.017,0.003,0.003
25,Micronesia (Federated States of),Country,2011,15995,7171,6830,1428,566,153,68,65,14,5,0.449,0.425,0.09,0.036,0.036,0.016,0.016,0.003,0.001
25,Micronesia (Federated States of),Country,2012,44903,7113,6215,1366,30208,430,68,59,13,289,0.158,0.138,0.03,0.673,0.104,0.017,0.014,0.003,0.07
25,Micronesia (Federated States of),Country,2013,15545,7200,5888,1341,1116,149,69,57,13,11,0.464,0.378,0.086,0.072,0.038,0.017,0.014,0.003,0.003
25,Micronesia (Federated States of),Country,2014,50086,7300,5750,1324,35712,482,70,55,13,344,0.146,0.115,0.026,0.713,0.125,0.018,0.014,0.003,0.089
25,Micronesia (Federated States of),Country,2015,26088,7623,5932,1316,11217,252,74,57,13,108,0.292,0.227,0.05,0.431,0.062,0.018,0.014,0.003,0.027
25,Micronesia (Federated States of),Country,2016,16798,8219,6542,1292,745,162,79,63,12,7,0.49,0.388,0.077,0.045,0.04,0.02,0.016,0.003,0.002
25,Micronesia (Federated States of),Country,2017,16833,7944,6871,1227,791,163,77,67,12,8,0.473,0.407,0.073,0.047,0.04,0.019,0.016,0.003,0.002
25,Micronesia (Federated States of),Country,2018,17153,7429,6981,1179,1564,167,72,68,11,15,0.434,0.406,0.069,0.092,0.04,0.017,0.016,0.003,0.004
25,Micronesia (Federated States of),Country,2019,17769,7925,7228,1190,1425,173,77,70,12,14,0.447,0.406,0.067,0.081,0.04,0.018,0.016,0.003,0.003
25,Micronesia (Federated States of),Country,2020,21403,7160,4961,1222,8060,208,70,48,12,78,0.334,0.231,0.057,0.377,0.049,0.017,0.011,0.003,0.019
25,Micronesia (Federated States of),Country,2021,17185,5912,3638,1193,6442,168,58,36,12,63,0.344,0.211,0.069,0.376,0.039,0.013,0.008,0.003,0.015
25,Micronesia (Federated States of),Country,2022,14473,5329,4339,1068,3736,142,52,43,10,37,0.369,0.298,0.074,0.259,0.033,0.012,0.01,0.002,0.009
367,Monaco,Country,1995,139536,114199,15604,9733,0,4388,3591,491,306,0,0.818,0.112,0.07,0,0.036,0.029,0.004,0.002,0
367,Monaco,Country,1996,144514,117347,17009,10158,0,4510,3662,531,317,0,0.811,0.118,0.071,0,0.037,0.03,0.004,0.003,0
367,Monaco,Country,1997,152225,122919,18672,10634,0,4716,3808,578,329,0,0.807,0.123,0.07,0,0.038,0.03,0.005,0.003,0
367,Monaco,Country,1998,160376,129072,20225,11079,0,4933,3970,622,341,0,0.805,0.126,0.069,0,0.038,0.031,0.005,0.003,0
367,Monaco,Country,1999,165732,132989,21288,11456,0,5060,4060,650,350,0,0.802,0.128,0.069,0,0.038,0.031,0.005,0.003,0
367,Monaco,Country,2000,171049,136917,22310,11822,0,5183,4149,676,358,0,0.8,0.13,0.069,0,0.038,0.03,0.005,0.003,0
367,Monaco,Country,2001,184240,148322,23578,12340,0,5540,4460,709,371,0,0.805,0.128,0.067,0,0.039,0.032,0.005,0.003,0
367,Monaco,Country,2002,193339,155674,25119,12546,0,5767,4644,749,374,0,0.805,0.13,0.065,0,0.04,0.033,0.005,0.003,0
367,Monaco,Country,2003,204934,165046,27171,12717,0,6064,4884,804,376,0,0.805,0.133,0.062,0,0.042,0.034,0.006,0.003,0
367,Monaco,Country,2004,224471,182184,29196,13091,0,6589,5348,857,384,0,0.812,0.13,0.058,0,0.044,0.036,0.006,0.003,0
367,Monaco,Country,2005,232023,188222,30047,13753,0,6756,5480,875,400,0,0.811,0.13,0.059,0,0.045,0.036,0.006,0.003,0
367,Monaco,Country,2006,236976,191768,30634,14574,0,6844,5539,885,421,0,0.809,0.129,0.062,0,0.042,0.034,0.005,0.003,0
367,Monaco,Country,2007,237972,191128,31395,15449,0,6818,5476,900,443,0,0.803,0.132,0.065,0,0.037,0.029,0.005,0.002,0
367,Monaco,Country,2008,257472,207566,33878,16028,0,7318,5900,963,456,0,0.806,0.132,0.062,0,0.039,0.032,0.005,0.002,0
367,Monaco,Country,2009,267511,216994,35002,15515,0,7544,6119,987,438,0,0.811,0.131,0.058,0,0.046,0.038,0.006,0.003,0
367,Monaco,Country,2010,278211,226238,36369,15604,0,7787,6332,1018,437,0,0.813,0.131,0.056,0,0.048,0.039,0.006,0.003,0
367,Monaco,Country,2011,281775,227988,37732,16055,0,7830,6335,1048,446,0,0.809,0.134,0.057,0,0.046,0.037,0.006,0.003,0
367,Monaco,Country,2012,294705,238537,39578,16590,0,8131,6582,1092,458,0,0.809,0.134,0.056,0,0.049,0.039,0.007,0.003,0
367,Monaco,Country,2013,298436,240201,40708,17526,0,8180,6583,1116,480,0,0.805,0.136,0.059,0,0.046,0.037,0.006,0.003,0
367,Monaco,Country,2014,320042,260314,41043,18685,0,8719,7092,1118,509,0,0.813,0.128,0.058,0,0.046,0.038,0.006,0.003,0
367,Monaco,Country,2015,320694,264316,36901,19476,0,8683,7157,999,527,0,0.824,0.115,0.061,0,0.045,0.037,0.005,0.003,0
367,Monaco,Country,2016,322881,273190,29722,19969,0,8688,7351,800,537,0,0.846,0.092,0.062,0,0.044,0.037,0.004,0.003,0
367,Monaco,Country,2017,318062,272714,25146,20202,0,8523,7308,674,541,0,0.857,0.079,0.064,0,0.045,0.039,0.004,0.003,0
367,Monaco,Country,2018,313074,269525,22859,20691,0,8352,7191,610,552,0,0.861,0.073,0.066,0,0.042,0.036,0.003,0.003,0
367,Monaco,Country,2019,336917,292152,23045,21721,0,8949,7760,612,577,0,0.867,0.068,0.064,0,0.042,0.037,0.003,0.003,0
367,Monaco,Country,2020,315003,278152,18153,18697,0,8337,7361,480,495,0,0.883,0.058,0.059,0,0.045,0.04,0.003,0.003,0
367,Monaco,Country,2021,327160,294271,10722,22167,0,8629,7762,283,585,0,0.899,0.033,0.068,0,0.039,0.035,0.001,0.003,0
367,Monaco,Country,2022,337143,293316,18718,25108,0,8744,7608,485,651,0,0.87,0.056,0.074,0,0.036,0.031,0.002,0.003,0
38,Mongolia,Country,1995,185712,142431,7564,28579,7139,80,61,3,12,3,0.766,0.041,0.154,0.039,0.041,0.032,0.002,0.006,0.002
38,Mongolia,Country,1996,197922,155250,6915,29808,5950,84,66,3,13,3,0.784,0.035,0.151,0.03,0.043,0.034,0.002,0.006,0.001
38,Mongolia,Country,1997,208479,166463,7157,31282,3577,88,70,3,13,2,0.798,0.034,0.15,0.017,0.044,0.035,0.002,0.007,0.001
38,Mongolia,Country,1998,239507,189977,6262,34076,9193,100,79,3,14,4,0.793,0.026,0.142,0.039,0.049,0.039,0.001,0.007,0.002
38,Mongolia,Country,1999,250045,190041,8652,38548,12804,103,78,4,16,5,0.76,0.035,0.154,0.051,0.05,0.038,0.002,0.008,0.003
38,Mongolia,Country,2000,271009,205720,10776,48101,6411,111,84,4,20,3,0.759,0.04,0.177,0.024,0.053,0.04,0.002,0.009,0.001
38,Mongolia,Country,2001,295255,208972,11395,55147,19741,120,85,5,22,8,0.708,0.039,0.187,0.067,0.056,0.04,0.002,0.011,0.004
38,Mongolia,Country,2002,283463,209771,11209,60496,1987,114,85,5,24,1,0.74,0.04,0.213,0.007,0.052,0.038,0.002,0.011,0
38,Mongolia,Country,2003,278514,198743,10203,63832,5736,111,79,4,26,2,0.714,0.037,0.229,0.021,0.048,0.034,0.002,0.011,0.001
38,Mongolia,Country,2004,280019,195569,10329,69267,4854,111,78,4,27,2,0.699,0.037,0.247,0.017,0.043,0.03,0.002,0.011,0.001
38,Mongolia,Country,2005,265382,173824,9511,73611,8437,104,68,4,29,3,0.655,0.036,0.277,0.032,0.039,0.025,0.001,0.011,0.001
38,Mongolia,Country,2006,284381,190233,9957,76742,7450,111,74,4,30,3,0.669,0.035,0.269,0.026,0.038,0.026,0.001,0.01,0.001
38,Mongolia,Country,2007,359307,245414,10680,83483,19729,138,94,4,32,8,0.683,0.03,0.232,0.055,0.044,0.03,0.001,0.01,0.002
38,Mongolia,Country,2008,387732,270374,10251,90778,16329,147,103,4,34,6,0.698,0.026,0.234,0.042,0.044,0.03,0.001,0.01,0.002
38,Mongolia,Country,2009,385296,259325,9384,96542,20045,144,97,4,36,7,0.673,0.024,0.25,0.052,0.044,0.03,0.001,0.011,0.002
38,Mongolia,Country,2010,395392,236847,8826,105832,43887,146,87,3,39,16,0.599,0.022,0.267,0.111,0.043,0.025,0.001,0.011,0.005
38,Mongolia,Country,2011,448428,275596,9755,126317,36759,162,100,4,46,13,0.615,0.022,0.281,0.082,0.041,0.025,0.001,0.012,0.003
38,Mongolia,Country,2012,491595,295170,10424,151726,34274,175,105,4,54,12,0.601,0.021,0.308,0.07,0.04,0.024,0.001,0.012,0.003
38,Mongolia,Country,2013,542712,306672,11212,183065,41763,189,107,4,64,15,0.565,0.021,0.337,0.077,0.04,0.022,0.001,0.013,0.003
38,Mongolia,Country,2014,593081,339161,12190,212033,29697,203,116,4,72,10,0.572,0.021,0.357,0.05,0.04,0.023,0.001,0.014,0.002
38,Mongolia,Country,2015,634122,352826,11924,237538,31834,212,118,4,80,11,0.556,0.019,0.375,0.05,0.042,0.024,0.001,0.016,0.002
38,Mongolia,Country,2016,752557,424497,11201,266907,49951,247,139,4,88,16,0.564,0.015,0.355,0.066,0.05,0.028,0.001,0.018,0.003
38,Mongolia,Country,2017,757474,379619,10409,291773,75674,244,122,3,94,24,0.501,0.014,0.385,0.1,0.047,0.024,0.001,0.018,0.005
38,Mongolia,Country,2018,898354,364026,10870,328619,194839,284,115,3,104,62,0.405,0.012,0.366,0.217,0.052,0.021,0.001,0.019,0.011
38,Mongolia,Country,2019,854607,402047,12178,362260,78122,265,125,4,112,24,0.47,0.014,0.424,0.091,0.047,0.022,0.001,0.02,0.004
38,Mongolia,Country,2020,936356,457885,10941,367275,100255,285,140,3,112,31,0.489,0.012,0.392,0.107,0.054,0.026,0.001,0.021,0.006
38,Mongolia,Country,2021,1475195,756953,14211,410800,293232,443,227,4,123,88,0.513,0.01,0.279,0.199,0.083,0.043,0.001,0.023,0.017
38,Mongolia,Country,2022,1321175,587165,24643,664463,44904,390,173,7,196,13,0.445,0.019,0.503,0.034,0.071,0.032,0.001,0.036,0.002
50,Montenegro,Country,1995,201077,115924,167,84335,650,317,183,0,133,1,0.576,0.001,0.42,0.003,0.071,0.041,0,0.03,0
50,Montenegro,Country,1996,202873,116715,167,85916,76,319,184,0,135,0,0.575,0.001,0.424,0,0.057,0.033,0,0.024,0
50,Montenegro,Country,1997,206105,118926,167,86931,82,324,187,0,137,0,0.577,0.001,0.422,0,0.054,0.031,0,0.023,0
50,Montenegro,Country,1998,213437,123214,169,89991,64,335,194,0,141,0,0.577,0.001,0.422,0,0.054,0.031,0,0.023,0
50,Montenegro,Country,1999,222454,127407,166,92574,2307,349,200,0,145,4,0.572,0.001,0.417,0.011,0.061,0.035,0,0.026,0.001
50,Montenegro,Country,2000,229733,131963,167,97168,435,361,207,0,153,1,0.574,0.001,0.423,0.002,0.058,0.033,0,0.025,0
50,Montenegro,Country,2001,251330,145852,188,103979,1310,395,229,0,163,2,0.58,0.001,0.414,0.005,0.063,0.037,0,0.026,0
50,Montenegro,Country,2002,268659,156447,203,110921,1089,422,246,0,174,2,0.582,0.001,0.413,0.004,0.066,0.039,0,0.027,0
50,Montenegro,Country,2003,299297,179157,206,119581,352,471,282,0,188,1,0.598,0.001,0.4,0.001,0.072,0.043,0,0.029,0
50,Montenegro,Country,2004,313196,181557,188,126045,5406,493,286,0,198,9,0.579,0.001,0.403,0.017,0.072,0.042,0,0.029,0.001
50,Montenegro,Country,2005,319328,187580,179,130292,1277,503,295,0,205,2,0.587,0.001,0.408,0.004,0.071,0.042,0,0.029,0
50,Montenegro,Country,2006,347160,200718,172,135413,10857,547,316,0,213,17,0.578,0,0.39,0.031,0.071,0.041,0,0.028,0.002
50,Montenegro,Country,2007,369068,217106,171,142361,9431,582,342,0,225,15,0.588,0,0.386,0.026,0.071,0.042,0,0.027,0.002
50,Montenegro,Country,2008,415061,250502,186,152160,12213,655,395,0,240,19,0.603,0,0.367,0.03,0.074,0.045,0,0.027,0.002
50,Montenegro,Country,2009,424996,262579,198,158702,3517,671,415,0,251,6,0.618,0,0.374,0.008,0.081,0.05,0,0.03,0.001
50,Montenegro,Country,2010,431274,262150,212,165005,3908,682,414,0,261,6,0.608,0,0.383,0.009,0.08,0.049,0,0.031,0.001
50,Montenegro,Country,2011,446391,268178,233,172586,5395,707,425,0,273,9,0.601,0.001,0.387,0.012,0.081,0.048,0,0.031,0.001
50,Montenegro,Country,2012,452775,276475,38,172229,4034,718,439,0,273,6,0.611,0,0.38,0.009,0.084,0.052,0,0.032,0.001
50,Montenegro,Country,2013,460110,279739,11,177294,3065,731,445,0,282,5,0.608,0,0.385,0.007,0.083,0.05,0,0.032,0.001
50,Montenegro,Country,2014,463215,279201,34,181784,2196,737,444,0,289,3,0.603,0,0.392,0.005,0.082,0.049,0,0.032,0
50,Montenegro,Country,2015,499196,298331,739,198540,1585,796,476,1,317,3,0.598,0.001,0.398,0.003,0.086,0.051,0,0.034,0
50,Montenegro,Country,2016,517289,307226,2558,204665,2840,826,491,4,327,5,0.594,0.005,0.396,0.005,0.086,0.051,0,0.034,0
50,Montenegro,Country,2017,522978,310501,3618,208668,191,837,497,6,334,0,0.594,0.007,0.399,0,0.083,0.049,0.001,0.033,0
50,Montenegro,Country,2018,552194,330266,5370,216021,537,885,530,9,346,1,0.598,0.01,0.391,0.001,0.083,0.05,0.001,0.033,0
50,Montenegro,Country,2019,568354,338865,6425,222078,985,913,544,10,357,2,0.596,0.011,0.391,0.002,0.082,0.049,0.001,0.032,0
50,Montenegro,Country,2020,670022,409768,8874,243348,8033,1079,660,14,392,13,0.612,0.013,0.363,0.012,0.114,0.07,0.002,0.041,0.001
50,Montenegro,Country,2021,713379,423826,8337,263612,17605,1148,682,13,424,28,0.594,0.012,0.37,0.025,0.107,0.064,0.001,0.04,0.003
50,Montenegro,Country,2022,771317,481024,3554,280400,6339,1250,780,6,455,10,0.624,0.005,0.364,0.008,0.11,0.069,0.001,0.04,0.001
148,Morocco,Country,1995,1803388,430691,475900,849405,47391,65,16,17,31,2,0.24,0.262,0.472,0.027,0.035,0.008,0.009,0.017,0.001
148,Morocco,Country,1996,1860950,418611,474859,902833,64647,66,15,17,32,2,0.226,0.253,0.486,0.035,0.032,0.007,0.008,0.016,0.001
148,Morocco,Country,1997,1924705,448818,477653,970295,27939,68,16,17,34,1,0.234,0.246,0.505,0.015,0.034,0.008,0.009,0.017,0
148,Morocco,Country,1998,2082718,483393,470343,1054000,74981,72,17,16,36,3,0.232,0.224,0.507,0.036,0.034,0.008,0.008,0.017,0.001
148,Morocco,Country,1999,2115737,508477,434812,1126826,45621,72,17,15,38,2,0.24,0.204,0.534,0.022,0.035,0.008,0.007,0.018,0.001
148,Morocco,Country,2000,2516028,596325,596296,1244564,78842,85,20,20,42,3,0.237,0.236,0.496,0.031,0.04,0.01,0.01,0.02,0.001
148,Morocco,Country,2001,2637290,660835,572409,1372792,31254,88,22,19,46,1,0.251,0.216,0.522,0.012,0.039,0.01,0.009,0.02,0
148,Morocco,Country,2002,2888757,746852,573160,1530390,38355,95,24,19,50,1,0.258,0.197,0.531,0.013,0.042,0.011,0.008,0.022,0.001
148,Morocco,Country,2003,3070195,760552,563157,1690215,56271,99,25,18,55,2,0.248,0.183,0.551,0.018,0.042,0.01,0.008,0.023,0.001
148,Morocco,Country,2004,3316014,825965,575410,1876519,38120,106,26,18,60,1,0.249,0.173,0.567,0.012,0.043,0.011,0.007,0.024,0
148,Morocco,Country,2005,3894772,1000252,620611,2099624,174286,123,32,20,66,5,0.257,0.159,0.54,0.045,0.049,0.013,0.008,0.026,0.002
148,Morocco,Country,2006,3922401,1071832,451766,2290412,108390,122,33,14,71,3,0.273,0.115,0.585,0.028,0.046,0.013,0.005,0.027,0.001
148,Morocco,Country,2007,4267273,1215378,496364,2485184,70347,131,37,15,76,2,0.284,0.116,0.583,0.017,0.049,0.014,0.006,0.028,0.001
148,Morocco,Country,2008,4818510,1413284,544989,2679882,180356,147,43,17,82,5,0.293,0.113,0.557,0.037,0.052,0.015,0.006,0.029,0.002
148,Morocco,Country,2009,5232680,1567492,588391,2872102,204695,157,47,18,86,6,0.299,0.112,0.549,0.039,0.053,0.016,0.006,0.029,0.002
148,Morocco,Country,2010,5467010,1716578,629504,3022912,98016,163,51,19,90,3,0.314,0.115,0.554,0.018,0.053,0.017,0.006,0.029,0.001
148,Morocco,Country,2011,5852145,1940313,673906,3125625,112301,172,57,20,92,3,0.331,0.115,0.535,0.019,0.054,0.018,0.006,0.029,0.001
148,Morocco,Country,2012,6064957,2120430,713480,3163476,67571,176,62,21,92,2,0.349,0.117,0.522,0.011,0.054,0.019,0.006,0.028,0.001
148,Morocco,Country,2013,6313250,2178801,733951,3154171,246327,182,63,21,91,7,0.345,0.116,0.5,0.039,0.054,0.019,0.006,0.027,0.002
148,Morocco,Country,2014,6490465,2367492,748668,3154916,219388,185,67,21,90,6,0.365,0.115,0.486,0.034,0.054,0.02,0.006,0.026,0.002
148,Morocco,Country,2015,6297958,2375964,746651,3109885,65459,178,67,21,88,2,0.377,0.118,0.494,0.01,0.05,0.019,0.006,0.025,0.001
148,Morocco,Country,2016,6621631,2492274,772376,3093684,263297,185,70,22,86,7,0.377,0.116,0.467,0.04,0.052,0.02,0.006,0.024,0.002
148,Morocco,Country,2017,6656889,2562655,806338,3098193,189703,184,71,22,86,5,0.385,0.121,0.466,0.029,0.05,0.019,0.006,0.023,0.001
148,Morocco,Country,2018,6732983,2666231,849485,3120613,96655,185,73,23,86,3,0.396,0.126,0.464,0.014,0.049,0.02,0.006,0.023,0.001
148,Morocco,Country,2019,6961413,2764656,890104,3160493,146159,190,75,24,86,4,0.397,0.128,0.454,0.021,0.05,0.02,0.006,0.023,0.001
148,Morocco,Country,2020,7330469,3133270,919189,2914854,363156,198,85,25,79,10,0.428,0.125,0.398,0.05,0.057,0.024,0.007,0.022,0.003
148,Morocco,Country,2021,7690337,3105221,1027707,3171926,385483,206,83,28,85,10,0.404,0.133,0.413,0.05,0.055,0.022,0.007,0.023,0.003
148,Morocco,Country,2022,8169942,3249685,1070399,3373675,476184,217,86,28,90,13,0.398,0.131,0.413,0.058,0.058,0.023,0.008,0.024,0.003
184,Mozambique,Country,1995,222956,92668,1467,30444,98377,15,6,0,2,6,0.414,0.007,0.137,0.443,0.067,0.028,0,0.009,0.03
184,Mozambique,Country,1996,267770,85776,1388,32362,148244,17,5,0,2,9,0.319,0.005,0.121,0.555,0.072,0.023,0,0.009,0.04
184,Mozambique,Country,1997,249756,89915,1391,34447,124004,15,6,0,2,8,0.359,0.006,0.138,0.498,0.06,0.022,0,0.008,0.03
184,Mozambique,Country,1998,243175,85164,1343,36613,120054,15,5,0,2,7,0.349,0.006,0.15,0.495,0.053,0.019,0,0.008,0.026
184,Mozambique,Country,1999,267887,82699,1324,39147,144718,16,5,0,2,8,0.308,0.005,0.146,0.542,0.052,0.016,0,0.008,0.028
184,Mozambique,Country,2000,289426,76419,1267,40961,170779,16,4,0,2,10,0.263,0.004,0.141,0.591,0.056,0.015,0,0.008,0.033
184,Mozambique,Country,2001,290441,86129,1424,43976,158912,16,5,0,2,9,0.295,0.005,0.151,0.549,0.05,0.015,0,0.007,0.027
184,Mozambique,Country,2002,331884,82473,1516,46263,201632,18,4,0,3,11,0.248,0.005,0.139,0.609,0.052,0.013,0,0.007,0.031
184,Mozambique,Country,2003,360449,87006,1697,45694,226053,19,5,0,2,12,0.24,0.005,0.126,0.628,0.052,0.013,0,0.007,0.033
184,Mozambique,Country,2004,429109,90597,1940,44401,292172,22,5,0,2,15,0.21,0.005,0.103,0.682,0.057,0.012,0,0.006,0.039
184,Mozambique,Country,2005,433105,96048,2345,44278,290434,22,5,0,2,15,0.221,0.005,0.102,0.672,0.054,0.012,0,0.006,0.036
184,Mozambique,Country,2006,493076,109528,2988,44832,335729,24,5,0,2,16,0.221,0.006,0.091,0.682,0.056,0.012,0,0.005,0.038
184,Mozambique,Country,2007,624255,116595,3970,45092,458598,30,6,0,2,22,0.186,0.006,0.072,0.735,0.066,0.012,0,0.005,0.048
184,Mozambique,Country,2008,761351,123062,5086,45709,587493,35,6,0,2,27,0.161,0.007,0.06,0.772,0.075,0.012,0.001,0.005,0.058
184,Mozambique,Country,2009,722272,143959,6416,46166,525731,32,6,0,2,24,0.199,0.009,0.064,0.729,0.067,0.013,0.001,0.004,0.049
184,Mozambique,Country,2010,807120,152620,7173,46267,601059,35,7,0,2,26,0.188,0.009,0.057,0.745,0.07,0.013,0.001,0.004,0.052
184,Mozambique,Country,2011,808764,169366,7552,47708,584138,34,7,0,2,25,0.209,0.009,0.059,0.723,0.066,0.014,0.001,0.004,0.047
184,Mozambique,Country,2012,926278,179517,81892,55040,609829,38,7,3,2,25,0.193,0.088,0.059,0.66,0.07,0.014,0.006,0.004,0.046
184,Mozambique,Country,2013,1032396,216441,82930,69866,663160,41,9,3,3,27,0.209,0.08,0.068,0.644,0.073,0.015,0.006,0.005,0.047
184,Mozambique,Country,2014,1305860,280559,88907,89823,846571,51,11,3,4,33,0.214,0.068,0.069,0.649,0.086,0.018,0.006,0.006,0.056
184,Mozambique,Country,2015,1195471,275740,86362,106576,726793,45,10,3,4,28,0.23,0.072,0.089,0.609,0.073,0.017,0.005,0.007,0.044
184,Mozambique,Country,2016,1318922,282253,87097,119575,829996,49,10,3,4,31,0.213,0.066,0.091,0.63,0.077,0.017,0.005,0.007,0.049
184,Mozambique,Country,2017,1407415,302763,89749,128908,885995,50,11,3,5,32,0.214,0.063,0.092,0.631,0.08,0.017,0.005,0.007,0.051
184,Mozambique,Country,2018,1600232,336639,94556,136288,1032750,56,12,3,5,36,0.21,0.059,0.085,0.646,0.088,0.019,0.005,0.008,0.057
184,Mozambique,Country,2019,1466944,332890,95695,140633,897727,50,11,3,5,30,0.226,0.065,0.096,0.613,0.079,0.018,0.005,0.008,0.049
184,Mozambique,Country,2020,1859078,436562,93614,142490,1186412,61,14,3,5,39,0.234,0.05,0.077,0.639,0.102,0.024,0.005,0.008,0.065
184,Mozambique,Country,2021,2073231,475558,95390,153881,1348402,67,15,3,5,43,0.229,0.046,0.074,0.651,0.111,0.026,0.005,0.008,0.072
184,Mozambique,Country,2022,1993557,525602,96873,163203,1207879,62,16,3,5,38,0.263,0.048,0.082,0.607,0.103,0.027,0.005,0.008,0.062
15,Myanmar,Country,1995,249427,41129,54,207499,746,6,1,0,5,0,0.168,0,0.829,0.003,0.023,0.004,0,0.019,0
15,Myanmar,Country,1996,250917,39587,58,210493,778,6,1,0,5,0,0.16,0,0.836,0.003,0.022,0.004,0,0.019,0
15,Myanmar,Country,1997,249078,37634,64,208229,3151,6,1,0,5,0,0.154,0,0.833,0.013,0.021,0.003,0,0.018,0
15,Myanmar,Country,1998,252572,36133,70,211908,4460,6,1,0,5,0,0.145,0,0.836,0.018,0.02,0.003,0,0.017,0
15,Myanmar,Country,1999,277759,37152,78,231911,8618,6,1,0,5,0,0.136,0,0.832,0.032,0.02,0.003,0,0.017,0.001
15,Myanmar,Country,2000,326348,42389,82,273114,10764,7,1,0,6,0,0.132,0,0.834,0.034,0.021,0.003,0,0.018,0.001
15,Myanmar,Country,2001,377339,46602,85,322448,8204,8,1,0,7,0,0.125,0,0.852,0.022,0.022,0.003,0,0.019,0
15,Myanmar,Country,2002,448199,49491,95,378710,19903,10,1,0,8,0,0.112,0,0.842,0.045,0.023,0.003,0,0.02,0.001
15,Myanmar,Country,2003,514670,51848,114,422953,39755,11,1,0,9,1,0.102,0,0.819,0.079,0.024,0.002,0,0.019,0.002
15,Myanmar,Country,2004,566286,57134,124,471199,37829,12,1,0,10,1,0.102,0,0.829,0.068,0.023,0.002,0,0.019,0.002
15,Myanmar,Country,2005,638678,60346,141,519339,58852,13,1,0,11,1,0.096,0,0.81,0.094,0.022,0.002,0,0.018,0.002
15,Myanmar,Country,2006,676241,71711,145,574746,29639,14,1,0,12,1,0.108,0,0.848,0.045,0.021,0.002,0,0.018,0.001
15,Myanmar,Country,2007,752780,76262,167,622937,53414,15,2,0,13,1,0.103,0,0.825,0.072,0.021,0.002,0,0.017,0.001
15,Myanmar,Country,2008,801233,75890,204,664401,60738,16,2,0,14,1,0.096,0,0.827,0.077,0.02,0.002,0,0.017,0.002
15,Myanmar,Country,2009,860273,83839,232,708549,67652,17,2,0,14,1,0.099,0,0.821,0.08,0.02,0.002,0,0.016,0.002
15,Myanmar,Country,2010,973230,102037,238,756135,114820,19,2,0,15,2,0.106,0,0.774,0.119,0.021,0.002,0,0.016,0.002
15,Myanmar,Country,2011,1045188,125307,246,837505,82131,21,2,0,17,2,0.121,0,0.799,0.08,0.021,0.003,0,0.017,0.002
15,Myanmar,Country,2012,1402757,193728,189,1021379,187461,27,4,0,20,4,0.139,0,0.726,0.135,0.026,0.004,0,0.019,0.003
15,Myanmar,Country,2013,1842949,290805,127,1294677,257339,36,6,0,25,5,0.159,0,0.7,0.141,0.032,0.005,0,0.022,0.004
15,Myanmar,Country,2014,2360368,395143,57,1648628,316540,45,8,0,32,6,0.169,0,0.696,0.135,0.037,0.006,0,0.026,0.005
15,Myanmar,Country,2015,2738624,468335,21,2017489,252779,52,9,0,38,5,0.172,0,0.735,0.093,0.041,0.007,0,0.03,0.004
15,Myanmar,Country,2016,3066822,472875,15,2238223,355708,57,9,0,42,7,0.155,0,0.728,0.117,0.043,0.007,0,0.031,0.005
15,Myanmar,Country,2017,3159727,466636,30,2385141,307920,58,9,0,44,6,0.149,0,0.753,0.098,0.042,0.006,0,0.031,0.004
15,Myanmar,Country,2018,3285204,498232,70,2495909,290994,60,9,0,46,5,0.153,0,0.758,0.089,0.041,0.006,0,0.031,0.004
15,Myanmar,Country,2019,3326170,508212,173,2508000,309785,60,9,0,45,6,0.154,0,0.752,0.094,0.039,0.006,0,0.029,0.004
15,Myanmar,Country,2020,3489775,558755,622,2450723,479676,62,10,0,44,9,0.161,0,0.7,0.138,0.044,0.007,0,0.031,0.006
15,Myanmar,Country,2021,3246766,662464,1329,2132924,450050,57,12,0,37,8,0.205,0,0.655,0.14,0.043,0.009,0,0.028,0.006
15,Myanmar,Country,2022,2747610,376922,1411,2174652,194625,48,7,0,38,3,0.138,0.001,0.79,0.072,0.035,0.005,0,0.028,0.002
195,Namibia,Country,1995,526613,290244,176192,44912,15265,323,178,108,28,9,0.551,0.334,0.085,0.029,0.101,0.056,0.034,0.009,0.003
195,Namibia,Country,1996,540638,299604,180531,45997,14506,322,179,108,27,9,0.554,0.334,0.085,0.027,0.101,0.056,0.034,0.009,0.003
195,Namibia,Country,1997,558653,307722,185925,46804,18203,325,179,108,27,11,0.551,0.333,0.084,0.033,0.1,0.055,0.033,0.008,0.003
195,Namibia,Country,1998,566876,313693,191547,46788,14847,322,178,109,27,8,0.553,0.338,0.083,0.026,0.099,0.055,0.033,0.008,0.003
195,Namibia,Country,1999,581379,320581,198564,46029,16205,323,178,110,26,9,0.552,0.341,0.079,0.028,0.098,0.054,0.034,0.008,0.003
195,Namibia,Country,2000,580759,315701,204275,44233,16550,317,172,111,24,9,0.544,0.352,0.076,0.029,0.095,0.052,0.033,0.007,0.003
195,Namibia,Country,2001,607354,329840,216086,44789,16639,325,177,116,24,9,0.543,0.356,0.074,0.027,0.098,0.053,0.035,0.007,0.003
195,Namibia,Country,2002,628963,341833,224527,46081,16522,332,180,118,24,9,0.544,0.357,0.073,0.026,0.097,0.053,0.035,0.007,0.003
195,Namibia,Country,2003,675576,366628,233947,48204,26797,351,191,122,25,14,0.543,0.346,0.071,0.04,0.1,0.054,0.035,0.007,0.004
195,Namibia,Country,2004,688607,359829,234831,49578,44369,353,185,120,25,23,0.523,0.341,0.072,0.064,0.092,0.048,0.032,0.007,0.006
195,Namibia,Country,2005,698970,359568,238411,51102,49889,354,182,121,26,25,0.515,0.341,0.073,0.071,0.091,0.047,0.031,0.007,0.006
195,Namibia,Country,2006,768858,361478,251167,53828,102386,385,181,126,27,51,0.47,0.327,0.07,0.133,0.094,0.044,0.031,0.007,0.013
195,Namibia,Country,2007,799138,352599,261717,57328,127493,394,174,129,28,63,0.441,0.327,0.072,0.16,0.093,0.041,0.031,0.007,0.015
195,Namibia,Country,2008,808239,355561,270131,62694,119853,394,173,132,31,58,0.44,0.334,0.078,0.148,0.092,0.041,0.031,0.007,0.014
195,Namibia,Country,2009,898045,360019,283674,69388,184963,431,173,136,33,89,0.401,0.316,0.077,0.206,0.102,0.041,0.032,0.008,0.021
195,Namibia,Country,2010,931562,371384,311136,78741,170301,441,176,147,37,81,0.399,0.334,0.085,0.183,0.1,0.04,0.033,0.008,0.018
195,Namibia,Country,2011,969882,410864,348850,87755,122413,453,192,163,41,57,0.424,0.36,0.09,0.126,0.099,0.042,0.036,0.009,0.013
195,Namibia,Country,2012,1015790,395797,362484,91126,166382,468,182,167,42,77,0.39,0.357,0.09,0.164,0.1,0.039,0.036,0.009,0.016
195,Namibia,Country,2013,1043764,433107,391213,91303,128140,474,197,178,41,58,0.415,0.375,0.087,0.123,0.098,0.041,0.037,0.009,0.012
195,Namibia,Country,2014,1096940,468862,422577,89262,116238,492,210,189,40,52,0.427,0.385,0.081,0.106,0.099,0.042,0.038,0.008,0.01
195,Namibia,Country,2015,1144393,501911,463755,88201,90526,506,222,205,39,40,0.439,0.405,0.077,0.079,0.1,0.044,0.041,0.008,0.008
195,Namibia,Country,2016,1143761,501127,452157,85842,104635,500,219,198,37,46,0.438,0.395,0.075,0.092,0.101,0.044,0.04,0.008,0.009
195,Namibia,Country,2017,1107771,468675,425122,82015,131959,478,202,183,35,57,0.423,0.384,0.074,0.119,0.101,0.043,0.039,0.007,0.012
195,Namibia,Country,2018,1052068,443452,407302,79554,121759,448,189,173,34,52,0.422,0.387,0.076,0.116,0.096,0.04,0.037,0.007,0.011
195,Namibia,Country,2019,1007476,442770,402549,78301,83857,424,186,169,33,35,0.44,0.399,0.078,0.083,0.094,0.041,0.038,0.007,0.008
195,Namibia,Country,2020,1058721,489109,367205,71544,130863,440,203,153,30,54,0.462,0.347,0.068,0.124,0.109,0.051,0.038,0.007,0.014
195,Namibia,Country,2021,1106294,496722,389430,81453,138689,456,205,160,34,57,0.449,0.352,0.074,0.125,0.113,0.051,0.04,0.008,0.014
195,Namibia,Country,2022,1119532,501381,414378,88500,115274,450,202,167,36,46,0.448,0.37,0.079,0.103,0.109,0.049,0.04,0.009,0.011
369,Nauru,Country,1995,28112,25942,0,2138,32,2667,2461,0,203,3,0.922,0,0.077,0.001,0.177,0.163,0,0.013,0
369,Nauru,Country,1996,25329,23362,0,1965,2,2390,2204,0,185,0,0.922,0,0.078,0,0.18,0.166,0,0.014,0
369,Nauru,Country,1997,23071,21249,0,1801,20,2166,1995,0,169,2,0.921,0,0.078,0.001,0.178,0.164,0,0.014,0
369,Nauru,Country,1998,20749,19101,0,1636,13,1940,1786,0,153,1,0.921,0,0.079,0.001,0.18,0.166,0,0.014,0
369,Nauru,Country,1999,18282,16769,0,1484,29,1704,1563,0,138,3,0.917,0,0.081,0.002,0.169,0.155,0,0.014,0
369,Nauru,Country,2000,16072,14682,0,1358,32,1494,1365,0,126,3,0.914,0,0.084,0.002,0.158,0.145,0,0.013,0
369,Nauru,Country,2001,12409,11149,0,1223,37,1151,1034,0,113,3,0.899,0,0.098,0.003,0.13,0.117,0,0.013,0
369,Nauru,Country,2002,9889,8731,0,1115,43,917,810,0,103,4,0.883,0,0.112,0.004,0.114,0.101,0,0.013,0.001
369,Nauru,Country,2003,7610,6508,0,1025,76,706,604,0,95,7,0.856,0,0.134,0.01,0.087,0.075,0,0.012,0.001
369,Nauru,Country,2004,6019,4894,0,954,171,559,455,0,89,16,0.814,0,0.158,0.028,0.072,0.059,0,0.011,0.002
369,Nauru,Country,2005,9089,7356,0,996,736,846,685,0,93,69,0.81,0,0.109,0.081,0.114,0.092,0,0.013,0.009
369,Nauru,Country,2006,11436,7738,0,973,2725,1067,722,0,91,254,0.677,0,0.085,0.238,0.147,0.099,0,0.012,0.035
369,Nauru,Country,2007,15992,9264,0,952,5775,1496,867,0,89,540,0.579,0,0.059,0.361,0.238,0.138,0,0.014,0.086
369,Nauru,Country,2008,15585,10056,0,973,4556,1461,943,0,91,427,0.645,0,0.062,0.292,0.166,0.107,0,0.01,0.048
369,Nauru,Country,2009,11707,6676,0,907,4123,1100,627,0,85,387,0.57,0,0.077,0.352,0.139,0.079,0,0.011,0.049
369,Nauru,Country,2010,11731,6400,0,906,4424,1103,602,0,85,416,0.546,0,0.077,0.377,0.138,0.075,0,0.011,0.052
369,Nauru,Country,2011,11916,4588,0,892,6436,1121,432,0,84,606,0.385,0,0.075,0.54,0.124,0.048,0,0.009,0.067
369,Nauru,Country,2012,10836,4866,0,970,4999,1019,458,0,91,470,0.449,0,0.089,0.462,0.094,0.042,0,0.008,0.043
369,Nauru,Country,2013,11282,6890,814,1320,2257,1059,647,76,124,212,0.611,0.072,0.117,0.2,0.096,0.058,0.007,0.011,0.019
369,Nauru,Country,2014,14745,7763,426,1416,5141,1381,727,40,133,482,0.527,0.029,0.096,0.349,0.107,0.056,0.003,0.01,0.037
369,Nauru,Country,2015,12266,10832,14,1421,0,1146,1012,1,133,0,0.883,0.001,0.116,0,0.089,0.079,0,0.01,0
369,Nauru,Country,2016,17478,12387,0,1354,3737,1627,1153,0,126,348,0.709,0,0.077,0.214,0.125,0.088,0,0.01,0.027
369,Nauru,Country,2017,15561,12689,0,1286,1586,1442,1176,0,119,147,0.816,0,0.082,0.102,0.12,0.098,0,0.01,0.012
369,Nauru,Country,2018,14338,12180,0,1245,913,1323,1124,0,115,84,0.85,0,0.087,0.064,0.111,0.094,0,0.01,0.007
369,Nauru,Country,2019,15271,14010,0,1261,0,1402,1286,0,116,0,0.918,0,0.082,0,0.107,0.098,0,0.009,0
369,Nauru,Country,2020,16736,13421,1599,1716,0,1527,1225,146,157,0,0.802,0.095,0.102,0,0.116,0.093,0.011,0.012,0
369,Nauru,Country,2021,16474,13903,802,1769,0,1472,1243,72,158,0,0.844,0.049,0.107,0,0.105,0.089,0.005,0.011,0
369,Nauru,Country,2022,26047,23419,636,1993,0,2316,2082,57,177,0,0.899,0.024,0.076,0,0.163,0.146,0.004,0.012,0
164,Nepal,Country,1995,459076,92608,41679,304317,20473,21,4,2,14,1,0.203,0.091,0.661,0.045,0.039,0.008,0.004,0.026,0.002
164,Nepal,Country,1996,491496,96947,43784,325846,24918,22,4,2,15,1,0.198,0.089,0.661,0.051,0.04,0.008,0.004,0.026,0.002
164,Nepal,Country,1997,544558,101793,45888,345480,51398,24,5,2,15,2,0.188,0.084,0.633,0.095,0.042,0.008,0.004,0.027,0.004
164,Nepal,Country,1998,582156,109802,48082,358975,65298,25,5,2,16,3,0.189,0.082,0.615,0.113,0.044,0.008,0.004,0.027,0.005
164,Nepal,Country,1999,564169,105633,46741,353915,57880,24,5,2,15,2,0.188,0.083,0.626,0.103,0.04,0.008,0.003,0.025,0.004
164,Nepal,Country,2000,520854,100464,44092,326747,49551,22,4,2,14,2,0.193,0.084,0.627,0.096,0.035,0.007,0.003,0.022,0.003
164,Nepal,Country,2001,570445,113802,47419,337026,72197,23,5,2,14,3,0.2,0.083,0.59,0.127,0.036,0.007,0.003,0.021,0.005
164,Nepal,Country,2002,583058,123909,49961,349574,59614,24,5,2,14,2,0.213,0.085,0.599,0.103,0.037,0.008,0.003,0.022,0.004
164,Nepal,Country,2003,618956,122207,51266,357176,88307,25,5,2,14,4,0.197,0.083,0.577,0.143,0.037,0.007,0.003,0.022,0.005
164,Nepal,Country,2004,627663,127966,55334,367626,76737,25,5,2,14,3,0.204,0.088,0.586,0.123,0.036,0.007,0.003,0.021,0.004
164,Nepal,Country,2005,664802,139344,59803,375718,89937,26,5,2,14,3,0.21,0.09,0.565,0.136,0.036,0.008,0.003,0.021,0.005
164,Nepal,Country,2006,677730,139521,59063,381542,97604,26,5,2,15,4,0.206,0.087,0.563,0.144,0.036,0.007,0.003,0.02,0.005
164,Nepal,Country,2007,739256,152606,61002,428649,96999,28,6,2,16,4,0.206,0.082,0.58,0.132,0.037,0.008,0.003,0.022,0.005
164,Nepal,Country,2008,863514,157561,64575,473709,167668,32,6,2,18,6,0.182,0.074,0.549,0.195,0.041,0.007,0.003,0.022,0.008
164,Nepal,Country,2009,924763,189079,82911,525257,127516,34,7,3,19,5,0.204,0.089,0.568,0.138,0.041,0.008,0.004,0.023,0.006
164,Nepal,Country,2010,1067088,192138,108857,580328,185765,39,7,4,21,7,0.18,0.101,0.544,0.174,0.045,0.008,0.005,0.024,0.008
164,Nepal,Country,2011,1127399,199076,130070,640197,158055,40,7,5,23,6,0.177,0.115,0.568,0.14,0.045,0.008,0.005,0.026,0.006
164,Nepal,Country,2012,1218958,211101,142924,702992,161941,43,7,5,25,6,0.173,0.117,0.577,0.133,0.046,0.008,0.005,0.027,0.006
164,Nepal,Country,2013,1317078,210521,140145,776129,190284,46,7,5,27,7,0.16,0.106,0.59,0.145,0.048,0.008,0.005,0.028,0.007
164,Nepal,Country,2014,1477002,235846,152673,855626,232857,51,8,5,30,8,0.16,0.103,0.58,0.158,0.05,0.008,0.005,0.029,0.008
164,Nepal,Country,2015,1555986,259144,161812,907746,227284,53,9,6,31,8,0.167,0.103,0.584,0.146,0.051,0.008,0.005,0.03,0.007
164,Nepal,Country,2016,1528560,280810,158570,907502,181677,52,10,5,31,6,0.184,0.103,0.594,0.119,0.049,0.009,0.005,0.029,0.006
164,Nepal,Country,2017,1549037,334954,131412,912054,170617,52,11,4,31,6,0.216,0.084,0.589,0.11,0.046,0.01,0.004,0.027,0.005
164,Nepal,Country,2018,1694348,387316,124197,931768,251067,56,13,4,31,8,0.229,0.073,0.55,0.148,0.046,0.011,0.003,0.025,0.007
164,Nepal,Country,2019,1767587,405252,121254,958535,282546,58,13,4,31,9,0.229,0.068,0.542,0.16,0.045,0.01,0.003,0.024,0.007
164,Nepal,Country,2020,2070582,563903,127426,1019257,359996,67,18,4,33,12,0.272,0.061,0.492,0.174,0.055,0.015,0.003,0.027,0.009
164,Nepal,Country,2021,2538872,671691,70404,1032990,763787,83,22,2,34,25,0.265,0.028,0.407,0.301,0.065,0.017,0.002,0.027,0.02
164,Nepal,Country,2022,2600135,842658,68858,1476438,212181,83,27,2,47,7,0.324,0.026,0.568,0.082,0.063,0.02,0.002,0.036,0.005
89,Netherlands,Country,1995,70235025,43770609,17796073,8668344,0,4556,2839,1154,562,0,0.623,0.253,0.123,0,0.107,0.067,0.027,0.013,0
89,Netherlands,Country,1996,68761811,42985258,16822212,8954341,0,4435,2772,1085,578,0,0.625,0.245,0.13,0,0.101,0.063,0.025,0.013,0
89,Netherlands,Country,1997,68975308,43877145,16187014,8911149,0,4423,2813,1038,571,0,0.636,0.235,0.129,0,0.097,0.062,0.023,0.013,0
89,Netherlands,Country,1998,67796372,44100380,15269875,8426116,0,4321,2810,973,537,0,0.651,0.225,0.124,0,0.091,0.059,0.021,0.011,0
89,Netherlands,Country,1999,66834292,44589824,14393599,7850869,0,4233,2824,912,497,0,0.667,0.215,0.117,0,0.086,0.057,0.018,0.01,0
89,Netherlands,Country,2000,65363174,44593099,13448043,7322032,0,4114,2807,846,461,0,0.682,0.206,0.112,0,0.08,0.055,0.017,0.009,0
89,Netherlands,Country,2001,67608974,46881649,13576488,7150837,0,4230,2933,849,447,0,0.693,0.201,0.106,0,0.081,0.056,0.016,0.009,0
89,Netherlands,Country,2002,71281292,49808553,14299662,7173078,0,4435,3099,890,446,0,0.699,0.201,0.101,0,0.086,0.06,0.017,0.009,0
89,Netherlands,Country,2003,75274995,52627074,15355752,7292168,0,4660,3258,951,451,0,0.699,0.204,0.097,0,0.09,0.063,0.018,0.009,0
89,Netherlands,Country,2004,77308809,53270771,16631264,7406774,0,4765,3283,1025,456,0,0.689,0.215,0.096,0,0.091,0.063,0.02,0.009,0
89,Netherlands,Country,2005,78895666,53377315,18120246,7398105,0,4844,3277,1112,454,0,0.677,0.23,0.094,0,0.091,0.062,0.021,0.009,0
89,Netherlands,Country,2006,82169110,54779752,20095714,7293644,0,5027,3352,1230,446,0,0.667,0.245,0.089,0,0.091,0.061,0.022,0.008,0
89,Netherlands,Country,2007,84212957,55722713,21044919,7445325,0,5135,3398,1283,454,0,0.662,0.25,0.088,0,0.09,0.06,0.022,0.008,0
89,Netherlands,Country,2008,87412968,58333903,21061577,8017488,0,5311,3544,1280,487,0,0.667,0.241,0.092,0,0.091,0.061,0.022,0.008,0
89,Netherlands,Country,2009,92632517,62994642,21265204,8372672,0,5606,3812,1287,507,0,0.68,0.23,0.09,0,0.101,0.068,0.023,0.009,0
89,Netherlands,Country,2010,94724536,64803796,21126395,8794345,0,5709,3905,1273,530,0,0.684,0.223,0.093,0,0.102,0.07,0.023,0.009,0
89,Netherlands,Country,2011,95868902,65629511,20844708,9394682,0,5754,3939,1251,564,0,0.685,0.217,0.098,0,0.101,0.069,0.022,0.01,0
89,Netherlands,Country,2012,98210290,67383239,20649390,10177661,0,5871,4028,1234,608,0,0.686,0.21,0.104,0,0.105,0.072,0.022,0.011,0
89,Netherlands,Country,2013,99571142,68207139,20398747,10965256,0,5929,4062,1215,653,0,0.685,0.205,0.11,0,0.106,0.073,0.022,0.012,0
89,Netherlands,Country,2014,99775975,67532513,20893774,11349689,0,5919,4006,1239,673,0,0.677,0.209,0.114,0,0.105,0.071,0.022,0.012,0
89,Netherlands,Country,2015,99436345,66141038,21911718,11383589,0,5876,3909,1295,673,0,0.665,0.22,0.114,0,0.102,0.068,0.023,0.012,0
89,Netherlands,Country,2016,99676091,65463016,22911337,11301739,0,5870,3855,1349,666,0,0.657,0.23,0.113,0,0.1,0.066,0.023,0.011,0
89,Netherlands,Country,2017,101190714,65865222,24086004,11239488,0,5939,3866,1414,660,0,0.651,0.238,0.111,0,0.099,0.065,0.024,0.011,0
89,Netherlands,Country,2018,103950769,68002867,24741096,11206806,0,6083,3979,1448,656,0,0.654,0.238,0.108,0,0.1,0.065,0.024,0.011,0
89,Netherlands,Country,2019,106854941,70278697,25343472,11232772,0,6236,4101,1479,656,0,0.658,0.237,0.105,0,0.101,0.066,0.024,0.011,0
89,Netherlands,Country,2020,113260960,78123376,24640851,10496733,0,6594,4548,1435,611,0,0.69,0.218,0.093,0,0.112,0.077,0.024,0.01,0
89,Netherlands,Country,2021,119388047,83434170,24806156,11147722,0,6928,4842,1440,647,0,0.699,0.208,0.093,0,0.111,0.077,0.023,0.01,0
89,Netherlands,Country,2022,112310402,77006969,24049919,11253514,0,6476,4440,1387,649,0,0.686,0.214,0.1,0,0.099,0.068,0.021,0.01,0
72,New Zealand,Country,1995,9191416,6902787,905492,1383137,0,2516,1889,248,379,0,0.751,0.099,0.15,0,0.079,0.059,0.008,0.012,0
72,New Zealand,Country,1996,9455381,7074748,945860,1434773,0,2542,1902,254,386,0,0.748,0.1,0.152,0,0.078,0.059,0.008,0.012,0
72,New Zealand,Country,1997,9834750,7352564,988027,1494159,0,2602,1946,261,395,0,0.748,0.1,0.152,0,0.079,0.059,0.008,0.012,0
72,New Zealand,Country,1998,10244830,7664052,1017671,1563106,0,2681,2006,266,409,0,0.748,0.099,0.153,0,0.082,0.061,0.008,0.012,0
72,New Zealand,Country,1999,10429325,7778798,1031520,1619006,0,2712,2023,268,421,0,0.746,0.099,0.155,0,0.079,0.059,0.008,0.012,0
72,New Zealand,Country,2000,10569660,7857645,1038063,1673952,0,2736,2034,269,433,0,0.743,0.098,0.158,0,0.078,0.058,0.008,0.012,0
72,New Zealand,Country,2001,10828659,8025196,1041859,1761604,0,2790,2068,268,454,0,0.741,0.096,0.163,0,0.077,0.057,0.007,0.013,0
72,New Zealand,Country,2002,11441631,8550894,1061091,1829645,0,2910,2175,270,465,0,0.747,0.093,0.16,0,0.078,0.058,0.007,0.013,0
72,New Zealand,Country,2003,12125474,9162612,1095992,1866871,0,3019,2281,273,465,0,0.756,0.09,0.154,0,0.079,0.06,0.007,0.012,0
72,New Zealand,Country,2004,12867816,9831543,1147895,1888378,0,3147,2404,281,462,0,0.764,0.089,0.147,0,0.08,0.061,0.007,0.012,0
72,New Zealand,Country,2005,13859473,10695868,1232998,1930607,0,3348,2584,298,466,0,0.772,0.089,0.139,0,0.084,0.065,0.007,0.012,0
72,New Zealand,Country,2006,14757547,11470604,1326063,1960880,0,3524,2739,317,468,0,0.777,0.09,0.133,0,0.087,0.068,0.008,0.012,0
72,New Zealand,Country,2007,15167145,11814341,1407642,1945162,0,3578,2787,332,459,0,0.779,0.093,0.128,0,0.086,0.067,0.008,0.011,0
72,New Zealand,Country,2008,15965727,12437065,1509089,2019573,0,3720,2898,352,471,0,0.779,0.095,0.126,0,0.091,0.071,0.009,0.012,0
72,New Zealand,Country,2009,16547589,12898392,1599869,2049328,0,3807,2968,368,471,0,0.779,0.097,0.124,0,0.094,0.073,0.009,0.012,0
72,New Zealand,Country,2010,17254888,13547283,1639214,2068392,0,3922,3079,373,470,0,0.785,0.095,0.12,0,0.097,0.076,0.009,0.012,0
72,New Zealand,Country,2011,17486229,13753668,1628518,2104043,0,3939,3099,367,474,0,0.787,0.093,0.12,0,0.096,0.075,0.009,0.012,0
72,New Zealand,Country,2012,17611202,13776558,1663286,2171357,0,3945,3086,373,486,0,0.782,0.094,0.123,0,0.094,0.074,0.009,0.012,0
72,New Zealand,Country,2013,17985276,13955206,1768696,2261374,0,4002,3105,394,503,0,0.776,0.098,0.126,0,0.094,0.073,0.009,0.012,0
72,New Zealand,Country,2014,18529983,14215295,1924294,2390394,0,4077,3128,423,526,0,0.767,0.104,0.129,0,0.094,0.072,0.01,0.012,0
72,New Zealand,Country,2015,19080337,14410734,2145127,2524476,0,4128,3118,464,546,0,0.755,0.112,0.132,0,0.093,0.071,0.011,0.012,0
72,New Zealand,Country,2016,19540886,14633259,2278786,2628841,0,4145,3104,483,558,0,0.749,0.117,0.135,0,0.092,0.069,0.011,0.012,0
72,New Zealand,Country,2017,19865240,14856157,2336112,2672970,0,4129,3088,486,556,0,0.748,0.118,0.135,0,0.091,0.068,0.011,0.012,0
72,New Zealand,Country,2018,20643589,15462464,2488101,2693025,0,4212,3155,508,550,0,0.749,0.121,0.13,0,0.091,0.068,0.011,0.012,0
72,New Zealand,Country,2019,22285689,16841800,2703689,2740200,0,4469,3377,542,549,0,0.756,0.121,0.123,0,0.096,0.072,0.012,0.012,0
72,New Zealand,Country,2020,23260260,18103799,2497176,2659286,0,4567,3555,490,522,0,0.778,0.107,0.114,0,0.1,0.078,0.011,0.011,0
72,New Zealand,Country,2021,24528091,18935546,2766019,2826527,0,4721,3645,532,544,0,0.772,0.113,0.115,0,0.099,0.077,0.011,0.011,0
72,New Zealand,Country,2022,25197993,20487414,1783405,2927173,0,4816,3916,341,560,0,0.813,0.071,0.116,0,0.099,0.08,0.007,0.011,0
131,Nicaragua,Country,1995,481271,219872,14998,198615,47786,108,49,3,45,11,0.457,0.031,0.412,0.1,0.074,0.034,0.002,0.031,0.007
131,Nicaragua,Country,1996,505149,207662,14873,205062,77552,111,46,3,45,17,0.411,0.029,0.406,0.154,0.073,0.03,0.002,0.03,0.011
131,Nicaragua,Country,1997,473328,187273,14598,206659,64799,102,40,3,44,14,0.396,0.031,0.436,0.137,0.066,0.026,0.002,0.029,0.009
131,Nicaragua,Country,1998,474883,184670,15008,210602,64604,100,39,3,44,14,0.389,0.032,0.443,0.136,0.063,0.025,0.002,0.028,0.009
131,Nicaragua,Country,1999,556410,190258,15798,211292,139063,115,39,3,44,29,0.342,0.028,0.379,0.25,0.069,0.024,0.002,0.026,0.017
131,Nicaragua,Country,2000,510587,209958,17505,209755,73370,104,43,4,43,15,0.411,0.034,0.41,0.144,0.061,0.025,0.002,0.025,0.009
131,Nicaragua,Country,2001,506692,212795,18701,211357,63839,101,42,4,42,13,0.42,0.037,0.417,0.126,0.059,0.025,0.002,0.024,0.007
131,Nicaragua,Country,2002,523802,217108,18799,219498,68396,103,43,4,43,13,0.415,0.036,0.419,0.131,0.06,0.025,0.002,0.025,0.008
131,Nicaragua,Country,2003,571841,239500,19907,226875,85559,111,46,4,44,17,0.419,0.035,0.396,0.15,0.064,0.027,0.002,0.025,0.01
131,Nicaragua,Country,2004,587926,246461,17027,237402,87035,112,47,3,45,17,0.419,0.029,0.403,0.148,0.062,0.026,0.002,0.025,0.009
131,Nicaragua,Country,2005,635503,268484,16022,252231,98767,119,50,3,47,19,0.422,0.025,0.397,0.156,0.065,0.027,0.002,0.026,0.01
131,Nicaragua,Country,2006,685691,295739,15820,273776,100355,127,55,3,51,19,0.431,0.023,0.399,0.147,0.067,0.029,0.002,0.027,0.01
131,Nicaragua,Country,2007,748505,327183,16220,298175,106926,136,60,3,54,19,0.437,0.022,0.398,0.143,0.07,0.03,0.002,0.028,0.01
131,Nicaragua,Country,2008,808074,358306,17263,315769,116737,145,64,3,57,21,0.443,0.021,0.391,0.145,0.073,0.032,0.002,0.028,0.01
131,Nicaragua,Country,2009,851012,392777,18863,325418,113953,151,70,3,58,20,0.461,0.022,0.382,0.134,0.079,0.036,0.002,0.03,0.011
131,Nicaragua,Country,2010,847341,409699,19737,332708,85197,148,71,3,58,15,0.483,0.023,0.392,0.101,0.075,0.036,0.002,0.03,0.008
131,Nicaragua,Country,2011,890455,446074,20891,345251,78238,153,77,4,59,13,0.501,0.023,0.388,0.088,0.074,0.037,0.002,0.029,0.007
131,Nicaragua,Country,2012,960404,488825,22478,361986,87114,163,83,4,61,15,0.509,0.023,0.377,0.091,0.076,0.038,0.002,0.028,0.007
131,Nicaragua,Country,2013,1029866,531210,24149,378868,95639,172,89,4,63,16,0.516,0.023,0.368,0.093,0.077,0.04,0.002,0.028,0.007
131,Nicaragua,Country,2014,1083050,583909,25477,396803,76861,178,96,4,65,13,0.539,0.023,0.366,0.071,0.077,0.042,0.002,0.028,0.005
131,Nicaragua,Country,2015,1183370,645549,26392,414406,97023,192,105,4,67,16,0.546,0.022,0.35,0.082,0.08,0.044,0.002,0.028,0.007
131,Nicaragua,Country,2016,1293938,716252,26570,431003,120113,207,114,4,69,19,0.554,0.021,0.333,0.093,0.084,0.046,0.002,0.028,0.008
131,Nicaragua,Country,2017,1330477,769406,26414,443521,91136,210,121,4,70,14,0.578,0.02,0.333,0.069,0.082,0.048,0.002,0.027,0.006
131,Nicaragua,Country,2018,1363677,800885,25708,443492,93592,212,124,4,69,15,0.587,0.019,0.325,0.069,0.087,0.051,0.002,0.028,0.006
131,Nicaragua,Country,2019,1405844,810765,24682,437564,132833,216,124,4,67,20,0.577,0.018,0.311,0.095,0.092,0.053,0.002,0.029,0.009
131,Nicaragua,Country,2020,1404847,799095,23439,416786,165526,213,121,4,63,25,0.569,0.017,0.297,0.118,0.094,0.054,0.002,0.028,0.011
131,Nicaragua,Country,2021,1767012,1002848,25622,487180,251362,265,150,4,73,38,0.567,0.014,0.276,0.142,0.107,0.061,0.002,0.03,0.015
131,Nicaragua,Country,2022,1613194,879465,26256,544779,162694,239,130,4,81,24,0.545,0.016,0.337,0.101,0.095,0.052,0.002,0.032,0.01
213,Niger,Country,1995,231893,53070,14786,134839,29198,25,6,2,14,3,0.23,0.064,0.579,0.127,0.051,0.012,0.003,0.03,0.006
213,Niger,Country,1996,232419,52346,14929,136914,28231,24,5,2,14,3,0.226,0.064,0.587,0.123,0.05,0.011,0.003,0.03,0.006
213,Niger,Country,1997,241688,58318,15678,141388,26303,24,6,2,14,3,0.242,0.065,0.583,0.11,0.052,0.012,0.003,0.03,0.006
213,Niger,Country,1998,257893,62313,16345,147466,31768,25,6,2,14,3,0.242,0.063,0.57,0.124,0.05,0.012,0.003,0.028,0.006
213,Niger,Country,1999,250883,66334,16908,152395,15248,23,6,2,14,1,0.265,0.067,0.606,0.061,0.048,0.013,0.003,0.029,0.003
213,Niger,Country,2000,256107,62867,16433,153207,23600,23,6,1,14,2,0.246,0.064,0.596,0.093,0.05,0.012,0.003,0.03,0.005
213,Niger,Country,2001,273183,65288,16980,160290,30625,23,6,1,14,3,0.24,0.062,0.585,0.113,0.05,0.012,0.003,0.029,0.006
213,Niger,Country,2002,293559,71129,17993,169003,35433,24,6,1,14,3,0.243,0.061,0.574,0.122,0.051,0.012,0.003,0.029,0.006
213,Niger,Country,2003,327250,73173,18342,175342,60393,26,6,1,14,5,0.224,0.056,0.534,0.186,0.055,0.012,0.003,0.029,0.01
213,Niger,Country,2004,342676,86396,19623,183796,52860,26,7,2,14,4,0.253,0.057,0.535,0.155,0.058,0.015,0.003,0.031,0.009
213,Niger,Country,2005,364815,98182,20887,193506,52240,27,7,2,14,4,0.27,0.057,0.529,0.144,0.057,0.015,0.003,0.03,0.008
213,Niger,Country,2006,419066,103751,21544,201049,92721,30,7,2,14,7,0.248,0.051,0.479,0.222,0.062,0.015,0.003,0.03,0.014
213,Niger,Country,2007,423950,112075,22306,208112,81456,29,8,2,14,6,0.264,0.052,0.49,0.193,0.062,0.016,0.003,0.03,0.012
213,Niger,Country,2008,474616,111708,22302,215708,124899,31,7,1,14,8,0.235,0.047,0.454,0.264,0.064,0.015,0.003,0.029,0.017
213,Niger,Country,2009,464686,114858,22136,225277,102414,29,7,1,14,6,0.247,0.047,0.485,0.221,0.061,0.015,0.003,0.03,0.013
213,Niger,Country,2010,426493,99859,19711,231287,75636,26,6,1,14,5,0.234,0.046,0.542,0.178,0.052,0.012,0.002,0.028,0.009
213,Niger,Country,2011,453473,102379,17146,238174,95774,27,6,1,14,6,0.226,0.038,0.525,0.211,0.053,0.012,0.002,0.028,0.011
213,Niger,Country,2012,421185,105946,13356,243646,58237,24,6,1,14,3,0.251,0.032,0.579,0.138,0.045,0.011,0.001,0.026,0.006
213,Niger,Country,2013,480701,123749,13140,253743,90068,26,7,1,14,5,0.257,0.027,0.528,0.187,0.048,0.012,0.001,0.026,0.009
213,Niger,Country,2014,569936,139045,15515,265978,149398,30,7,1,14,8,0.244,0.027,0.467,0.262,0.054,0.013,0.001,0.025,0.014
213,Niger,Country,2015,567738,151030,17456,283364,115887,29,8,1,14,6,0.266,0.031,0.499,0.204,0.051,0.014,0.002,0.026,0.01
213,Niger,Country,2016,595893,149447,18099,295389,132959,29,7,1,14,6,0.251,0.03,0.496,0.223,0.051,0.013,0.002,0.025,0.011
213,Niger,Country,2017,685896,186062,23150,321051,155633,32,9,1,15,7,0.271,0.034,0.468,0.227,0.056,0.015,0.002,0.026,0.013
213,Niger,Country,2018,840240,227570,28446,343592,240633,38,10,1,15,11,0.271,0.034,0.409,0.286,0.063,0.017,0.002,0.026,0.018
213,Niger,Country,2019,958814,264433,28898,365417,300065,41,11,1,16,13,0.276,0.03,0.381,0.313,0.068,0.019,0.002,0.026,0.021
213,Niger,Country,2020,1089649,329048,33470,387545,339586,45,14,1,16,14,0.302,0.031,0.356,0.312,0.074,0.022,0.002,0.026,0.023
213,Niger,Country,2021,1494860,313996,64643,361515,754706,60,13,3,14,30,0.21,0.043,0.242,0.505,0.1,0.021,0.004,0.024,0.05
213,Niger,Country,2022,918389,256786,49615,287769,324219,35,10,2,11,12,0.28,0.054,0.313,0.353,0.055,0.015,0.003,0.017,0.019
214,Nigeria,Country,1995,2976935,627185,184313,2128494,36943,28,6,2,20,0,0.212,0.062,0.713,0.013,0.031,0.007,0.002,0.022,0
214,Nigeria,Country,1996,3038254,598707,182517,2214044,42986,28,6,2,20,0,0.198,0.06,0.727,0.014,0.03,0.006,0.002,0.022,0
214,Nigeria,Country,1997,3210582,660061,190510,2312038,47973,29,6,2,21,0,0.207,0.06,0.719,0.015,0.031,0.006,0.002,0.022,0
214,Nigeria,Country,1998,3423302,718707,195221,2434687,74687,30,6,2,21,1,0.211,0.057,0.71,0.022,0.032,0.007,0.002,0.023,0.001
214,Nigeria,Country,1999,3541823,786718,196853,2461024,97228,30,7,2,21,1,0.223,0.056,0.693,0.028,0.033,0.007,0.002,0.023,0.001
214,Nigeria,Country,2000,3780430,833103,192984,2453793,300549,31,7,2,20,2,0.221,0.051,0.648,0.08,0.033,0.007,0.002,0.021,0.003
214,Nigeria,Country,2001,4105767,1047493,218070,2697659,142545,32,8,2,21,1,0.256,0.053,0.656,0.035,0.033,0.009,0.002,0.022,0.001
214,Nigeria,Country,2002,4240537,870803,204520,2987142,178071,32,7,2,23,1,0.206,0.048,0.703,0.042,0.03,0.006,0.001,0.021,0.001
214,Nigeria,Country,2003,5756784,1238962,243211,4067211,207399,43,9,2,30,2,0.216,0.042,0.705,0.036,0.037,0.008,0.002,0.026,0.001
214,Nigeria,Country,2004,6661162,1326815,255243,4729366,349738,48,10,2,34,3,0.2,0.038,0.709,0.053,0.039,0.008,0.002,0.028,0.002
214,Nigeria,Country,2005,7497292,1478468,271353,5311061,436410,52,10,2,37,3,0.198,0.036,0.707,0.059,0.041,0.008,0.001,0.029,0.002
214,Nigeria,Country,2006,7600323,1203843,252720,5553173,590587,51,8,2,37,4,0.159,0.033,0.729,0.078,0.039,0.006,0.001,0.029,0.003
214,Nigeria,Country,2007,8377052,1498454,285683,5953507,639408,55,10,2,39,4,0.18,0.034,0.709,0.077,0.04,0.007,0.001,0.029,0.003
214,Nigeria,Country,2008,8529088,1247479,269824,6053894,957891,54,8,2,38,6,0.147,0.032,0.708,0.113,0.038,0.006,0.001,0.027,0.004
214,Nigeria,Country,2009,9118144,1266381,275991,6350927,1224845,56,8,2,39,8,0.14,0.03,0.695,0.135,0.038,0.005,0.001,0.026,0.005
214,Nigeria,Country,2010,9185467,1310605,275873,6681416,917574,55,8,2,40,5,0.143,0.03,0.726,0.1,0.034,0.005,0.001,0.025,0.003
214,Nigeria,Country,2011,9769144,1427740,275128,7086296,979980,56,8,2,41,6,0.147,0.028,0.724,0.101,0.035,0.005,0.001,0.025,0.003
214,Nigeria,Country,2012,10316237,1435443,259874,7455679,1165241,58,8,1,42,7,0.14,0.025,0.722,0.113,0.035,0.005,0.001,0.025,0.004
214,Nigeria,Country,2013,11305342,1519283,250747,7900298,1635015,62,8,1,43,9,0.135,0.022,0.698,0.145,0.036,0.005,0.001,0.025,0.005
214,Nigeria,Country,2014,11549394,1608601,240206,8401579,1299009,61,8,1,44,7,0.14,0.021,0.727,0.113,0.035,0.005,0.001,0.025,0.004
214,Nigeria,Country,2015,12268113,1608240,208787,8871838,1579247,63,8,1,45,8,0.131,0.017,0.723,0.129,0.036,0.005,0.001,0.026,0.005
214,Nigeria,Country,2016,11908820,1510568,168143,8914131,1315978,59,8,1,44,7,0.127,0.014,0.748,0.111,0.035,0.004,0,0.026,0.004
214,Nigeria,Country,2017,12126238,1714956,140706,8870082,1400493,59,8,1,43,7,0.142,0.012,0.731,0.116,0.035,0.005,0,0.026,0.004
214,Nigeria,Country,2018,11612578,1735688,122699,8247646,1506544,55,8,1,39,7,0.15,0.011,0.71,0.13,0.033,0.005,0,0.023,0.004
214,Nigeria,Country,2019,11045857,1663633,117702,7666909,1597613,50,8,1,35,7,0.151,0.011,0.694,0.145,0.031,0.005,0,0.021,0.004
214,Nigeria,Country,2020,12277254,1709521,97523,8524646,1945563,55,8,0,38,9,0.139,0.008,0.694,0.159,0.034,0.005,0,0.024,0.005
214,Nigeria,Country,2021,15491697,1863274,408756,10579833,2639835,68,8,2,46,12,0.12,0.026,0.683,0.171,0.042,0.005,0.001,0.029,0.007
214,Nigeria,Country,2022,16086471,2183294,437924,11258506,2206746,68,9,2,48,9,0.136,0.027,0.699,0.137,0.042,0.006,0.001,0.029,0.006
374,Niue,Country,1995,3490,3284,0,206,0,1603,1508,0,95,0,0.94,0,0.06,0,0.18,0.169,0,0.011,0
374,Niue,Country,1996,3536,3329,0,207,0,1648,1551,0,97,0,0.941,0,0.059,0,0.179,0.168,0,0.01,0
374,Niue,Country,1997,3684,3476,0,208,0,1750,1651,0,99,0,0.943,0,0.057,0,0.183,0.173,0,0.01,0
374,Niue,Country,1998,3849,3640,0,209,0,1876,1774,0,102,0,0.945,0,0.055,0,0.192,0.182,0,0.01,0
374,Niue,Country,1999,3949,3741,0,208,0,1986,1881,0,105,0,0.947,0,0.053,0,0.199,0.189,0,0.01,0
374,Niue,Country,2000,4045,3836,0,209,0,2104,1995,0,109,0,0.948,0,0.052,0,0.203,0.193,0,0.01,0
374,Niue,Country,2001,5808,5575,0,233,0,3128,3002,0,126,0,0.959,0,0.041,0,0.292,0.281,0,0.012,0
374,Niue,Country,2002,5049,4824,0,225,0,2814,2688,0,125,0,0.955,0,0.045,0,0.256,0.245,0,0.011,0
374,Niue,Country,2003,4519,4296,0,223,0,2601,2473,0,128,0,0.95,0,0.05,0,0.212,0.201,0,0.01,0
374,Niue,Country,2004,5531,5300,0,231,0,3277,3141,0,137,0,0.958,0,0.042,0,0.267,0.256,0,0.011,0
374,Niue,Country,2005,6090,5847,0,243,0,3696,3549,0,147,0,0.96,0,0.04,0,0.266,0.255,0,0.011,0
374,Niue,Country,2006,7374,7111,0,264,0,4554,4391,0,163,0,0.964,0,0.036,0,0.329,0.318,0,0.012,0
374,Niue,Country,2007,6570,6313,0,257,0,4098,3938,0,160,0,0.961,0,0.039,0,0.293,0.282,0,0.011,0
374,Niue,Country,2008,5681,5430,0,250,0,3558,3401,0,157,0,0.956,0,0.044,0,0.257,0.246,0,0.011,0
374,Niue,Country,2009,5076,4835,0,242,0,3179,3027,0,151,0,0.952,0,0.048,0,0.256,0.244,0,0.012,0
374,Niue,Country,2010,4680,4449,0,231,0,2921,2777,0,144,0,0.95,0,0.05,0,0.234,0.222,0,0.012,0
374,Niue,Country,2011,4016,3796,0,219,0,2495,2359,0,136,0,0.945,0,0.055,0,0.198,0.187,0,0.011,0
374,Niue,Country,2012,3154,2952,0,201,0,1950,1826,0,125,0,0.935,0,0.064,0,0.155,0.145,0,0.01,0
374,Niue,Country,2013,2956,2761,0,195,0,1820,1700,0,120,0,0.933,0,0.067,0,0.131,0.122,0,0.009,0
374,Niue,Country,2014,2583,2393,0,190,0,1583,1466,0,117,0,0.925,0,0.074,0,0.108,0.1,0,0.008,0
374,Niue,Country,2015,2265,2079,0,186,0,1382,1269,0,113,0,0.917,0,0.083,0,0.093,0.086,0,0.008,0
374,Niue,Country,2016,2229,2044,0,184,0,1355,1243,0,112,0,0.916,0,0.084,0,0.09,0.083,0,0.007,0
374,Niue,Country,2017,2114,1932,0,182,0,1280,1170,0,110,0,0.913,0,0.087,0,0.086,0.079,0,0.007,0
374,Niue,Country,2018,2041,1859,0,182,0,1232,1122,0,110,0,0.91,0,0.09,0,0.078,0.071,0,0.007,0
374,Niue,Country,2019,2022,1835,0,186,0,1216,1104,0,112,0,0.907,0,0.093,0,0.074,0.067,0,0.007,0
374,Niue,Country,2020,2828,2612,0,216,0,1696,1566,0,130,0,0.922,0,0.078,0,0.1,0.092,0,0.008,0
374,Niue,Country,2021,2724,2502,0,221,0,1617,1485,0,131,0,0.918,0,0.082,0,0.091,0.083,0,0.007,0
374,Niue,Country,2022,2630,2408,0,222,0,1546,1416,0,131,0,0.914,0,0.086,0,0.084,0.077,0,0.007,0
49,North Macedonia,Country,1995,646993,373780,5536,251523,16153,324,187,3,126,8,0.578,0.009,0.389,0.025,0.087,0.05,0.001,0.034,0.002
49,North Macedonia,Country,1996,648117,379369,5598,254016,9134,325,190,3,128,5,0.585,0.009,0.392,0.014,0.087,0.051,0.001,0.034,0.001
49,North Macedonia,Country,1997,672038,396984,5771,262244,7039,336,199,3,131,4,0.591,0.009,0.39,0.01,0.089,0.053,0.001,0.035,0.001
49,North Macedonia,Country,1998,700358,408993,5934,274128,11302,348,203,3,136,6,0.584,0.008,0.391,0.016,0.09,0.052,0.001,0.035,0.001
49,North Macedonia,Country,1999,726817,406161,6032,287126,27498,357,200,3,141,14,0.559,0.008,0.395,0.038,0.088,0.049,0.001,0.035,0.003
49,North Macedonia,Country,2000,715032,394530,6124,303339,11039,347,192,3,147,5,0.552,0.009,0.424,0.015,0.083,0.046,0.001,0.035,0.001
49,North Macedonia,Country,2001,760470,421558,5927,311654,21331,368,204,3,151,10,0.554,0.008,0.41,0.028,0.091,0.05,0.001,0.037,0.003
49,North Macedonia,Country,2002,758817,427700,5381,320295,5441,366,206,3,155,3,0.564,0.007,0.422,0.007,0.089,0.05,0.001,0.038,0.001
49,North Macedonia,Country,2003,756656,422573,4359,322293,7431,363,203,2,155,4,0.559,0.006,0.426,0.01,0.086,0.048,0,0.037,0.001
49,North Macedonia,Country,2004,749926,418891,4255,313555,13224,358,200,2,150,6,0.559,0.006,0.418,0.018,0.081,0.045,0,0.034,0.001
49,North Macedonia,Country,2005,734853,414790,4527,296730,18805,348,197,2,141,9,0.565,0.006,0.404,0.026,0.075,0.042,0,0.03,0.002
49,North Macedonia,Country,2006,712739,415851,5980,279906,11003,337,197,3,132,5,0.584,0.008,0.393,0.015,0.069,0.04,0.001,0.027,0.001
49,North Macedonia,Country,2007,722575,426327,4505,264455,27287,341,201,2,125,13,0.59,0.006,0.366,0.038,0.065,0.038,0,0.024,0.002
49,North Macedonia,Country,2008,735371,460053,4734,258020,12564,346,216,2,121,6,0.626,0.006,0.351,0.017,0.062,0.039,0,0.022,0.001
49,North Macedonia,Country,2009,734830,464665,5445,260379,4342,344,218,3,122,2,0.632,0.007,0.354,0.006,0.062,0.039,0,0.022,0
49,North Macedonia,Country,2010,757685,466719,6119,268806,16041,354,218,3,125,7,0.616,0.008,0.355,0.021,0.061,0.038,0,0.022,0.001
49,North Macedonia,Country,2011,762021,474062,6135,271661,10163,355,221,3,126,5,0.622,0.008,0.356,0.013,0.06,0.037,0,0.021,0.001
49,North Macedonia,Country,2012,784515,500286,5722,275893,2614,364,232,3,128,1,0.638,0.007,0.352,0.003,0.061,0.039,0,0.022,0
49,North Macedonia,Country,2013,793855,501952,4495,280131,7276,368,232,2,130,3,0.632,0.006,0.353,0.009,0.06,0.038,0,0.021,0.001
49,North Macedonia,Country,2014,809119,513493,3973,288904,2748,373,237,2,133,1,0.635,0.005,0.357,0.003,0.058,0.037,0,0.021,0
49,North Macedonia,Country,2015,851336,535446,4037,305029,6825,392,247,2,141,3,0.629,0.005,0.358,0.008,0.059,0.037,0,0.021,0
49,North Macedonia,Country,2016,862186,530439,4023,324787,2937,397,244,2,150,1,0.615,0.005,0.377,0.003,0.058,0.035,0,0.022,0
49,North Macedonia,Country,2017,899840,541432,4640,351232,2537,413,249,2,161,1,0.602,0.005,0.39,0.003,0.059,0.035,0,0.023,0
49,North Macedonia,Country,2018,922444,544007,5372,371448,1616,423,249,2,170,1,0.59,0.006,0.403,0.002,0.058,0.034,0,0.023,0
49,North Macedonia,Country,2019,996657,593840,6416,394368,2033,456,272,3,180,1,0.596,0.006,0.396,0.002,0.06,0.036,0,0.024,0
49,North Macedonia,Country,2020,1058929,630596,7772,411533,9028,485,289,4,188,4,0.595,0.007,0.389,0.009,0.066,0.039,0,0.026,0.001
49,North Macedonia,Country,2021,1222601,653898,46910,502757,19035,568,304,22,234,9,0.535,0.038,0.411,0.016,0.073,0.039,0.003,0.03,0.001
49,North Macedonia,Country,2022,1114982,628725,33510,442827,9921,523,295,16,208,5,0.564,0.03,0.397,0.009,0.065,0.037,0.002,0.026,0.001
376,Northern Mariana Islands,Country,1995,17013,10563,199,6251,0,349,217,4,128,0,0.62,0.012,0.368,0,0.012,0.007,0,0.004,0
376,Northern Mariana Islands,Country,1996,18015,11203,209,6603,0,349,217,4,128,0,0.621,0.012,0.367,0,0.012,0.007,0,0.004,0
376,Northern Mariana Islands,Country,1997,19400,12049,216,7134,0,345,214,4,127,0,0.621,0.011,0.368,0,0.011,0.007,0,0.004,0
376,Northern Mariana Islands,Country,1998,20967,12968,217,7781,0,338,209,4,125,0,0.618,0.01,0.371,0,0.011,0.007,0,0.004,0
376,Northern Mariana Islands,Country,1999,22500,13845,211,8444,0,330,203,3,124,0,0.615,0.009,0.376,0,0.011,0.007,0,0.004,0
376,Northern Mariana Islands,Country,2000,23584,14468,197,8920,0,325,199,3,123,0,0.613,0.008,0.379,0,0.011,0.007,0,0.004,0
376,Northern Mariana Islands,Country,2001,23724,14556,198,8970,0,325,199,3,123,0,0.613,0.008,0.379,0,0.011,0.007,0,0.004,0
376,Northern Mariana Islands,Country,2002,23076,14205,212,8659,0,331,204,3,124,0,0.615,0.009,0.376,0,0.011,0.007,0,0.004,0
376,Northern Mariana Islands,Country,2003,22496,13931,242,8324,0,344,213,4,127,0,0.618,0.011,0.371,0,0.011,0.007,0,0.004,0
376,Northern Mariana Islands,Country,2004,22341,13914,287,8140,0,357,222,5,130,0,0.622,0.013,0.365,0,0.012,0.007,0,0.004,0
376,Northern Mariana Islands,Country,2005,22336,13997,339,8001,0,367,230,6,131,0,0.626,0.015,0.359,0,0.013,0.008,0,0.005,0
376,Northern Mariana Islands,Country,2006,22400,14098,399,7904,0,375,236,7,132,0,0.628,0.018,0.354,0,0.014,0.009,0,0.005,0
376,Northern Mariana Islands,Country,2007,22156,13936,464,7756,0,376,237,8,132,0,0.628,0.021,0.351,0,0.015,0.009,0,0.005,0
376,Northern Mariana Islands,Country,2008,21417,13402,532,7483,0,370,232,9,129,0,0.625,0.025,0.35,0,0.016,0.01,0,0.006,0
376,Northern Mariana Islands,Country,2009,20080,12471,566,7043,0,355,220,10,125,0,0.62,0.028,0.352,0,0.018,0.011,0.001,0.006,0
376,Northern Mariana Islands,Country,2010,18989,11715,594,6680,0,345,213,11,121,0,0.616,0.032,0.353,0,0.017,0.01,0.001,0.006,0
376,Northern Mariana Islands,Country,2011,17928,11003,606,6319,0,335,205,11,118,0,0.613,0.034,0.353,0,0.018,0.011,0.001,0.006,0
376,Northern Mariana Islands,Country,2012,17099,10459,616,6024,0,327,200,12,115,0,0.611,0.036,0.353,0,0.017,0.01,0.001,0.006,0
376,Northern Mariana Islands,Country,2013,16704,10226,634,5844,0,325,199,12,114,0,0.611,0.038,0.351,0,0.016,0.01,0.001,0.006,0
376,Northern Mariana Islands,Country,2014,16883,10419,658,5806,0,333,206,13,115,0,0.616,0.039,0.345,0,0.016,0.01,0.001,0.005,0
376,Northern Mariana Islands,Country,2015,17704,11113,691,5900,0,352,221,14,117,0,0.626,0.039,0.334,0,0.016,0.01,0.001,0.005,0
376,Northern Mariana Islands,Country,2016,19417,12398,760,6259,0,389,249,15,125,0,0.637,0.04,0.323,0,0.013,0.009,0.001,0.004,0
376,Northern Mariana Islands,Country,2017,21984,14241,878,6864,0,444,287,18,138,0,0.646,0.04,0.314,0,0.012,0.008,0,0.004,0
376,Northern Mariana Islands,Country,2018,23200,15178,922,7100,0,471,308,19,144,0,0.652,0.04,0.307,0,0.016,0.01,0.001,0.005,0
376,Northern Mariana Islands,Country,2019,23716,15640,929,7147,0,484,319,19,146,0,0.658,0.04,0.303,0,0.018,0.012,0.001,0.005,0
376,Northern Mariana Islands,Country,2020,22908,15211,873,6824,0,470,312,18,140,0,0.662,0.038,0.299,0,0.025,0.016,0.001,0.007,0
376,Northern Mariana Islands,Country,2021,22295,14905,829,6561,0,459,307,17,135,0,0.667,0.038,0.296,0,0.023,0.015,0.001,0.007,0
376,Northern Mariana Islands,Country,2022,21932,14777,801,6354,0,450,303,16,130,0,0.672,0.037,0.291,0,0.019,0.013,0.001,0.005,0
90,Norway,Country,1995,19898974,16439457,59496,3400021,0,4571,3777,14,781,0,0.826,0.003,0.171,0,0.07,0.058,0,0.012,0
90,Norway,Country,1996,21400695,17530624,66626,3803445,0,4889,4005,15,869,0,0.819,0.003,0.178,0,0.072,0.059,0,0.013,0
90,Norway,Country,1997,23695951,19223823,75552,4396576,0,5383,4367,17,999,0,0.811,0.003,0.186,0,0.076,0.061,0,0.014,0
90,Norway,Country,1998,26559141,21666599,85000,4807542,0,5999,4894,19,1086,0,0.816,0.003,0.181,0,0.083,0.067,0,0.015,0
90,Norway,Country,1999,27540017,22535774,89215,4915028,0,6184,5061,20,1104,0,0.818,0.003,0.178,0,0.084,0.069,0,0.015,0
90,Norway,Country,2000,26885216,21935930,89434,4859852,0,6002,4897,20,1085,0,0.816,0.003,0.181,0,0.079,0.065,0,0.014,0
90,Norway,Country,2001,28489647,23462652,83570,4943425,0,6324,5208,19,1097,0,0.824,0.003,0.174,0,0.082,0.068,0,0.014,0
90,Norway,Country,2002,31025673,25741814,84414,5199445,0,6850,5683,19,1148,0,0.83,0.003,0.168,0,0.089,0.073,0,0.015,0
90,Norway,Country,2003,32597331,27163565,79326,5354440,0,7157,5964,17,1176,0,0.833,0.002,0.164,0,0.092,0.077,0,0.015,0
90,Norway,Country,2004,32223895,26789310,73759,5360826,0,7031,5845,16,1170,0,0.831,0.002,0.166,0,0.088,0.073,0,0.015,0
90,Norway,Country,2005,31359176,26041322,70066,5247788,0,6795,5643,15,1137,0,0.83,0.002,0.167,0,0.083,0.069,0,0.014,0
90,Norway,Country,2006,31063247,25868319,67575,5127353,0,6678,5561,15,1102,0,0.833,0.002,0.165,0,0.08,0.067,0,0.013,0
90,Norway,Country,2007,31853748,26668919,69676,5115152,0,6784,5680,15,1089,0,0.837,0.002,0.161,0,0.08,0.067,0,0.013,0
90,Norway,Country,2008,31986761,26790398,71312,5125051,0,6739,5644,15,1080,0,0.838,0.002,0.16,0,0.08,0.067,0,0.013,0
90,Norway,Country,2009,35212994,29846407,87941,5278646,0,7331,6213,18,1099,0,0.848,0.002,0.15,0,0.09,0.076,0,0.013,0
90,Norway,Country,2010,35145296,29762324,100535,5282437,0,7225,6118,21,1086,0,0.847,0.003,0.15,0,0.089,0.076,0,0.013,0
90,Norway,Country,2011,35109567,29697756,122067,5289744,0,7126,6028,25,1074,0,0.846,0.003,0.151,0,0.088,0.075,0,0.013,0
90,Norway,Country,2012,35633170,30158894,139541,5334735,0,7142,6045,28,1069,0,0.846,0.004,0.15,0,0.087,0.074,0,0.013,0
90,Norway,Country,2013,37248351,31635782,144973,5467597,0,7375,6263,29,1082,0,0.849,0.004,0.147,0,0.09,0.077,0,0.013,0
90,Norway,Country,2014,39775399,33879508,147069,5748822,0,7783,6630,29,1125,0,0.852,0.004,0.145,0,0.094,0.08,0,0.014,0
90,Norway,Country,2015,43233031,36940173,153811,6139047,0,8368,7150,30,1188,0,0.854,0.004,0.142,0,0.101,0.086,0,0.014,0
90,Norway,Country,2016,45754271,39146586,159526,6448159,0,8769,7503,31,1236,0,0.856,0.003,0.141,0,0.105,0.09,0,0.015,0
90,Norway,Country,2017,45825420,39116100,161122,6548197,0,8705,7430,31,1244,0,0.854,0.004,0.143,0,0.103,0.088,0,0.015,0
90,Norway,Country,2018,45467028,38791547,160293,6515188,0,8567,7309,30,1228,0,0.853,0.004,0.143,0,0.101,0.086,0,0.014,0
90,Norway,Country,2019,47628962,40839661,169990,6619311,0,8909,7639,32,1238,0,0.857,0.004,0.139,0,0.104,0.089,0,0.014,0
90,Norway,Country,2020,51470779,44261380,125855,7083544,0,9561,8222,23,1316,0,0.86,0.002,0.138,0,0.114,0.098,0,0.016,0
90,Norway,Country,2021,45988095,39512306,113985,6361804,0,8437,7249,21,1167,0,0.859,0.002,0.138,0,0.097,0.084,0,0.013,0
90,Norway,Country,2022,38361403,32861618,95809,5403975,0,6995,5992,17,985,0,0.857,0.002,0.141,0,0.079,0.068,0,0.011,0
150,Oman,Country,1995,1599443,1350015,95116,154313,0,726,612,43,70,0,0.844,0.06,0.097,0,0.035,0.029,0.002,0.003,0
150,Oman,Country,1996,1571031,1315625,96109,159296,0,703,589,43,71,0,0.837,0.061,0.102,0,0.033,0.028,0.002,0.003,0
150,Oman,Country,1997,1591986,1325972,98880,167135,0,704,586,44,74,0,0.833,0.062,0.105,0,0.031,0.026,0.002,0.003,0
150,Oman,Country,1998,1713546,1431302,104881,177322,41,750,626,46,78,0,0.835,0.061,0.104,0,0.033,0.028,0.002,0.003,0
150,Oman,Country,1999,1638429,1359434,102855,176105,36,710,589,45,76,0,0.83,0.063,0.108,0,0.032,0.027,0.002,0.003,0
150,Oman,Country,2000,1516530,1247785,98729,170000,17,651,536,42,73,0,0.823,0.065,0.112,0,0.028,0.023,0.002,0.003,0
150,Oman,Country,2001,1547096,1278131,101459,167497,9,658,544,43,71,0,0.826,0.066,0.108,0,0.027,0.023,0.002,0.003,0
150,Oman,Country,2002,1540535,1275071,102787,162668,9,648,537,43,68,0,0.828,0.067,0.106,0,0.028,0.023,0.002,0.003,0
150,Oman,Country,2003,1485479,1225378,101702,158336,64,618,510,42,66,0,0.825,0.069,0.107,0,0.027,0.022,0.002,0.003,0
150,Oman,Country,2004,1441734,1186564,100508,154597,65,592,487,41,63,0,0.823,0.07,0.107,0,0.026,0.021,0.002,0.003,0
150,Oman,Country,2005,1320032,1076675,95650,147683,24,533,435,39,60,0,0.815,0.073,0.112,0,0.023,0.019,0.002,0.003,0
150,Oman,Country,2006,1302128,1056332,96908,148888,0,516,419,38,59,0,0.811,0.075,0.114,0,0.022,0.018,0.002,0.003,0
150,Oman,Country,2007,1369123,1108290,104015,156818,0,531,430,40,61,0,0.809,0.076,0.115,0,0.022,0.018,0.002,0.003,0
150,Oman,Country,2008,1315994,1042655,107239,166099,0,497,394,40,63,0,0.792,0.082,0.126,0,0.019,0.015,0.002,0.002,0
150,Oman,Country,2009,1682555,1368050,126690,187814,0,616,501,46,69,0,0.813,0.075,0.112,0,0.023,0.019,0.002,0.003,0
150,Oman,Country,2010,1698451,1382826,125900,189726,0,601,489,45,67,0,0.814,0.074,0.112,0,0.023,0.019,0.002,0.003,0
150,Oman,Country,2011,1880841,1566833,126713,187296,0,639,532,43,64,0,0.833,0.067,0.1,0,0.026,0.022,0.002,0.003,0
150,Oman,Country,2012,2159209,1846360,128527,184323,0,703,601,42,60,0,0.855,0.06,0.085,0,0.03,0.026,0.002,0.003,0
150,Oman,Country,2013,2448829,2142814,128425,177590,0,761,666,40,55,0,0.875,0.052,0.073,0,0.033,0.029,0.002,0.002,0
150,Oman,Country,2014,2918847,2597668,137735,183444,0,864,769,41,54,0,0.89,0.047,0.063,0,0.039,0.034,0.002,0.002,0
150,Oman,Country,2015,3570488,3204493,164122,201873,0,1006,903,46,57,0,0.897,0.046,0.057,0,0.045,0.04,0.002,0.003,0
150,Oman,Country,2016,3922547,3517729,187833,216985,0,1051,942,50,58,0,0.897,0.048,0.055,0,0.047,0.042,0.002,0.003,0
150,Oman,Country,2017,3759954,3337927,200991,221036,0,958,851,51,56,0,0.888,0.053,0.059,0,0.044,0.039,0.002,0.003,0
150,Oman,Country,2018,3669843,3230120,220080,219643,0,891,784,53,53,0,0.88,0.06,0.06,0,0.041,0.036,0.002,0.002,0
150,Oman,Country,2019,3791968,3327799,239284,224885,0,878,771,55,52,0,0.878,0.063,0.059,0,0.041,0.036,0.003,0.002,0
150,Oman,Country,2020,4921082,4384178,280858,256046,0,1090,971,62,57,0,0.891,0.057,0.052,0,0.051,0.046,0.003,0.003,0
150,Oman,Country,2021,4330169,3771990,291645,266534,0,922,803,62,57,0,0.871,0.067,0.062,0,0.042,0.037,0.003,0.003,0
150,Oman,Country,2022,3198091,2696105,261679,240307,0,675,569,55,51,0,0.843,0.082,0.075,0,0.03,0.026,0.002,0.002,0
165,Pakistan,Country,1995,2757914,851399,57,1713688,192770,22,7,0,14,2,0.31,0,0.619,0.071,0.027,0.008,0,0.017,0.002
165,Pakistan,Country,1996,2942363,909683,141,1791690,240850,23,7,0,14,2,0.311,0,0.606,0.083,0.027,0.008,0,0.016,0.002
165,Pakistan,Country,1997,2946255,908000,698,1854119,183439,23,7,0,14,1,0.31,0,0.627,0.063,0.026,0.008,0,0.016,0.002
165,Pakistan,Country,1998,3045544,959174,12457,1963451,110462,23,7,0,15,1,0.317,0.004,0.642,0.037,0.026,0.008,0,0.017,0.001
165,Pakistan,Country,1999,3155044,979914,53262,2018631,103238,23,7,0,15,1,0.312,0.017,0.638,0.033,0.026,0.008,0,0.016,0.001
165,Pakistan,Country,2000,3310477,1067076,117128,2033588,92686,24,8,1,15,1,0.324,0.036,0.612,0.028,0.026,0.008,0.001,0.016,0.001
165,Pakistan,Country,2001,3416352,1042582,176522,2018962,178287,24,7,1,14,1,0.306,0.052,0.589,0.053,0.026,0.008,0.001,0.015,0.001
165,Pakistan,Country,2002,3627678,1093466,230272,2064394,239547,25,8,2,14,2,0.302,0.064,0.567,0.067,0.026,0.008,0.002,0.015,0.002
165,Pakistan,Country,2003,3450113,928318,251975,2129165,140656,23,6,2,14,1,0.27,0.073,0.615,0.041,0.024,0.006,0.002,0.015,0.001
165,Pakistan,Country,2004,3753488,874464,278870,2338071,262084,25,6,2,15,2,0.234,0.074,0.621,0.071,0.024,0.006,0.002,0.015,0.002
165,Pakistan,Country,2005,4167320,888297,307292,2721871,249860,27,6,2,17,2,0.214,0.074,0.651,0.061,0.025,0.005,0.002,0.016,0.001
165,Pakistan,Country,2006,4707977,918237,324631,3132506,332603,29,6,2,20,2,0.196,0.069,0.663,0.071,0.026,0.005,0.002,0.018,0.002
165,Pakistan,Country,2007,5089876,962472,331334,3366198,429872,31,6,2,20,3,0.19,0.065,0.659,0.085,0.027,0.005,0.002,0.018,0.002
165,Pakistan,Country,2008,5411494,1026481,326761,3464587,593664,32,6,2,20,4,0.19,0.061,0.638,0.111,0.028,0.005,0.002,0.018,0.003
165,Pakistan,Country,2009,5364193,1057621,302461,3467577,536534,31,6,2,20,3,0.198,0.057,0.644,0.101,0.027,0.005,0.002,0.018,0.003
165,Pakistan,Country,2010,5452836,1150031,283968,3453217,565620,31,6,2,19,3,0.212,0.052,0.631,0.105,0.027,0.006,0.001,0.017,0.003
165,Pakistan,Country,2011,5187492,1187332,266839,3391035,342287,28,6,1,18,2,0.23,0.052,0.652,0.067,0.025,0.006,0.001,0.016,0.002
165,Pakistan,Country,2012,5703376,1387647,259981,3487276,568472,30,7,1,19,3,0.244,0.046,0.61,0.101,0.026,0.006,0.001,0.016,0.003
165,Pakistan,Country,2013,6179976,1522234,228342,3691725,737675,32,8,1,19,4,0.247,0.037,0.595,0.12,0.027,0.007,0.001,0.016,0.003
165,Pakistan,Country,2014,6158551,1584420,202295,3893295,478541,31,8,1,20,2,0.258,0.033,0.63,0.078,0.026,0.007,0.001,0.016,0.002
165,Pakistan,Country,2015,6722132,1755991,226158,4104290,635693,33,9,1,20,3,0.262,0.034,0.609,0.095,0.027,0.007,0.001,0.016,0.003
165,Pakistan,Country,2016,7459667,1954201,259527,4301085,944853,36,9,1,21,5,0.263,0.035,0.575,0.128,0.028,0.007,0.001,0.016,0.004
165,Pakistan,Country,2017,8033225,2342880,292561,4566922,830862,37,11,1,21,4,0.292,0.037,0.567,0.104,0.029,0.008,0.001,0.016,0.003
165,Pakistan,Country,2018,8685217,2591648,310293,4783398,999879,39,12,1,22,5,0.299,0.036,0.549,0.116,0.029,0.009,0.001,0.016,0.003
165,Pakistan,Country,2019,8852910,2789264,321046,4961575,781025,39,12,1,22,3,0.316,0.036,0.559,0.089,0.029,0.009,0.001,0.016,0.003
165,Pakistan,Country,2020,9836692,3095960,298699,4991061,1450972,43,13,1,22,6,0.315,0.03,0.506,0.149,0.032,0.01,0.001,0.016,0.005
165,Pakistan,Country,2021,10853055,3539158,203318,4881636,2228943,46,15,1,21,9,0.326,0.019,0.448,0.207,0.033,0.011,0.001,0.015,0.007
165,Pakistan,Country,2022,9517238,3770799,128362,4690901,927177,40,16,1,20,4,0.396,0.014,0.492,0.098,0.028,0.011,0,0.014,0.003
380,Palau,Country,1995,16449,11384,1731,3313,20,941,652,99,190,1,0.691,0.105,0.202,0.001,0.061,0.042,0.006,0.012,0
380,Palau,Country,1996,16905,11701,1786,3417,1,941,651,99,190,0,0.692,0.106,0.203,0,0.056,0.039,0.006,0.011,0
380,Palau,Country,1997,17627,12250,1835,3529,13,956,664,100,191,1,0.695,0.104,0.201,0.001,0.057,0.04,0.006,0.011,0
380,Palau,Country,1998,18360,12840,1880,3632,8,971,679,99,192,0,0.699,0.102,0.198,0,0.058,0.041,0.006,0.011,0
380,Palau,Country,1999,22042,13012,1886,3688,3457,1140,673,98,191,179,0.59,0.086,0.167,0.157,0.073,0.043,0.006,0.012,0.011
380,Palau,Country,2000,18478,12899,1860,3699,20,937,654,94,188,1,0.698,0.101,0.2,0.001,0.063,0.044,0.006,0.013,0
380,Palau,Country,2001,17368,11772,1848,3725,23,868,588,92,186,1,0.678,0.106,0.215,0.001,0.056,0.038,0.006,0.012,0
380,Palau,Country,2002,17776,11883,1989,3877,27,879,587,98,192,1,0.668,0.112,0.218,0.002,0.055,0.037,0.006,0.012,0
380,Palau,Country,2003,20467,12121,2215,4061,2069,1006,596,109,200,102,0.592,0.108,0.198,0.101,0.064,0.038,0.007,0.013,0.006
380,Palau,Country,2004,21397,12464,2615,4340,1977,1052,613,129,213,97,0.582,0.122,0.203,0.092,0.066,0.038,0.008,0.013,0.006
380,Palau,Country,2005,20841,10817,3150,4720,2154,1030,535,156,233,107,0.519,0.151,0.227,0.103,0.063,0.033,0.01,0.014,0.007
380,Palau,Country,2006,22018,11535,3853,4988,1641,1103,578,193,250,82,0.524,0.175,0.227,0.075,0.067,0.035,0.012,0.015,0.005
380,Palau,Country,2007,21840,11776,4573,5112,379,1114,601,233,261,19,0.539,0.209,0.234,0.017,0.065,0.035,0.014,0.015,0.001
380,Palau,Country,2008,22425,10746,4648,5093,1938,1169,560,242,265,101,0.479,0.207,0.227,0.086,0.071,0.034,0.015,0.016,0.006
380,Palau,Country,2009,23312,10855,4691,5286,2480,1242,578,250,282,132,0.466,0.201,0.227,0.106,0.08,0.037,0.016,0.018,0.008
380,Palau,Country,2010,24876,12420,4929,5744,1784,1353,675,268,312,97,0.499,0.198,0.231,0.072,0.086,0.043,0.017,0.02,0.006
380,Palau,Country,2011,24495,12424,5035,5825,1211,1355,687,278,322,67,0.507,0.206,0.238,0.049,0.081,0.041,0.017,0.019,0.004
380,Palau,Country,2012,25622,13346,5614,5739,922,1434,747,314,321,52,0.521,0.219,0.224,0.036,0.083,0.043,0.018,0.019,0.003
380,Palau,Country,2013,27039,13785,6115,5565,1574,1519,774,343,313,88,0.51,0.226,0.206,0.058,0.089,0.045,0.02,0.018,0.005
380,Palau,Country,2014,27504,14649,6552,5530,774,1543,822,368,310,43,0.533,0.238,0.201,0.028,0.087,0.046,0.021,0.018,0.002
380,Palau,Country,2015,27208,14231,6838,5646,493,1521,796,382,316,28,0.523,0.251,0.208,0.018,0.079,0.042,0.02,0.016,0.001
380,Palau,Country,2016,29066,15513,7812,5742,0,1620,865,435,320,0,0.534,0.269,0.198,0,0.084,0.045,0.023,0.017,0
380,Palau,Country,2017,29507,15450,8295,5762,0,1641,859,461,320,0,0.524,0.281,0.195,0,0.088,0.046,0.025,0.017,0
380,Palau,Country,2018,32005,16872,9092,5863,178,1775,936,504,325,10,0.527,0.284,0.183,0.006,0.095,0.05,0.027,0.017,0.001
380,Palau,Country,2019,35334,19259,9847,6053,175,1956,1066,545,335,10,0.545,0.279,0.171,0.005,0.105,0.057,0.029,0.018,0.001
380,Palau,Country,2020,34902,18581,8692,7438,191,1930,1027,481,411,11,0.532,0.249,0.213,0.005,0.11,0.059,0.027,0.023,0.001
380,Palau,Country,2021,35217,18099,8389,7240,1489,1938,996,462,398,82,0.514,0.238,0.206,0.042,0.127,0.065,0.03,0.026,0.005
380,Palau,Country,2022,36229,16413,7617,6577,5622,1998,905,420,363,310,0.453,0.21,0.182,0.155,0.132,0.06,0.028,0.024,0.021
149,Palestine,Country,1995,587201,197817,129020,237307,23057,236,80,52,95,9,0.338,0.219,0.404,0.04,0.095,0.032,0.021,0.039,0.004
149,Palestine,Country,1996,631096,207054,137483,243268,43291,244,80,53,94,17,0.328,0.217,0.386,0.069,0.102,0.034,0.022,0.039,0.007
149,Palestine,Country,1997,674629,212800,149127,250932,61770,251,79,55,93,23,0.316,0.22,0.372,0.092,0.096,0.03,0.021,0.036,0.009
149,Palestine,Country,1998,699065,222774,165092,263017,48183,250,80,59,94,17,0.319,0.236,0.376,0.069,0.086,0.027,0.02,0.032,0.006
149,Palestine,Country,1999,748242,238271,183762,277801,48408,257,82,63,96,17,0.319,0.245,0.371,0.065,0.084,0.027,0.021,0.031,0.005
149,Palestine,Country,2000,799577,254178,198233,288799,58367,265,84,66,96,19,0.318,0.248,0.361,0.073,0.098,0.031,0.024,0.035,0.007
149,Palestine,Country,2001,810694,273426,204655,294991,37622,259,87,65,94,12,0.337,0.252,0.364,0.046,0.108,0.037,0.027,0.039,0.005
149,Palestine,Country,2002,827328,293066,195864,295635,42762,255,90,60,91,13,0.354,0.237,0.357,0.052,0.125,0.044,0.03,0.045,0.006
149,Palestine,Country,2003,884055,301706,180654,314024,87671,263,90,54,93,26,0.341,0.204,0.355,0.099,0.116,0.04,0.024,0.041,0.012
149,Palestine,Country,2004,1046222,388576,207456,363509,86681,301,112,60,105,25,0.371,0.198,0.347,0.083,0.112,0.042,0.022,0.039,0.009
149,Palestine,Country,2005,1140759,448666,208902,403986,79205,318,125,58,113,22,0.393,0.183,0.354,0.069,0.109,0.043,0.02,0.039,0.008
149,Palestine,Country,2006,1161718,467154,202201,422636,69727,314,126,55,114,19,0.402,0.174,0.364,0.06,0.111,0.045,0.019,0.041,0.007
149,Palestine,Country,2007,1238964,500062,199097,433304,106501,325,131,52,114,28,0.404,0.161,0.35,0.086,0.114,0.046,0.018,0.04,0.01
149,Palestine,Country,2008,1330622,533696,212054,466935,117938,340,136,54,119,30,0.401,0.159,0.351,0.089,0.114,0.046,0.018,0.04,0.01
149,Palestine,Country,2009,1428318,606120,230746,522434,69017,355,151,57,130,17,0.424,0.162,0.366,0.048,0.113,0.048,0.018,0.041,0.005
149,Palestine,Country,2010,1436132,567058,232021,559142,77911,348,138,56,136,19,0.395,0.162,0.389,0.054,0.107,0.042,0.017,0.042,0.006
149,Palestine,Country,2011,1602788,607359,260778,657093,77558,379,144,62,155,18,0.379,0.163,0.41,0.048,0.109,0.041,0.018,0.045,0.005
149,Palestine,Country,2012,1660289,613083,268673,703104,75428,384,142,62,163,17,0.369,0.162,0.423,0.045,0.107,0.039,0.017,0.045,0.005
149,Palestine,Country,2013,1689336,640853,267174,728639,52670,382,145,60,165,12,0.379,0.158,0.431,0.031,0.104,0.039,0.016,0.045,0.003
149,Palestine,Country,2014,1717187,679395,252500,726622,58670,380,150,56,161,13,0.396,0.147,0.423,0.034,0.106,0.042,0.016,0.045,0.004
149,Palestine,Country,2015,1663523,672249,245911,712490,32874,361,146,53,154,7,0.404,0.148,0.428,0.02,0.099,0.04,0.015,0.042,0.002
149,Palestine,Country,2016,1679065,679957,257222,701835,40050,357,145,55,149,9,0.405,0.153,0.418,0.024,0.092,0.037,0.014,0.039,0.002
149,Palestine,Country,2017,1779279,710840,264061,693504,110873,371,148,55,145,23,0.4,0.148,0.39,0.062,0.097,0.039,0.014,0.038,0.006
149,Palestine,Country,2018,1782426,725578,269946,685524,101379,365,149,55,140,21,0.407,0.151,0.385,0.057,0.096,0.039,0.015,0.037,0.005
149,Palestine,Country,2019,1785424,757069,275650,675173,77532,359,152,55,136,16,0.424,0.154,0.378,0.043,0.096,0.041,0.015,0.036,0.004
149,Palestine,Country,2020,1726406,655043,307972,625386,138005,342,130,61,124,27,0.379,0.178,0.362,0.08,0.105,0.04,0.019,0.038,0.008
149,Palestine,Country,2021,1925297,803002,336805,587692,197798,375,156,66,114,39,0.417,0.175,0.305,0.103,0.11,0.046,0.019,0.034,0.011
149,Palestine,Country,2022,1792876,775492,234314,638164,144906,344,149,45,122,28,0.433,0.131,0.356,0.081,0.099,0.043,0.013,0.035,0.008
132,Panama,Country,1995,1410534,901507,50727,446654,11646,534,341,19,169,4,0.639,0.036,0.316,0.008,0.079,0.05,0.003,0.025,0.001
132,Panama,Country,1996,1403901,858082,50439,459051,36328,521,318,19,170,13,0.611,0.036,0.327,0.026,0.077,0.047,0.003,0.025,0.002
132,Panama,Country,1997,1460223,912082,54975,468083,25083,531,332,20,170,9,0.625,0.038,0.32,0.017,0.075,0.047,0.003,0.024,0.001
132,Panama,Country,1998,1545142,975370,61337,490428,18007,551,348,22,175,6,0.631,0.04,0.317,0.012,0.074,0.047,0.003,0.024,0.001
132,Panama,Country,1999,1591455,1003047,66584,504574,17251,557,351,23,177,6,0.63,0.042,0.317,0.011,0.073,0.046,0.003,0.023,0.001
132,Panama,Country,2000,1644290,1037174,71186,521820,14111,565,356,24,179,5,0.631,0.043,0.317,0.009,0.073,0.046,0.003,0.023,0.001
132,Panama,Country,2001,1697379,1068007,73543,539276,16552,572,360,25,182,6,0.629,0.043,0.318,0.01,0.075,0.047,0.003,0.024,0.001
132,Panama,Country,2002,1740603,1084698,75363,560217,20325,576,359,25,185,7,0.623,0.043,0.322,0.012,0.075,0.047,0.003,0.024,0.001
132,Panama,Country,2003,1814365,1139623,78699,584491,11552,589,370,26,190,4,0.628,0.043,0.322,0.006,0.075,0.047,0.003,0.024,0
132,Panama,Country,2004,1913256,1198554,82374,620325,12004,610,382,26,198,4,0.627,0.043,0.324,0.006,0.074,0.046,0.003,0.024,0
132,Panama,Country,2005,2015137,1262018,86078,656545,10496,631,395,27,206,3,0.626,0.043,0.326,0.005,0.072,0.045,0.003,0.024,0
132,Panama,Country,2006,2211736,1399883,92959,709212,9683,680,430,29,218,3,0.633,0.042,0.321,0.004,0.073,0.046,0.003,0.023,0
132,Panama,Country,2007,2485875,1600506,100833,775582,8954,750,483,30,234,3,0.644,0.041,0.312,0.004,0.073,0.047,0.003,0.023,0
132,Panama,Country,2008,2762152,1812054,107540,833020,9538,818,537,32,247,3,0.656,0.039,0.302,0.003,0.073,0.048,0.003,0.022,0
132,Panama,Country,2009,2894604,1856200,112080,888049,38274,842,540,33,258,11,0.641,0.039,0.307,0.013,0.076,0.049,0.003,0.023,0.001
132,Panama,Country,2010,3123808,2020454,123685,971466,8203,892,577,35,277,2,0.647,0.04,0.311,0.003,0.077,0.05,0.003,0.024,0
132,Panama,Country,2011,3237813,2032301,138417,1056807,10288,908,570,39,296,3,0.628,0.043,0.326,0.003,0.071,0.045,0.003,0.023,0
132,Panama,Country,2012,3421876,2100953,166334,1133611,20978,943,579,46,312,6,0.614,0.049,0.331,0.006,0.069,0.042,0.003,0.023,0
132,Panama,Country,2013,3723700,2287517,199217,1206030,30936,1008,619,54,326,8,0.614,0.053,0.324,0.008,0.07,0.043,0.004,0.023,0.001
132,Panama,Country,2014,4022595,2463657,239378,1297212,22347,1070,655,64,345,6,0.612,0.059,0.322,0.006,0.072,0.044,0.004,0.023,0
132,Panama,Country,2015,4289694,2592972,267538,1401532,27651,1122,678,70,366,7,0.605,0.062,0.327,0.006,0.073,0.044,0.005,0.024,0
132,Panama,Country,2016,4618712,2793507,293658,1524500,7046,1188,718,76,392,2,0.605,0.064,0.33,0.002,0.074,0.045,0.005,0.025,0
132,Panama,Country,2017,4986835,2986914,315615,1684306,0,1259,754,80,425,0,0.599,0.063,0.338,0,0.076,0.045,0.005,0.026,0
132,Panama,Country,2018,5495627,3234181,332277,1921665,7504,1356,798,82,474,2,0.589,0.06,0.35,0.001,0.08,0.047,0.005,0.028,0
132,Panama,Country,2019,5866294,3358428,339469,2161016,7380,1412,809,82,520,2,0.573,0.058,0.368,0.001,0.082,0.047,0.005,0.03,0
132,Panama,Country,2020,6227932,3336259,364256,2433702,93715,1471,788,86,575,22,0.536,0.058,0.391,0.015,0.105,0.056,0.006,0.041,0.002
132,Panama,Country,2021,6355566,3554394,384048,2409917,7207,1491,834,90,565,2,0.559,0.06,0.379,0.001,0.093,0.052,0.006,0.035,0
132,Panama,Country,2022,6586600,3699794,412025,2467529,7253,1527,857,95,572,2,0.562,0.063,0.375,0.001,0.087,0.049,0.005,0.033,0
26,Papua New Guinea,Country,1995,210647,185589,67,17772,7219,45,39,0,4,2,0.88,0,0.085,0.035,0.016,0.014,0,0.001,0.001
26,Papua New Guinea,Country,1996,285148,194716,70,19128,71234,58,40,0,4,15,0.681,0,0.067,0.251,0.02,0.014,0,0.001,0.005
26,Papua New Guinea,Country,1997,283109,211963,61,20707,50378,56,42,0,4,10,0.747,0,0.073,0.179,0.021,0.016,0,0.002,0.004
26,Papua New Guinea,Country,1998,279401,212277,65,21922,45138,54,41,0,4,9,0.758,0,0.079,0.163,0.02,0.015,0,0.002,0.003
26,Papua New Guinea,Country,1999,377156,223242,65,23674,130175,71,42,0,4,24,0.59,0,0.063,0.346,0.027,0.016,0,0.002,0.009
26,Papua New Guinea,Country,2000,383564,222401,66,25300,135798,70,40,0,5,25,0.578,0,0.066,0.355,0.028,0.016,0,0.002,0.01
26,Papua New Guinea,Country,2001,315004,230894,67,27121,56922,55,41,0,5,10,0.732,0,0.086,0.182,0.023,0.017,0,0.002,0.004
26,Papua New Guinea,Country,2002,335863,229764,70,28930,77099,57,39,0,5,13,0.683,0,0.086,0.231,0.024,0.017,0,0.002,0.006
26,Papua New Guinea,Country,2003,325922,217700,81,29621,78521,54,36,0,5,13,0.667,0,0.091,0.242,0.023,0.015,0,0.002,0.005
26,Papua New Guinea,Country,2004,350638,233328,76,30513,86721,56,37,0,5,14,0.664,0,0.087,0.249,0.024,0.016,0,0.002,0.006
26,Papua New Guinea,Country,2005,373657,250094,73,31087,92403,58,39,0,5,14,0.668,0,0.083,0.248,0.024,0.016,0,0.002,0.006
26,Papua New Guinea,Country,2006,377920,248473,79,31630,97738,57,37,0,5,15,0.656,0,0.084,0.26,0.024,0.016,0,0.002,0.006
26,Papua New Guinea,Country,2007,365104,246786,89,33035,85194,53,36,0,5,12,0.675,0,0.091,0.234,0.021,0.014,0,0.002,0.005
26,Papua New Guinea,Country,2008,415209,262534,88,35270,117316,59,37,0,5,17,0.631,0,0.085,0.284,0.024,0.015,0,0.002,0.007
26,Papua New Guinea,Country,2009,489763,310396,83,40422,138861,67,42,0,6,19,0.633,0,0.083,0.285,0.026,0.017,0,0.002,0.008
26,Papua New Guinea,Country,2010,461629,271572,112,44162,145783,61,36,0,6,19,0.587,0,0.096,0.317,0.023,0.013,0,0.002,0.007
26,Papua New Guinea,Country,2011,560545,305436,107,47641,207362,72,39,0,6,27,0.544,0,0.085,0.371,0.028,0.015,0,0.002,0.01
26,Papua New Guinea,Country,2012,624880,361284,102,48920,214574,78,45,0,6,27,0.577,0,0.078,0.344,0.03,0.017,0,0.002,0.01
26,Papua New Guinea,Country,2013,682612,438214,95,49423,194881,83,53,0,6,24,0.641,0,0.072,0.286,0.031,0.02,0,0.002,0.009
26,Papua New Guinea,Country,2014,678167,461255,104,52330,164479,80,54,0,6,19,0.679,0,0.077,0.243,0.027,0.019,0,0.002,0.007
26,Papua New Guinea,Country,2015,629094,423074,131,55834,150056,72,48,0,6,17,0.672,0,0.089,0.239,0.024,0.016,0,0.002,0.006
26,Papua New Guinea,Country,2016,599183,435047,129,59924,104083,66,48,0,7,11,0.725,0,0.1,0.174,0.022,0.016,0,0.002,0.004
26,Papua New Guinea,Country,2017,594825,421866,132,61157,111670,64,45,0,7,12,0.708,0,0.103,0.189,0.021,0.015,0,0.002,0.004
26,Papua New Guinea,Country,2018,818787,448608,127,63745,306307,85,47,0,7,32,0.547,0,0.078,0.375,0.029,0.016,0,0.002,0.011
26,Papua New Guinea,Country,2019,769908,448256,133,65670,255849,78,45,0,7,26,0.581,0,0.085,0.333,0.026,0.015,0,0.002,0.009
26,Papua New Guinea,Country,2020,949436,485186,132,69003,395114,93,48,0,7,39,0.51,0,0.073,0.417,0.033,0.017,0,0.002,0.014
26,Papua New Guinea,Country,2021,672993,348475,136,69179,255202,64,33,0,7,24,0.517,0,0.103,0.38,0.024,0.012,0,0.002,0.009
26,Papua New Guinea,Country,2022,728723,475300,146,72842,180434,68,44,0,7,17,0.651,0,0.1,0.249,0.024,0.016,0,0.002,0.006
136,Paraguay,Country,1995,860004,305849,54061,499036,1059,186,66,12,108,0,0.356,0.063,0.58,0.001,0.045,0.016,0.003,0.026,0
136,Paraguay,Country,1996,912095,334889,62915,513438,852,193,71,13,109,0,0.367,0.069,0.563,0.001,0.047,0.017,0.003,0.027,0
136,Paraguay,Country,1997,978565,363344,78789,529768,6664,202,75,16,110,1,0.371,0.08,0.542,0.007,0.049,0.018,0.004,0.026,0
136,Paraguay,Country,1998,1041213,383844,85144,541587,30638,211,78,17,110,6,0.369,0.082,0.52,0.029,0.052,0.019,0.004,0.027,0.002
136,Paraguay,Country,1999,1102522,407821,97253,558104,39344,219,81,19,111,8,0.37,0.088,0.506,0.036,0.056,0.021,0.005,0.028,0.002
136,Paraguay,Country,2000,1130096,417481,109533,575427,27655,220,81,21,112,5,0.369,0.097,0.509,0.025,0.058,0.022,0.006,0.03,0.001
136,Paraguay,Country,2001,1092339,391153,112724,570309,18153,208,75,21,109,3,0.358,0.103,0.522,0.017,0.056,0.02,0.006,0.029,0.001
136,Paraguay,Country,2002,1042104,358791,108216,561671,13426,195,67,20,105,3,0.344,0.104,0.539,0.013,0.051,0.018,0.005,0.027,0.001
136,Paraguay,Country,2003,1045005,347015,104721,577681,15588,192,64,19,106,3,0.332,0.1,0.553,0.015,0.049,0.016,0.005,0.027,0.001
136,Paraguay,Country,2004,1084335,360742,101369,607597,14627,195,65,18,109,3,0.333,0.093,0.56,0.014,0.048,0.016,0.004,0.027,0.001
136,Paraguay,Country,2005,1114959,370195,95987,634169,14608,197,66,17,112,3,0.332,0.086,0.569,0.013,0.048,0.016,0.004,0.027,0.001
136,Paraguay,Country,2006,1194733,410087,94708,675335,14602,208,71,16,117,3,0.343,0.079,0.565,0.012,0.049,0.017,0.004,0.028,0.001
136,Paraguay,Country,2007,1259478,428776,91949,716318,22434,215,73,16,122,4,0.341,0.073,0.569,0.018,0.049,0.017,0.004,0.028,0.001
136,Paraguay,Country,2008,1326254,446856,90387,758334,30678,223,75,15,127,5,0.337,0.068,0.572,0.023,0.048,0.016,0.003,0.027,0.001
136,Paraguay,Country,2009,1500540,569638,96644,804527,29731,248,94,16,133,5,0.38,0.064,0.536,0.02,0.054,0.02,0.003,0.029,0.001
136,Paraguay,Country,2010,1621407,633095,106516,844201,37595,264,103,17,137,6,0.391,0.066,0.521,0.023,0.052,0.02,0.003,0.027,0.001
136,Paraguay,Country,2011,1775743,744866,123529,885872,21476,284,119,20,142,3,0.42,0.069,0.499,0.012,0.054,0.023,0.004,0.027,0.001
136,Paraguay,Country,2012,2004026,912654,144391,924076,22906,316,144,23,146,4,0.456,0.072,0.461,0.011,0.062,0.028,0.004,0.028,0.001
136,Paraguay,Country,2013,2078744,946014,161957,952018,18755,323,147,25,148,3,0.455,0.078,0.458,0.009,0.059,0.027,0.005,0.027,0.001
136,Paraguay,Country,2014,2224457,1027205,184696,998060,14496,340,157,28,153,2,0.462,0.083,0.449,0.007,0.06,0.028,0.005,0.027,0
136,Paraguay,Country,2015,2400275,1133965,214455,1037816,14038,362,171,32,156,2,0.473,0.089,0.432,0.006,0.063,0.03,0.006,0.027,0
136,Paraguay,Country,2016,2470502,1146100,239937,1069460,15005,367,170,36,159,2,0.464,0.097,0.433,0.006,0.062,0.029,0.006,0.027,0
136,Paraguay,Country,2017,2573281,1175338,267730,1111413,18800,377,172,39,163,3,0.457,0.104,0.432,0.007,0.062,0.028,0.006,0.027,0
136,Paraguay,Country,2018,2723299,1229765,298927,1157736,36872,394,178,43,167,5,0.452,0.11,0.425,0.014,0.063,0.029,0.007,0.027,0.001
136,Paraguay,Country,2019,2901581,1339472,331675,1197337,33096,414,191,47,171,5,0.462,0.114,0.413,0.011,0.068,0.031,0.008,0.028,0.001
136,Paraguay,Country,2020,3149651,1634200,254758,1146700,113993,444,231,36,162,16,0.519,0.081,0.364,0.036,0.074,0.039,0.006,0.027,0.003
136,Paraguay,Country,2021,3369148,1827655,277478,1182264,81751,468,254,39,164,11,0.543,0.082,0.351,0.024,0.076,0.041,0.006,0.027,0.002
136,Paraguay,Country,2022,3229769,1673421,272462,1233825,50062,444,230,37,170,7,0.518,0.084,0.382,0.016,0.073,0.038,0.006,0.028,0.001
123,Peru,Country,1995,4182551,1990209,283490,1763352,145501,177,84,12,75,6,0.476,0.068,0.421,0.035,0.046,0.022,0.003,0.02,0.002
123,Peru,Country,1996,4264724,2059713,316989,1798561,89461,177,86,13,75,4,0.483,0.074,0.422,0.021,0.046,0.022,0.003,0.019,0.001
123,Peru,Country,1997,4412164,2130410,346393,1847825,87537,181,87,14,76,4,0.483,0.078,0.419,0.02,0.045,0.022,0.004,0.019,0.001
123,Peru,Country,1998,4624515,2264971,371915,1866807,120822,187,91,15,75,5,0.49,0.08,0.404,0.026,0.047,0.023,0.004,0.019,0.001
123,Peru,Country,1999,4816301,2400542,397108,1904755,113896,192,96,16,76,5,0.499,0.082,0.395,0.024,0.049,0.024,0.004,0.019,0.001
123,Peru,Country,2000,4937826,2482588,384134,1931808,139297,194,98,15,76,5,0.503,0.078,0.391,0.028,0.049,0.025,0.004,0.019,0.001
123,Peru,Country,2001,5031956,2541739,397058,1980606,112553,195,99,15,77,4,0.505,0.079,0.394,0.022,0.05,0.025,0.004,0.019,0.001
123,Peru,Country,2002,5190742,2591581,438195,2030164,130802,199,99,17,78,5,0.499,0.084,0.391,0.025,0.048,0.024,0.004,0.019,0.001
123,Peru,Country,2003,5413794,2757510,474561,2038310,143413,205,104,18,77,5,0.51,0.087,0.377,0.027,0.048,0.025,0.004,0.018,0.001
123,Peru,Country,2004,5600179,2870987,495709,2084688,148795,209,107,19,78,6,0.513,0.088,0.372,0.027,0.047,0.024,0.004,0.018,0.001
123,Peru,Country,2005,6054638,3157549,524152,2237964,134974,223,116,19,83,5,0.522,0.086,0.37,0.022,0.048,0.025,0.004,0.018,0.001
123,Peru,Country,2006,6265915,3167334,521234,2478375,98972,228,115,19,90,4,0.506,0.083,0.396,0.016,0.046,0.023,0.004,0.018,0.001
123,Peru,Country,2007,6693908,3277904,542555,2782174,91274,241,118,20,100,3,0.49,0.081,0.416,0.014,0.045,0.022,0.004,0.019,0.001
123,Peru,Country,2008,7533353,3656657,588715,3111725,176256,268,130,21,111,6,0.486,0.078,0.413,0.023,0.046,0.022,0.004,0.019,0.001
123,Peru,Country,2009,8249226,4115116,630095,3332837,171178,290,144,22,117,6,0.499,0.076,0.404,0.021,0.05,0.025,0.004,0.02,0.001
123,Peru,Country,2010,8614637,4367996,659744,3451301,135595,298,151,23,119,5,0.507,0.076,0.401,0.016,0.048,0.024,0.004,0.019,0.001
123,Peru,Country,2011,8783837,4512051,691642,3514047,66097,299,153,24,120,2,0.514,0.079,0.4,0.008,0.045,0.023,0.004,0.018,0
123,Peru,Country,2012,9444543,5024938,759596,3574929,85081,315,167,25,119,3,0.532,0.08,0.378,0.009,0.045,0.024,0.004,0.017,0
123,Peru,Country,2013,10226736,5737053,836018,3565135,88530,332,186,27,116,3,0.561,0.082,0.349,0.009,0.046,0.026,0.004,0.016,0
123,Peru,Country,2014,10930900,6465089,905418,3518125,42268,347,205,29,112,1,0.592,0.083,0.322,0.004,0.047,0.028,0.004,0.015,0
123,Peru,Country,2015,11656811,6915784,954518,3469535,316974,363,215,30,108,10,0.594,0.082,0.298,0.027,0.048,0.029,0.004,0.014,0.001
123,Peru,Country,2016,11537374,7068216,974887,3457816,36455,353,217,30,106,1,0.613,0.084,0.3,0.003,0.046,0.028,0.004,0.014,0
123,Peru,Country,2017,12008241,7457270,1009400,3512395,29176,361,224,30,106,1,0.621,0.084,0.292,0.002,0.046,0.029,0.004,0.014,0
123,Peru,Country,2018,12782647,7947444,1064925,3672317,97961,376,234,31,108,3,0.622,0.083,0.287,0.008,0.047,0.029,0.004,0.014,0
123,Peru,Country,2019,13362846,8357256,1118918,3784862,101810,383,240,32,109,3,0.626,0.084,0.283,0.008,0.048,0.03,0.004,0.014,0
123,Peru,Country,2020,14758113,10029584,1315985,3294700,117844,414,281,37,92,3,0.68,0.089,0.223,0.008,0.059,0.04,0.005,0.013,0
123,Peru,Country,2021,17699604,11673754,1393109,4370464,262277,489,323,39,121,7,0.66,0.079,0.247,0.015,0.062,0.041,0.005,0.015,0.001
123,Peru,Country,2022,16935264,10535860,1442901,4424950,531553,462,288,39,121,15,0.622,0.085,0.261,0.031,0.058,0.036,0.005,0.015,0.002
16,Philippines,Country,1995,3906910,1470276,368896,1881041,186697,55,21,5,26,3,0.377,0.094,0.481,0.048,0.032,0.012,0.003,0.015,0.002
16,Philippines,Country,1996,3990756,1582301,408392,1929366,70698,55,22,6,27,1,0.397,0.102,0.483,0.018,0.031,0.012,0.003,0.015,0.001
16,Philippines,Country,1997,4143619,1682746,443381,1941157,76334,56,23,6,26,1,0.406,0.107,0.469,0.019,0.03,0.012,0.003,0.014,0.001
16,Philippines,Country,1998,4134984,1691733,464024,1872391,106836,54,22,6,25,1,0.409,0.112,0.453,0.026,0.031,0.013,0.003,0.014,0.001
16,Philippines,Country,1999,4217130,1734693,503301,1844050,135086,54,22,6,24,2,0.411,0.119,0.438,0.032,0.03,0.012,0.004,0.013,0.001
16,Philippines,Country,2000,4292720,1785453,521243,1863247,122777,54,22,7,23,2,0.415,0.121,0.435,0.029,0.029,0.012,0.004,0.013,0.001
16,Philippines,Country,2001,4393781,1788082,533910,1936801,134987,54,22,7,24,2,0.406,0.121,0.442,0.031,0.029,0.012,0.004,0.013,0.001
16,Philippines,Country,2002,4484963,1774904,561345,2081383,67331,54,21,7,25,1,0.395,0.124,0.465,0.015,0.029,0.011,0.004,0.013,0
16,Philippines,Country,2003,5018006,1887080,625969,2385274,119684,59,22,7,28,1,0.375,0.124,0.477,0.024,0.031,0.011,0.004,0.015,0.001
16,Philippines,Country,2004,5540261,1977163,679331,2763343,120424,64,23,8,32,1,0.356,0.122,0.5,0.022,0.032,0.011,0.004,0.016,0.001
16,Philippines,Country,2005,6433539,2126253,740344,3317116,249826,73,24,8,38,3,0.33,0.114,0.517,0.039,0.035,0.012,0.004,0.018,0.001
16,Philippines,Country,2006,7117299,2250332,795200,3817713,254054,79,25,9,43,3,0.316,0.111,0.538,0.036,0.037,0.012,0.004,0.02,0.001
16,Philippines,Country,2007,7667303,2390486,871420,4283510,121887,84,26,10,47,1,0.311,0.113,0.56,0.016,0.037,0.012,0.004,0.021,0.001
16,Philippines,Country,2008,8290620,2508394,953975,4705562,122689,89,27,10,51,1,0.302,0.114,0.569,0.015,0.038,0.012,0.004,0.022,0.001
16,Philippines,Country,2009,9100419,2779354,1075557,5102734,142775,96,29,11,54,2,0.305,0.118,0.562,0.016,0.042,0.013,0.005,0.023,0.001
16,Philippines,Country,2010,9716341,2859420,1177452,5462179,217290,101,30,12,57,2,0.294,0.12,0.563,0.022,0.041,0.012,0.005,0.023,0.001
16,Philippines,Country,2011,10079124,2821731,1269138,5763342,224914,103,29,13,59,2,0.28,0.125,0.573,0.022,0.041,0.012,0.005,0.024,0.001
16,Philippines,Country,2012,10764920,3068470,1390981,6100128,205341,108,31,14,61,2,0.285,0.128,0.568,0.019,0.042,0.012,0.005,0.024,0.001
16,Philippines,Country,2013,11263532,3322651,1441213,6271046,228622,111,33,14,62,2,0.295,0.127,0.558,0.02,0.041,0.012,0.005,0.023,0.001
16,Philippines,Country,2014,11502135,3670122,1399766,6208051,224196,112,36,14,60,2,0.319,0.121,0.541,0.02,0.039,0.012,0.005,0.021,0.001
16,Philippines,Country,2015,12376813,4262992,1406403,6390407,317012,119,41,13,61,3,0.344,0.113,0.517,0.026,0.04,0.014,0.004,0.02,0.001
16,Philippines,Country,2016,13147782,4840875,1467732,6679301,159873,124,46,14,63,2,0.368,0.111,0.509,0.012,0.039,0.014,0.004,0.02,0
16,Philippines,Country,2017,14227388,5299527,1543571,7050105,334185,132,49,14,66,3,0.372,0.108,0.496,0.024,0.04,0.015,0.004,0.02,0.001
16,Philippines,Country,2018,15615194,6001078,1666466,7554275,393375,143,55,15,69,4,0.384,0.106,0.484,0.025,0.041,0.016,0.004,0.02,0.001
16,Philippines,Country,2019,17020694,6703600,1814601,8101982,400512,154,61,16,73,4,0.394,0.106,0.477,0.024,0.042,0.017,0.004,0.02,0.001
16,Philippines,Country,2020,19500318,8457890,1875535,8352276,814617,174,76,17,75,7,0.433,0.096,0.429,0.042,0.053,0.023,0.005,0.023,0.002
16,Philippines,Country,2021,24559894,10314347,2168293,9482424,2594830,218,92,19,84,23,0.42,0.088,0.387,0.106,0.064,0.027,0.006,0.025,0.007
16,Philippines,Country,2022,22909609,9701320,2228461,9547748,1432080,201,85,20,84,13,0.423,0.097,0.418,0.063,0.055,0.023,0.005,0.023,0.003
51,Poland,Country,1995,15012436,10414091,134602,4451569,12174,391,271,4,116,0,0.694,0.009,0.296,0.001,0.054,0.037,0,0.016,0
51,Poland,Country,1996,16451920,11435873,144116,4845249,26682,428,298,4,126,1,0.695,0.009,0.294,0.002,0.055,0.039,0,0.016,0
51,Poland,Country,1997,17064891,11613176,149937,5256812,44966,444,302,4,137,1,0.681,0.009,0.308,0.003,0.054,0.037,0,0.017,0
51,Poland,Country,1998,17965989,12044223,158558,5761754,1453,468,314,4,150,0,0.67,0.009,0.321,0,0.054,0.036,0,0.017,0
51,Poland,Country,1999,18743216,12669843,169298,5900157,3918,489,330,4,154,0,0.676,0.009,0.315,0,0.054,0.037,0,0.017,0
51,Poland,Country,2000,19703046,13475217,182164,6043294,2371,514,352,5,158,0,0.684,0.009,0.307,0,0.054,0.037,0.001,0.017,0
51,Poland,Country,2001,21053706,14585502,258244,6182347,27613,550,381,7,161,1,0.693,0.012,0.294,0.001,0.057,0.04,0.001,0.017,0
51,Poland,Country,2002,22130877,15308960,470966,6331882,19069,578,400,12,166,0,0.692,0.021,0.286,0.001,0.059,0.041,0.001,0.017,0
51,Poland,Country,2003,23004228,15857337,619005,6527640,246,602,415,16,171,0,0.689,0.027,0.284,0,0.059,0.041,0.002,0.017,0
51,Poland,Country,2004,23462208,16011186,699882,6750820,321,614,419,18,177,0,0.682,0.03,0.288,0,0.058,0.039,0.002,0.017,0
51,Poland,Country,2005,24768227,17041871,808718,6917131,507,648,446,21,181,0,0.688,0.033,0.279,0,0.059,0.04,0.002,0.016,0
51,Poland,Country,2006,26488153,18400325,920835,7166687,305,693,482,24,188,0,0.695,0.035,0.271,0,0.059,0.041,0.002,0.016,0
51,Poland,Country,2007,28303780,19763979,1037464,7497071,5266,740,517,27,196,0,0.698,0.037,0.265,0,0.059,0.041,0.002,0.016,0
51,Poland,Country,2008,31121755,22045121,1215538,7853898,7199,813,576,32,205,0,0.708,0.039,0.252,0,0.062,0.044,0.002,0.016,0
51,Poland,Country,2009,33033865,23582510,1355287,8096067,0,862,615,35,211,0,0.714,0.041,0.245,0,0.064,0.046,0.003,0.016,0
51,Poland,Country,2010,34313333,24563913,1558724,8190696,0,894,640,41,213,0,0.716,0.045,0.239,0,0.065,0.046,0.003,0.015,0
51,Poland,Country,2011,34550223,24496563,1751783,8301877,0,899,638,46,216,0,0.709,0.051,0.24,0,0.062,0.044,0.003,0.015,0
51,Poland,Country,2012,35160239,24718290,1986606,8455343,0,915,643,52,220,0,0.703,0.057,0.24,0,0.062,0.044,0.004,0.015,0
51,Poland,Country,2013,36415581,25533714,2240691,8641176,0,947,664,58,225,0,0.701,0.062,0.237,0,0.064,0.045,0.004,0.015,0
51,Poland,Country,2014,37774157,26334914,2589109,8850133,0,982,685,67,230,0,0.697,0.069,0.234,0,0.064,0.044,0.004,0.015,0
51,Poland,Country,2015,39277984,27148236,2946015,9183734,0,1021,706,77,239,0,0.691,0.075,0.234,0,0.063,0.044,0.005,0.015,0
51,Poland,Country,2016,41185845,28386472,3294408,9504965,0,1071,738,86,247,0,0.689,0.08,0.231,0,0.064,0.044,0.005,0.015,0
51,Poland,Country,2017,43127580,29945643,3512352,9669585,0,1121,778,91,251,0,0.694,0.081,0.224,0,0.064,0.044,0.005,0.014,0
51,Poland,Country,2018,44861060,31616593,3651994,9592473,0,1166,822,95,249,0,0.705,0.081,0.214,0,0.063,0.044,0.005,0.013,0
51,Poland,Country,2019,47279182,33700954,3851694,9726534,0,1230,877,100,253,0,0.713,0.081,0.206,0,0.063,0.045,0.005,0.013,0
51,Poland,Country,2020,46515201,33505812,3722093,9287296,0,1212,873,97,242,0,0.72,0.08,0.2,0,0.064,0.046,0.005,0.013,0
51,Poland,Country,2021,49326824,35637071,3714519,9975234,0,1289,932,97,261,0,0.722,0.075,0.202,0,0.062,0.045,0.005,0.013,0
51,Poland,Country,2022,51718163,37899085,3821360,9997718,0,1357,994,100,262,0,0.733,0.074,0.193,0,0.062,0.046,0.005,0.012,0
91,Portugal,Country,1995,12941048,9239780,65214,3636053,0,1262,901,6,355,0,0.714,0.005,0.281,0,0.065,0.047,0,0.018,0
91,Portugal,Country,1996,13795137,9895883,82702,3816552,0,1339,960,8,370,0,0.717,0.006,0.277,0,0.067,0.048,0,0.019,0
91,Portugal,Country,1997,14609661,10487563,109515,4012583,0,1410,1012,11,387,0,0.718,0.007,0.275,0,0.068,0.049,0.001,0.019,0
91,Portugal,Country,1998,15751798,11320390,153437,4277970,0,1512,1086,15,411,0,0.719,0.01,0.272,0,0.07,0.05,0.001,0.019,0
91,Portugal,Country,1999,17161956,12293865,247354,4620737,0,1638,1173,24,441,0,0.716,0.014,0.269,0,0.074,0.053,0.001,0.02,0
91,Portugal,Country,2000,19121950,13553115,564574,5004261,0,1814,1286,54,475,0,0.709,0.03,0.262,0,0.079,0.056,0.002,0.021,0
91,Portugal,Country,2001,20717579,14690106,884095,5143378,0,1956,1387,83,486,0,0.709,0.043,0.248,0,0.084,0.06,0.004,0.021,0
91,Portugal,Country,2002,21554187,15273596,1134995,5145596,0,2026,1436,107,484,0,0.709,0.053,0.239,0,0.087,0.062,0.005,0.021,0
91,Portugal,Country,2003,22479823,15869398,1369627,5240798,0,2106,1487,128,491,0,0.706,0.061,0.233,0,0.092,0.065,0.006,0.021,0
91,Portugal,Country,2004,23267693,16229598,1602546,5435549,0,2174,1516,150,508,0,0.698,0.069,0.234,0,0.093,0.065,0.006,0.022,0
91,Portugal,Country,2005,23791577,16249248,1872327,5670002,0,2217,1514,174,528,0,0.683,0.079,0.238,0,0.094,0.065,0.007,0.023,0
91,Portugal,Country,2006,23686527,15451220,2316587,5918719,0,2203,1437,215,550,0,0.652,0.098,0.25,0,0.093,0.06,0.009,0.023,0
91,Portugal,Country,2007,23912979,15147558,2603529,6161891,0,2221,1407,242,572,0,0.633,0.109,0.258,0,0.091,0.058,0.01,0.023,0
91,Portugal,Country,2008,24392704,15333188,2709847,6349668,0,2263,1422,251,589,0,0.629,0.111,0.26,0,0.093,0.058,0.01,0.024,0
91,Portugal,Country,2009,25356211,16267900,2677723,6410588,0,2351,1508,248,594,0,0.642,0.106,0.253,0,0.1,0.064,0.011,0.025,0
91,Portugal,Country,2010,25340414,16427071,2454550,6458793,0,2348,1522,227,599,0,0.648,0.097,0.255,0,0.098,0.063,0.009,0.025,0
91,Portugal,Country,2011,24160936,15421138,2224129,6515669,0,2239,1429,206,604,0,0.638,0.092,0.27,0,0.095,0.06,0.009,0.026,0
91,Portugal,Country,2012,22983131,14367080,2056228,6559823,0,2131,1332,191,608,0,0.625,0.089,0.285,0,0.094,0.059,0.008,0.027,0
91,Portugal,Country,2013,22517636,14014730,1975076,6527830,0,2091,1301,183,606,0,0.622,0.088,0.29,0,0.092,0.057,0.008,0.027,0
91,Portugal,Country,2014,22769989,14208404,1981399,6580185,0,2117,1321,184,612,0,0.624,0.087,0.289,0,0.092,0.058,0.008,0.027,0
91,Portugal,Country,2015,22613736,13945002,1995319,6673415,0,2105,1298,186,621,0,0.617,0.088,0.295,0,0.09,0.055,0.008,0.027,0
91,Portugal,Country,2016,22838256,13945431,2047824,6845002,0,2129,1300,191,638,0,0.611,0.09,0.3,0,0.089,0.054,0.008,0.027,0
91,Portugal,Country,2017,24051634,14766696,2149014,7135924,0,2246,1379,201,666,0,0.614,0.089,0.297,0,0.091,0.056,0.008,0.027,0
91,Portugal,Country,2018,24756663,15091974,2198288,7466401,0,2316,1412,206,698,0,0.61,0.089,0.302,0,0.091,0.055,0.008,0.027,0
91,Portugal,Country,2019,25648673,15591999,2247980,7808694,0,2404,1461,211,732,0,0.608,0.088,0.304,0,0.092,0.056,0.008,0.028,0
91,Portugal,Country,2020,26264954,16884744,2032527,7347682,0,2468,1586,191,690,0,0.643,0.077,0.28,0,0.103,0.066,0.008,0.029,0
91,Portugal,Country,2021,29298785,18415182,2267266,8616338,0,2769,1740,214,814,0,0.629,0.077,0.294,0,0.11,0.069,0.008,0.032,0
91,Portugal,Country,2022,29390414,18369204,2308451,8712759,0,2771,1732,218,821,0,0.625,0.079,0.296,0,0.103,0.064,0.008,0.031,0
385,Puerto Rico,Country,1995,2695833,1856735,86840,752259,0,715,492,23,199,0,0.687,0.032,0.28,0,0.026,0.018,0.001,0.007,0
385,Puerto Rico,Country,1996,2801086,1939862,90906,770318,0,737,511,24,203,0,0.691,0.033,0.276,0,0.027,0.018,0.001,0.007,0
385,Puerto Rico,Country,1997,2889311,2008405,93346,787560,0,756,525,24,206,0,0.694,0.033,0.274,0,0.026,0.018,0.001,0.007,0
385,Puerto Rico,Country,1998,2926999,2027487,93893,805619,0,761,527,24,209,0,0.691,0.032,0.277,0,0.025,0.017,0.001,0.007,0
385,Puerto Rico,Country,1999,3028220,2102218,95320,830682,0,784,544,25,215,0,0.693,0.032,0.276,0,0.025,0.017,0.001,0.007,0
385,Puerto Rico,Country,2000,3064331,2117320,95046,851965,0,790,546,24,220,0,0.689,0.031,0.279,0,0.024,0.017,0.001,0.007,0
385,Puerto Rico,Country,2001,3166522,2187147,98795,880580,0,814,562,25,226,0,0.689,0.032,0.279,0,0.023,0.016,0.001,0.007,0
385,Puerto Rico,Country,2002,3337681,2321762,105354,910565,0,858,597,27,234,0,0.694,0.032,0.274,0,0.024,0.017,0.001,0.007,0
385,Puerto Rico,Country,2003,3477291,2427075,112400,937816,0,894,624,29,241,0,0.696,0.033,0.271,0,0.025,0.018,0.001,0.007,0
385,Puerto Rico,Country,2004,3612366,2524486,121490,966390,0,929,649,31,249,0,0.697,0.034,0.269,0,0.025,0.017,0.001,0.007,0
385,Puerto Rico,Country,2005,3792345,2668793,133303,990248,0,977,688,34,255,0,0.703,0.035,0.262,0,0.027,0.019,0.001,0.007,0
385,Puerto Rico,Country,2006,3890151,2744735,141980,1003435,0,1005,709,37,259,0,0.705,0.037,0.259,0,0.028,0.02,0.001,0.007,0
385,Puerto Rico,Country,2007,3974923,2815291,149015,1010617,0,1031,730,39,262,0,0.708,0.038,0.255,0,0.029,0.02,0.001,0.007,0
385,Puerto Rico,Country,2008,3996839,2836434,153019,1007386,0,1041,739,40,262,0,0.709,0.038,0.252,0,0.029,0.021,0.001,0.007,0
385,Puerto Rico,Country,2009,4060596,2902562,156830,1001204,0,1064,760,41,262,0,0.715,0.039,0.246,0,0.03,0.022,0.001,0.008,0
385,Puerto Rico,Country,2010,4055925,2904753,158520,992651,0,1069,766,42,262,0,0.716,0.039,0.244,0,0.031,0.022,0.001,0.007,0
385,Puerto Rico,Country,2011,4046245,2900431,159673,986141,0,1074,770,42,262,0,0.717,0.039,0.243,0,0.031,0.022,0.001,0.007,0
385,Puerto Rico,Country,2012,4079343,2937855,161947,979541,0,1092,786,43,262,0,0.721,0.04,0.239,0,0.031,0.022,0.001,0.007,0
385,Puerto Rico,Country,2013,4103671,2966357,163893,973420,0,1108,801,44,263,0,0.724,0.04,0.237,0,0.031,0.022,0.001,0.007,0
385,Puerto Rico,Country,2014,4171333,3037515,166480,967338,0,1137,828,45,264,0,0.729,0.04,0.231,0,0.032,0.023,0.001,0.007,0
385,Puerto Rico,Country,2015,4086287,2966008,165029,955250,0,1125,817,45,263,0,0.726,0.04,0.233,0,0.031,0.023,0.001,0.007,0
385,Puerto Rico,Country,2016,4056464,2944559,164375,947531,0,1129,819,46,264,0,0.726,0.04,0.233,0,0.031,0.023,0.001,0.007,0
385,Puerto Rico,Country,2017,4134824,3033852,165797,935175,0,1179,865,47,267,0,0.734,0.04,0.226,0,0.032,0.024,0.001,0.007,0
385,Puerto Rico,Country,2018,4128385,3045742,164849,917794,0,1206,890,48,268,0,0.737,0.04,0.223,0,0.034,0.025,0.001,0.007,0
385,Puerto Rico,Country,2019,4043759,2973519,163081,907159,0,1196,880,48,268,0,0.735,0.04,0.225,0,0.033,0.024,0.001,0.007,0
385,Puerto Rico,Country,2020,4059583,3002277,162945,894361,0,1216,899,49,268,0,0.739,0.04,0.221,0,0.035,0.026,0.001,0.008,0
385,Puerto Rico,Country,2021,4043123,2998774,162366,881983,0,1224,908,49,267,0,0.741,0.04,0.219,0,0.035,0.026,0.001,0.008,0
385,Puerto Rico,Country,2022,4012733,2973912,162520,876301,0,1223,907,50,267,0,0.74,0.041,0.22,0,0.034,0.025,0.001,0.007,0
151,Qatar,Country,1995,876554,502290,54017,320247,0,1709,979,105,624,0,0.572,0.062,0.366,0,0.035,0.02,0.002,0.013,0
151,Qatar,Country,1996,930801,551425,58917,320460,0,1769,1048,112,609,0,0.592,0.063,0.345,0,0.036,0.021,0.002,0.012,0
151,Qatar,Country,1997,966461,569032,65426,332003,0,1790,1054,121,615,0,0.588,0.068,0.344,0,0.029,0.017,0.002,0.01,0
151,Qatar,Country,1998,1093623,670888,77209,345525,0,1973,1210,139,623,0,0.613,0.071,0.316,0,0.03,0.018,0.002,0.01,0
151,Qatar,Country,1999,1040225,638097,81660,320468,0,1821,1117,143,561,0,0.613,0.079,0.308,0,0.028,0.017,0.002,0.009,0
151,Qatar,Country,2000,972160,596281,85927,289952,0,1641,1007,145,489,0,0.613,0.088,0.299,0,0.025,0.015,0.002,0.007,0
151,Qatar,Country,2001,1123656,735842,96860,290954,0,1813,1187,156,469,0,0.655,0.086,0.259,0,0.027,0.018,0.002,0.007,0
151,Qatar,Country,2002,1281065,877609,104221,299235,0,1953,1338,159,456,0,0.685,0.081,0.234,0,0.029,0.02,0.002,0.007,0
151,Qatar,Country,2003,1453990,1035869,108432,309689,0,2065,1471,154,440,0,0.712,0.075,0.213,0,0.031,0.022,0.002,0.007,0
151,Qatar,Country,2004,1676142,1237721,114627,323794,0,2179,1609,149,421,0,0.738,0.068,0.193,0,0.028,0.021,0.002,0.006,0
151,Qatar,Country,2005,1733206,1294364,113859,324984,0,2017,1506,132,378,0,0.747,0.066,0.188,0,0.027,0.02,0.002,0.005,0
151,Qatar,Country,2006,1891507,1416744,125516,349248,0,1933,1448,128,357,0,0.749,0.066,0.185,0,0.024,0.018,0.002,0.004,0
151,Qatar,Country,2007,2040244,1517489,143430,379325,0,1806,1343,127,336,0,0.744,0.07,0.186,0,0.023,0.017,0.002,0.004,0
151,Qatar,Country,2008,1965844,1403065,159383,403396,0,1496,1068,121,307,0,0.713,0.081,0.205,0,0.02,0.014,0.002,0.004,0
151,Qatar,Country,2009,2777939,2062154,238302,477483,0,1822,1353,156,313,0,0.742,0.086,0.172,0,0.024,0.018,0.002,0.004,0
151,Qatar,Country,2010,2815582,2076350,263224,476009,0,1613,1190,151,273,0,0.737,0.094,0.169,0,0.019,0.014,0.002,0.003,0
151,Qatar,Country,2011,2920467,2203830,275981,440656,0,1503,1134,142,227,0,0.754,0.095,0.151,0,0.016,0.012,0.001,0.002,0
151,Qatar,Country,2012,3472485,2767995,310376,394114,0,1644,1311,147,187,0,0.797,0.089,0.114,0,0.018,0.014,0.002,0.002,0
151,Qatar,Country,2013,3918301,3221365,338574,358362,0,1741,1431,150,159,0,0.822,0.087,0.092,0,0.019,0.016,0.002,0.002,0
151,Qatar,Country,2014,5018782,4261453,396961,360368,0,2120,1800,168,152,0,0.849,0.079,0.072,0,0.024,0.021,0.002,0.002,0
151,Qatar,Country,2015,6512150,5624520,489144,398487,0,2636,2277,198,161,0,0.864,0.075,0.061,0,0.032,0.027,0.002,0.002,0
151,Qatar,Country,2016,7208523,6231846,550870,425806,0,2805,2425,214,166,0,0.864,0.076,0.059,0,0.035,0.03,0.003,0.002,0
151,Qatar,Country,2017,6776778,5801059,549989,425730,0,2546,2179,207,160,0,0.856,0.081,0.063,0,0.033,0.029,0.003,0.002,0
151,Qatar,Country,2018,6173789,5232099,525996,415694,0,2247,1904,191,151,0,0.847,0.085,0.067,0,0.03,0.025,0.003,0.002,0
151,Qatar,Country,2019,6678557,5714080,544372,420104,0,2362,2021,193,149,0,0.855,0.082,0.063,0,0.031,0.027,0.003,0.002,0
151,Qatar,Country,2020,7635703,6621665,568118,445920,0,2630,2281,196,154,0,0.867,0.074,0.058,0,0.037,0.032,0.003,0.002,0
151,Qatar,Country,2021,5836721,4963195,492601,380925,0,1967,1673,166,128,0,0.85,0.085,0.065,0,0.026,0.022,0.002,0.002,0
151,Qatar,Country,2022,4580646,3762693,463537,354415,0,1518,1247,154,117,0,0.821,0.101,0.077,0,0.02,0.017,0.002,0.002,0
68,Republic of Korea,Country,1995,21659132,8237391,724301,12697440,0,476,181,16,279,0,0.38,0.033,0.586,0,0.035,0.013,0.001,0.021,0
68,Republic of Korea,Country,1996,23545402,9516573,852296,13176534,0,515,208,19,288,0,0.404,0.036,0.56,0,0.036,0.014,0.001,0.02,0
68,Republic of Korea,Country,1997,24819178,10639251,1001215,13178712,0,540,231,22,287,0,0.429,0.04,0.531,0,0.036,0.015,0.001,0.019,0
68,Republic of Korea,Country,1998,26426985,12378574,1180052,12867194,1165,571,268,26,278,0,0.468,0.045,0.487,0,0.04,0.019,0.002,0.019,0
68,Republic of Korea,Country,1999,28479884,13932259,1339201,13207709,715,612,299,29,284,0,0.489,0.047,0.464,0,0.039,0.019,0.002,0.018,0
68,Republic of Korea,Country,2000,30874069,15660685,1532372,13680941,71,660,335,33,292,0,0.507,0.05,0.443,0,0.038,0.019,0.002,0.017,0
68,Republic of Korea,Country,2001,34554275,18144720,1639358,14770197,0,735,386,35,314,0,0.525,0.047,0.427,0,0.041,0.022,0.002,0.018,0
68,Republic of Korea,Country,2002,36730832,19023482,1682910,16024439,0,778,403,36,339,0,0.518,0.046,0.436,0,0.041,0.021,0.002,0.018,0
68,Republic of Korea,Country,2003,42672532,22495525,1858863,18318144,0,900,474,39,386,0,0.527,0.044,0.429,0,0.046,0.024,0.002,0.02,0
68,Republic of Korea,Country,2004,45205818,23278282,1937970,19989566,0,950,489,41,420,0,0.515,0.043,0.442,0,0.046,0.024,0.002,0.02,0
68,Republic of Korea,Country,2005,48767343,25145450,2091518,21530375,0,1020,526,44,450,0,0.516,0.043,0.442,0,0.048,0.025,0.002,0.021,0
68,Republic of Korea,Country,2006,53528466,28280704,2351598,22896164,0,1115,589,49,477,0,0.528,0.044,0.428,0,0.05,0.026,0.002,0.021,0
68,Republic of Korea,Country,2007,57674540,31025124,2687807,23961609,0,1195,643,56,496,0,0.538,0.047,0.415,0,0.05,0.027,0.002,0.021,0
68,Republic of Korea,Country,2008,63114166,34586591,3200987,25326588,0,1300,712,66,522,0,0.548,0.051,0.401,0,0.054,0.029,0.003,0.022,0
68,Republic of Korea,Country,2009,69675632,38882975,3888070,26904587,0,1425,795,79,550,0,0.558,0.056,0.386,0,0.059,0.033,0.003,0.023,0
68,Republic of Korea,Country,2010,72880462,39872984,4455114,28552364,0,1478,808,90,579,0,0.547,0.061,0.392,0,0.057,0.031,0.003,0.022,0
68,Republic of Korea,Country,2011,78088630,42841260,5111364,30136006,0,1568,860,103,605,0,0.549,0.065,0.386,0,0.059,0.032,0.004,0.023,0
68,Republic of Korea,Country,2012,82373482,45308371,5714664,31350446,0,1637,900,114,623,0,0.55,0.069,0.381,0,0.06,0.033,0.004,0.023,0
68,Republic of Korea,Country,2013,85989853,47154733,6302915,32532205,0,1692,928,124,640,0,0.548,0.073,0.378,0,0.061,0.033,0.004,0.023,0
68,Republic of Korea,Country,2014,90822192,49865102,7080132,33876958,0,1770,972,138,660,0,0.549,0.078,0.373,0,0.062,0.034,0.005,0.023,0
68,Republic of Korea,Country,2015,96228073,53102502,7845011,35280560,0,1863,1028,152,683,0,0.552,0.082,0.367,0,0.064,0.035,0.005,0.023,0
68,Republic of Korea,Country,2016,101549124,56578601,8599832,36370690,0,1958,1091,166,701,0,0.557,0.085,0.358,0,0.066,0.037,0.006,0.023,0
68,Republic of Korea,Country,2017,108438423,61181372,9455706,37801345,0,2087,1178,182,728,0,0.564,0.087,0.349,0,0.068,0.038,0.006,0.024,0
68,Republic of Korea,Country,2018,117237467,66815385,10636116,39785965,0,2257,1286,205,766,0,0.57,0.091,0.339,0,0.071,0.041,0.006,0.024,0
68,Republic of Korea,Country,2019,129484053,75143721,12242823,42097508,0,2497,1449,236,812,0,0.58,0.095,0.325,0,0.077,0.045,0.007,0.025,0
68,Republic of Korea,Country,2020,133186802,79071945,13602845,40512012,0,2575,1529,263,783,0,0.594,0.102,0.304,0,0.081,0.048,0.008,0.025,0
68,Republic of Korea,Country,2021,148338729,89974811,13947836,44416082,0,2871,1741,270,860,0,0.607,0.094,0.299,0,0.086,0.052,0.008,0.026,0
68,Republic of Korea,Country,2022,159041665,99797034,13432205,45812426,0,3080,1933,260,887,0,0.627,0.084,0.288,0,0.09,0.056,0.008,0.026,0
61,Republic of Moldova,Country,1995,778512,529442,12077,236994,0,178,121,3,54,0,0.68,0.016,0.304,0,0.076,0.052,0.001,0.023,0
61,Republic of Moldova,Country,1996,727567,488301,10707,228549,11,168,112,2,53,0,0.671,0.015,0.314,0,0.076,0.051,0.001,0.024,0
61,Republic of Moldova,Country,1997,666720,437118,9364,219108,1130,155,101,2,51,0,0.656,0.014,0.328,0.002,0.068,0.045,0.001,0.022,0
61,Republic of Moldova,Country,1998,550863,334596,7504,206353,2410,129,78,2,48,1,0.608,0.014,0.374,0.004,0.061,0.037,0.001,0.023,0
61,Republic of Moldova,Country,1999,478407,256496,5998,196323,19590,113,61,1,46,5,0.536,0.013,0.41,0.041,0.055,0.029,0.001,0.022,0.002
61,Republic of Moldova,Country,2000,475948,250223,5537,206098,14089,113,60,1,49,3,0.526,0.012,0.433,0.03,0.054,0.028,0.001,0.023,0.002
61,Republic of Moldova,Country,2001,486034,243403,5304,228957,8370,117,59,1,55,2,0.501,0.011,0.471,0.017,0.052,0.026,0.001,0.024,0.001
61,Republic of Moldova,Country,2002,562824,286699,5766,264898,5461,137,70,1,64,1,0.51,0.01,0.47,0.01,0.056,0.028,0.001,0.026,0.001
61,Republic of Moldova,Country,2003,662107,346145,5042,302950,7970,162,85,1,74,2,0.523,0.008,0.457,0.012,0.062,0.032,0,0.028,0.001
61,Republic of Moldova,Country,2004,809448,430735,3593,356395,18726,200,107,1,88,5,0.532,0.004,0.44,0.023,0.07,0.037,0,0.031,0.002
61,Republic of Moldova,Country,2005,949979,500297,2678,424810,22194,237,125,1,106,6,0.527,0.003,0.447,0.023,0.077,0.041,0,0.034,0.002
61,Republic of Moldova,Country,2006,1077351,562877,2549,499045,12881,272,142,1,126,3,0.523,0.002,0.463,0.012,0.083,0.044,0,0.039,0.001
61,Republic of Moldova,Country,2007,1196645,613099,2893,557621,23032,304,156,1,142,6,0.512,0.002,0.466,0.019,0.09,0.046,0,0.042,0.002
61,Republic of Moldova,Country,2008,1245699,619376,3800,600598,21925,319,159,1,154,6,0.497,0.003,0.482,0.018,0.087,0.043,0,0.042,0.002
61,Republic of Moldova,Country,2009,1331926,656243,7615,612395,55673,344,169,2,158,14,0.493,0.006,0.46,0.042,0.099,0.049,0.001,0.045,0.004
61,Republic of Moldova,Country,2010,1173981,545875,10413,554362,63331,305,142,3,144,16,0.465,0.009,0.472,0.054,0.081,0.038,0.001,0.038,0.004
61,Republic of Moldova,Country,2011,1115639,532528,11594,526142,45375,292,139,3,138,12,0.477,0.01,0.472,0.041,0.073,0.035,0.001,0.034,0.003
61,Republic of Moldova,Country,2012,1117086,551430,12161,507091,46405,294,145,3,133,12,0.494,0.011,0.454,0.042,0.073,0.036,0.001,0.033,0.003
61,Republic of Moldova,Country,2013,1105372,549223,11670,502215,42263,292,145,3,133,11,0.497,0.011,0.454,0.038,0.066,0.033,0.001,0.03,0.003
61,Republic of Moldova,Country,2014,1156408,576816,12169,507522,59901,308,153,3,135,16,0.499,0.011,0.439,0.052,0.066,0.033,0.001,0.029,0.003
61,Republic of Moldova,Country,2015,1154393,562302,12308,513878,65904,309,151,3,138,18,0.487,0.011,0.445,0.057,0.066,0.032,0.001,0.029,0.004
61,Republic of Moldova,Country,2016,1089638,547296,12274,495963,34105,293,147,3,134,9,0.502,0.011,0.455,0.031,0.059,0.03,0.001,0.027,0.002
61,Republic of Moldova,Country,2017,1083546,571744,11989,470492,29320,293,155,3,127,8,0.528,0.011,0.434,0.027,0.056,0.029,0.001,0.024,0.002
61,Republic of Moldova,Country,2018,1073559,604191,11614,440874,16880,292,165,3,120,5,0.563,0.011,0.411,0.016,0.052,0.029,0.001,0.022,0.001
61,Republic of Moldova,Country,2019,1091012,641787,13227,418362,17637,299,176,4,115,5,0.588,0.012,0.383,0.016,0.051,0.03,0.001,0.02,0.001
61,Republic of Moldova,Country,2020,1076231,688160,12814,338755,36503,297,190,4,93,10,0.639,0.012,0.315,0.034,0.054,0.035,0.001,0.017,0.002
61,Republic of Moldova,Country,2021,1379602,874798,26037,393151,85617,382,242,7,109,24,0.634,0.019,0.285,0.062,0.061,0.038,0.001,0.017,0.004
61,Republic of Moldova,Country,2022,1137445,741857,10728,354879,29981,320,209,3,100,8,0.652,0.009,0.312,0.026,0.053,0.034,0,0.016,0.001
52,Romania,Country,1995,5487429,4053577,78205,1301558,54088,238,176,3,57,2,0.739,0.014,0.237,0.01,0.035,0.026,0,0.008,0
52,Romania,Country,1996,5631418,4189414,81309,1327285,33410,246,183,4,58,1,0.744,0.014,0.236,0.006,0.034,0.025,0,0.008,0
52,Romania,Country,1997,5939675,4504422,85616,1333144,16492,261,198,4,59,1,0.758,0.014,0.224,0.003,0.038,0.029,0.001,0.009,0
52,Romania,Country,1998,6095230,4632015,87591,1322044,53581,269,204,4,58,2,0.76,0.014,0.217,0.009,0.04,0.031,0.001,0.009,0
52,Romania,Country,1999,6452728,5014838,92208,1315544,30137,286,222,4,58,1,0.777,0.014,0.204,0.005,0.043,0.034,0.001,0.009,0
52,Romania,Country,2000,6829299,5397172,97440,1334447,240,305,241,4,60,0,0.79,0.014,0.195,0,0.045,0.035,0.001,0.009,0
52,Romania,Country,2001,7333724,5796807,107235,1409455,20228,329,260,5,63,1,0.79,0.015,0.192,0.003,0.046,0.036,0.001,0.009,0
52,Romania,Country,2002,8120581,6434170,124261,1536694,25456,367,291,6,70,1,0.792,0.015,0.189,0.003,0.047,0.037,0.001,0.009,0
52,Romania,Country,2003,9092203,7225436,134471,1719575,12721,415,330,6,78,1,0.795,0.015,0.189,0.001,0.052,0.041,0.001,0.01,0
52,Romania,Country,2004,10190423,7998369,131383,2025004,35666,469,368,6,93,2,0.785,0.013,0.199,0.004,0.053,0.041,0.001,0.01,0
52,Romania,Country,2005,10692291,8440029,118652,2117889,15721,496,392,6,98,1,0.789,0.011,0.198,0.001,0.053,0.042,0.001,0.01,0
52,Romania,Country,2006,11373715,9064381,98792,2200524,10018,533,424,5,103,0,0.797,0.009,0.193,0.001,0.052,0.041,0,0.01,0
52,Romania,Country,2007,12033233,9623103,96638,2275181,38311,568,454,5,107,2,0.8,0.008,0.189,0.003,0.051,0.041,0,0.01,0
52,Romania,Country,2008,12586455,10028039,92837,2429923,35656,599,477,4,116,2,0.797,0.007,0.193,0.003,0.049,0.039,0,0.009,0
52,Romania,Country,2009,12789120,10139210,85159,2540624,24126,613,486,4,122,1,0.793,0.007,0.199,0.002,0.052,0.041,0,0.01,0
52,Romania,Country,2010,12564965,9894550,80439,2560655,29320,607,478,4,124,1,0.787,0.006,0.204,0.002,0.054,0.042,0,0.011,0
52,Romania,Country,2011,11973115,9140928,83373,2540972,207841,584,446,4,124,10,0.763,0.007,0.212,0.017,0.049,0.037,0,0.01,0.001
52,Romania,Country,2012,11634208,8997455,87795,2533271,15688,572,442,4,125,1,0.773,0.008,0.218,0.001,0.047,0.036,0,0.01,0
52,Romania,Country,2013,12641048,9536457,96176,2590133,418281,626,472,5,128,21,0.754,0.008,0.205,0.033,0.051,0.038,0,0.01,0.002
52,Romania,Country,2014,12868132,9928790,105884,2655134,178325,643,496,5,133,9,0.772,0.008,0.206,0.014,0.05,0.039,0,0.01,0.001
52,Romania,Country,2015,13518861,10611541,117980,2770994,18346,682,535,6,140,1,0.785,0.009,0.205,0.001,0.051,0.04,0,0.01,0
52,Romania,Country,2016,14133815,11085260,133045,2900868,14642,719,564,7,148,1,0.784,0.009,0.205,0.001,0.052,0.041,0,0.011,0
52,Romania,Country,2017,15293090,11970289,145120,3100102,77579,783,613,7,159,4,0.783,0.009,0.203,0.005,0.052,0.041,0,0.011,0
52,Romania,Country,2018,16912061,13372973,160194,3314071,64823,872,690,8,171,3,0.791,0.009,0.196,0.004,0.055,0.043,0.001,0.011,0
52,Romania,Country,2019,18517525,14838576,180215,3498734,0,961,770,9,182,0,0.801,0.01,0.189,0,0.058,0.046,0.001,0.011,0
52,Romania,Country,2020,19582620,15651298,144551,3703471,83300,1024,819,8,194,4,0.799,0.007,0.189,0.004,0.063,0.051,0,0.012,0
52,Romania,Country,2021,20868552,16215354,178506,4474692,0,1106,859,9,237,0,0.777,0.009,0.214,0,0.064,0.05,0.001,0.014,0
52,Romania,Country,2022,19752011,15339084,181293,4231634,0,1055,819,10,226,0,0.777,0.009,0.214,0,0.059,0.046,0.001,0.013,0
62,Russian Federation,Country,1995,52474287,35735250,3280312,13457822,903,348,237,22,89,0,0.681,0.062,0.256,0,0.055,0.037,0.003,0.014,0
62,Russian Federation,Country,1996,52670026,35548222,3452180,13669141,484,350,236,23,91,0,0.675,0.065,0.259,0,0.057,0.039,0.004,0.015,0
62,Russian Federation,Country,1997,55102303,36638026,3794064,14495603,174610,367,244,25,96,1,0.665,0.069,0.263,0.003,0.059,0.039,0.004,0.016,0
62,Russian Federation,Country,1998,53974114,34979778,3849866,15029351,115118,360,233,26,100,1,0.648,0.071,0.278,0.002,0.061,0.04,0.004,0.017,0
62,Russian Federation,Country,1999,51374394,31826941,3949482,15527691,70280,343,213,26,104,0,0.62,0.077,0.302,0.001,0.055,0.034,0.004,0.016,0
62,Russian Federation,Country,2000,51756343,30811753,4691640,16195526,57423,347,206,31,109,0,0.595,0.091,0.313,0.001,0.05,0.03,0.005,0.016,0
62,Russian Federation,Country,2001,55350352,32492423,5366454,17427883,63592,372,218,36,117,0,0.587,0.097,0.315,0.001,0.051,0.03,0.005,0.016,0
62,Russian Federation,Country,2002,60301080,35711773,5716224,18834358,38725,407,241,39,127,0,0.592,0.095,0.312,0.001,0.053,0.031,0.005,0.016,0
62,Russian Federation,Country,2003,62183712,36792679,5472259,19906693,12082,421,249,37,135,0,0.592,0.088,0.32,0,0.051,0.03,0.004,0.016,0
62,Russian Federation,Country,2004,62734434,36980188,5092204,20637795,24247,426,251,35,140,0,0.59,0.081,0.329,0,0.048,0.028,0.004,0.016,0
62,Russian Federation,Country,2005,66353454,39788088,4964773,21546024,54570,453,271,34,147,0,0.6,0.075,0.325,0.001,0.047,0.028,0.004,0.015,0
62,Russian Federation,Country,2006,70101506,42360219,4865757,22747542,127988,480,290,33,156,1,0.604,0.069,0.324,0.002,0.046,0.028,0.003,0.015,0
62,Russian Federation,Country,2007,77432303,47938971,4733817,24592316,167199,531,329,32,169,1,0.619,0.061,0.318,0.002,0.047,0.029,0.003,0.015,0
62,Russian Federation,Country,2008,80997419,50177289,4245220,26407123,167786,557,345,29,181,1,0.62,0.052,0.326,0.002,0.047,0.029,0.002,0.015,0
62,Russian Federation,Country,2009,87613067,56135033,3578784,27808622,90629,603,386,25,191,1,0.641,0.041,0.317,0.001,0.055,0.035,0.002,0.018,0
62,Russian Federation,Country,2010,83750263,52904376,2979510,27818768,47608,576,364,20,191,0,0.632,0.036,0.332,0.001,0.051,0.032,0.002,0.017,0
62,Russian Federation,Country,2011,82887148,51971192,2664054,28233842,18059,570,357,18,194,0,0.627,0.032,0.341,0,0.048,0.03,0.002,0.016,0
62,Russian Federation,Country,2012,87222051,54919022,2552665,29750364,0,599,377,18,204,0,0.63,0.029,0.341,0,0.049,0.031,0.001,0.017,0
62,Russian Federation,Country,2013,90709218,56441786,2449341,31818091,0,622,387,17,218,0,0.622,0.027,0.351,0,0.05,0.031,0.001,0.017,0
62,Russian Federation,Country,2014,92971815,56555473,2328660,34087683,0,637,388,16,234,0,0.608,0.025,0.367,0,0.051,0.031,0.001,0.019,0
62,Russian Federation,Country,2015,94152959,55694584,2274882,36177950,5542,645,381,16,248,0,0.592,0.024,0.384,0,0.053,0.031,0.001,0.02,0
62,Russian Federation,Country,2016,96519137,56509751,2247803,37758031,3552,661,387,15,258,0,0.585,0.023,0.391,0,0.054,0.032,0.001,0.021,0
62,Russian Federation,Country,2017,97588211,56745690,2231766,38603531,7223,668,388,15,264,0,0.581,0.023,0.396,0,0.054,0.031,0.001,0.021,0
62,Russian Federation,Country,2018,99551924,58337519,2263014,38950864,528,681,399,15,267,0,0.586,0.023,0.391,0,0.054,0.031,0.001,0.021,0
62,Russian Federation,Country,2019,106103406,64061137,2422238,39620031,0,727,439,17,271,0,0.604,0.023,0.373,0,0.056,0.034,0.001,0.021,0
62,Russian Federation,Country,2020,148083496,108957408,2284457,36841579,52,1017,748,16,253,0,0.736,0.015,0.249,0,0.08,0.059,0.001,0.02,0
62,Russian Federation,Country,2021,137339836,95889685,2361554,39084009,4587,948,662,16,270,0,0.698,0.017,0.285,0,0.07,0.049,0.001,0.02,0
62,Russian Federation,Country,2022,134431037,95262963,2284131,36878552,5391,931,660,16,255,0,0.709,0.017,0.274,0,0.07,0.05,0.001,0.019,0
185,Rwanda,Country,1995,110803,41839,17057,25375,26532,19,7,3,4,5,0.377,0.152,0.229,0.241,0.067,0.025,0.01,0.015,0.016
185,Rwanda,Country,1996,108780,41547,17147,25480,24606,18,7,3,4,4,0.382,0.156,0.235,0.228,0.063,0.024,0.01,0.015,0.014
185,Rwanda,Country,1997,131571,41280,18291,28733,43268,19,6,3,4,6,0.313,0.137,0.218,0.331,0.064,0.02,0.009,0.014,0.021
185,Rwanda,Country,1998,132893,39905,18104,30833,44051,17,5,2,4,6,0.3,0.135,0.232,0.334,0.056,0.017,0.008,0.013,0.019
185,Rwanda,Country,1999,128201,41533,17079,31183,38406,16,5,2,4,5,0.323,0.132,0.243,0.302,0.051,0.016,0.007,0.012,0.015
185,Rwanda,Country,2000,113885,30489,12570,28739,42088,14,4,2,4,5,0.267,0.109,0.252,0.371,0.041,0.011,0.005,0.01,0.015
185,Rwanda,Country,2001,124114,31343,12466,30003,50302,15,4,2,4,6,0.252,0.1,0.241,0.407,0.041,0.01,0.004,0.01,0.017
185,Rwanda,Country,2002,145431,38935,14523,34494,57480,17,5,2,4,7,0.267,0.099,0.237,0.397,0.042,0.011,0.004,0.01,0.017
185,Rwanda,Country,2003,180595,49963,17638,42613,70381,21,6,2,5,8,0.276,0.097,0.236,0.391,0.05,0.014,0.005,0.012,0.02
185,Rwanda,Country,2004,259029,56691,19635,50330,132374,29,6,2,6,15,0.218,0.075,0.194,0.512,0.067,0.015,0.005,0.013,0.034
185,Rwanda,Country,2005,289827,65127,22769,54562,147370,31,7,2,6,16,0.224,0.078,0.188,0.51,0.069,0.015,0.005,0.013,0.035
185,Rwanda,Country,2006,356335,71076,28763,51972,204524,38,7,3,5,22,0.199,0.08,0.146,0.575,0.078,0.016,0.006,0.011,0.045
185,Rwanda,Country,2007,395666,83166,35613,51239,225648,41,9,4,5,23,0.21,0.089,0.129,0.571,0.08,0.017,0.007,0.01,0.046
185,Rwanda,Country,2008,516474,92929,42116,51597,329831,52,9,4,5,33,0.18,0.081,0.1,0.639,0.095,0.017,0.008,0.009,0.06
185,Rwanda,Country,2009,560278,102376,47970,52915,357017,55,10,5,5,35,0.183,0.085,0.094,0.638,0.097,0.018,0.008,0.009,0.062
185,Rwanda,Country,2010,638412,117580,54150,55200,411482,61,11,5,5,39,0.184,0.084,0.086,0.645,0.103,0.019,0.009,0.009,0.067
185,Rwanda,Country,2011,684946,131711,58879,57547,436809,64,12,6,5,41,0.192,0.085,0.084,0.639,0.103,0.02,0.009,0.009,0.066
185,Rwanda,Country,2012,668464,141020,60888,59962,406594,61,13,6,5,37,0.211,0.09,0.09,0.609,0.092,0.019,0.008,0.008,0.056
185,Rwanda,Country,2013,640501,157181,62380,62937,358004,57,14,6,6,32,0.246,0.096,0.098,0.56,0.085,0.021,0.008,0.008,0.047
185,Rwanda,Country,2014,724109,174243,65699,66150,418017,63,15,6,6,36,0.241,0.09,0.091,0.578,0.09,0.022,0.008,0.008,0.052
185,Rwanda,Country,2015,639360,185105,74033,68976,311245,55,16,6,6,27,0.29,0.115,0.108,0.488,0.073,0.021,0.008,0.008,0.036
185,Rwanda,Country,2016,624457,196713,80852,71482,275410,52,17,7,6,23,0.316,0.128,0.114,0.442,0.068,0.021,0.009,0.008,0.03
185,Rwanda,Country,2017,678674,213968,87208,73943,303555,56,18,7,6,25,0.316,0.127,0.109,0.448,0.071,0.022,0.009,0.008,0.032
185,Rwanda,Country,2018,731096,243328,96874,78524,312371,59,20,8,6,25,0.333,0.131,0.107,0.428,0.071,0.024,0.009,0.008,0.03
185,Rwanda,Country,2019,864642,281161,108576,83160,391745,68,22,9,7,31,0.326,0.124,0.096,0.454,0.076,0.025,0.01,0.007,0.035
185,Rwanda,Country,2020,971636,331465,115628,85278,439264,75,25,9,7,34,0.342,0.118,0.088,0.453,0.089,0.03,0.011,0.008,0.04
185,Rwanda,Country,2021,1246512,366525,121253,88522,670212,94,28,9,7,51,0.294,0.096,0.071,0.538,0.104,0.031,0.01,0.007,0.056
185,Rwanda,Country,2022,983677,374236,129143,98242,382056,73,28,10,7,28,0.381,0.13,0.1,0.389,0.076,0.029,0.01,0.008,0.029
393,Saint Kitts and Nevis,Country,1995,27199,9855,1288,14549,1507,635,230,30,339,35,0.363,0.047,0.534,0.056,0.052,0.019,0.002,0.028,0.003
393,Saint Kitts and Nevis,Country,1996,27144,10704,1362,15078,0,625,246,31,347,0,0.395,0.05,0.555,0,0.049,0.019,0.002,0.027,0
393,Saint Kitts and Nevis,Country,1997,27708,10886,1399,15423,0,628,247,32,350,0,0.393,0.051,0.556,0,0.046,0.018,0.002,0.026,0
393,Saint Kitts and Nevis,Country,1998,28925,11660,1472,15792,0,645,260,33,352,0,0.403,0.051,0.546,0,0.048,0.019,0.002,0.026,0
393,Saint Kitts and Nevis,Country,1999,32846,12853,1584,16216,2193,720,282,35,355,48,0.391,0.048,0.494,0.067,0.053,0.021,0.003,0.026,0.004
393,Saint Kitts and Nevis,Country,2000,32850,13474,1678,16528,1170,707,290,36,356,25,0.41,0.051,0.503,0.036,0.047,0.019,0.002,0.024,0.002
393,Saint Kitts and Nevis,Country,2001,31132,12971,1647,16101,413,659,274,35,341,9,0.417,0.053,0.517,0.013,0.042,0.018,0.002,0.022,0.001
393,Saint Kitts and Nevis,Country,2002,32827,14643,1715,16195,274,683,305,36,337,6,0.446,0.052,0.493,0.008,0.044,0.019,0.002,0.022,0
393,Saint Kitts and Nevis,Country,2003,31891,14000,1657,15951,282,652,286,34,326,6,0.439,0.052,0.5,0.009,0.044,0.019,0.002,0.022,0
393,Saint Kitts and Nevis,Country,2004,33966,15634,1740,16373,218,684,315,35,330,4,0.46,0.051,0.482,0.006,0.044,0.02,0.002,0.021,0
393,Saint Kitts and Nevis,Country,2005,37391,17125,1903,18080,283,742,340,38,359,6,0.458,0.051,0.484,0.008,0.044,0.02,0.002,0.021,0
393,Saint Kitts and Nevis,Country,2006,39892,17183,2089,19920,701,781,336,41,390,14,0.431,0.052,0.499,0.018,0.045,0.019,0.002,0.022,0.001
393,Saint Kitts and Nevis,Country,2007,43055,17194,2308,21791,1762,832,332,45,421,34,0.399,0.054,0.506,0.041,0.047,0.019,0.003,0.024,0.002
393,Saint Kitts and Nevis,Country,2008,44934,16468,2488,24223,1754,858,314,48,462,33,0.366,0.055,0.539,0.039,0.045,0.016,0.002,0.024,0.002
393,Saint Kitts and Nevis,Country,2009,46029,16929,2599,25161,1340,869,320,49,475,25,0.368,0.056,0.547,0.029,0.047,0.017,0.003,0.026,0.001
393,Saint Kitts and Nevis,Country,2010,45865,17289,2624,25412,540,856,323,49,474,10,0.377,0.057,0.554,0.012,0.046,0.017,0.003,0.026,0.001
393,Saint Kitts and Nevis,Country,2011,45460,17426,2606,25428,0,840,322,48,470,0,0.383,0.057,0.559,0,0.045,0.017,0.003,0.025,0
393,Saint Kitts and Nevis,Country,2012,44557,16888,2433,25237,0,815,309,45,462,0,0.379,0.055,0.566,0,0.044,0.017,0.002,0.025,0
393,Saint Kitts and Nevis,Country,2013,46874,18311,2431,26132,0,850,332,44,474,0,0.391,0.052,0.557,0,0.043,0.017,0.002,0.024,0
393,Saint Kitts and Nevis,Country,2014,49106,19322,2486,27298,0,882,347,45,490,0,0.393,0.051,0.556,0,0.042,0.017,0.002,0.023,0
393,Saint Kitts and Nevis,Country,2015,52542,20945,2653,28944,0,935,373,47,515,0,0.399,0.05,0.551,0,0.044,0.018,0.002,0.024,0
393,Saint Kitts and Nevis,Country,2016,53397,21072,2702,29624,0,942,372,48,523,0,0.395,0.051,0.555,0,0.043,0.017,0.002,0.024,0
393,Saint Kitts and Nevis,Country,2017,52901,21495,2686,28721,0,926,376,47,503,0,0.406,0.051,0.543,0,0.042,0.017,0.002,0.023,0
393,Saint Kitts and Nevis,Country,2018,56319,25920,2726,27673,0,978,450,47,481,0,0.46,0.048,0.491,0,0.044,0.02,0.002,0.022,0
393,Saint Kitts and Nevis,Country,2019,58627,28610,2731,27286,0,1011,494,47,471,0,0.488,0.047,0.465,0,0.044,0.021,0.002,0.02,0
393,Saint Kitts and Nevis,Country,2020,53578,29014,1997,22567,0,918,497,34,387,0,0.542,0.037,0.421,0,0.047,0.026,0.002,0.02,0
393,Saint Kitts and Nevis,Country,2021,57138,32870,1992,22276,0,984,566,34,384,0,0.575,0.035,0.39,0,0.051,0.029,0.002,0.02,0
393,Saint Kitts and Nevis,Country,2022,56527,29905,2319,24303,0,975,516,40,419,0,0.529,0.041,0.43,0,0.046,0.024,0.002,0.02,0
116,Saint Lucia,Country,1995,82192,29097,6436,46648,11,563,199,44,320,0,0.354,0.078,0.568,0,0.055,0.019,0.004,0.031,0
116,Saint Lucia,Country,1996,89558,29808,6627,47693,5430,606,202,45,323,37,0.333,0.074,0.533,0.061,0.057,0.019,0.004,0.031,0.003
116,Saint Lucia,Country,1997,85627,29908,6687,47457,1575,572,200,45,317,11,0.349,0.078,0.554,0.018,0.055,0.019,0.004,0.031,0.001
116,Saint Lucia,Country,1998,84039,29479,6710,46781,1068,555,195,44,309,7,0.351,0.08,0.557,0.013,0.051,0.018,0.004,0.028,0.001
116,Saint Lucia,Country,1999,85238,30555,6855,47476,352,556,199,45,310,2,0.358,0.08,0.557,0.004,0.051,0.018,0.004,0.028,0
116,Saint Lucia,Country,2000,84157,29420,6700,47892,146,543,190,43,309,1,0.35,0.08,0.569,0.002,0.05,0.018,0.004,0.028,0
116,Saint Lucia,Country,2001,85304,29491,7103,48426,284,544,188,45,309,2,0.346,0.083,0.568,0.003,0.053,0.018,0.004,0.03,0
116,Saint Lucia,Country,2002,87194,29633,7571,49706,284,551,187,48,314,2,0.34,0.087,0.57,0.003,0.053,0.018,0.005,0.03,0
116,Saint Lucia,Country,2003,88107,28620,7673,51165,648,551,179,48,320,4,0.325,0.087,0.581,0.007,0.052,0.017,0.005,0.03,0
116,Saint Lucia,Country,2004,89758,28636,7798,52611,713,557,178,48,326,4,0.319,0.087,0.586,0.008,0.049,0.016,0.004,0.029,0
116,Saint Lucia,Country,2005,95675,31179,8077,55470,949,588,192,50,341,6,0.326,0.084,0.58,0.01,0.052,0.017,0.004,0.03,0.001
116,Saint Lucia,Country,2006,100675,31170,7950,59886,1668,614,190,49,365,10,0.31,0.079,0.595,0.017,0.052,0.016,0.004,0.031,0.001
116,Saint Lucia,Country,2007,103196,30721,7640,63822,1012,625,186,46,386,6,0.298,0.074,0.619,0.01,0.052,0.016,0.004,0.032,0.001
116,Saint Lucia,Country,2008,106138,32223,7431,64084,2401,638,194,45,385,14,0.304,0.07,0.604,0.023,0.051,0.015,0.004,0.031,0.001
116,Saint Lucia,Country,2009,107943,35212,7372,62509,2850,644,210,44,373,17,0.326,0.068,0.579,0.026,0.053,0.017,0.004,0.031,0.001
116,Saint Lucia,Country,2010,107058,37269,7447,59822,2519,634,221,44,354,15,0.348,0.07,0.559,0.024,0.052,0.018,0.004,0.029,0.001
116,Saint Lucia,Country,2011,125933,39426,7593,58347,20567,741,232,45,343,121,0.313,0.06,0.463,0.163,0.059,0.018,0.004,0.027,0.01
116,Saint Lucia,Country,2012,122520,42459,7515,56221,16325,717,248,44,329,95,0.347,0.061,0.459,0.133,0.057,0.02,0.004,0.026,0.008
116,Saint Lucia,Country,2013,109563,41683,7026,53747,7106,637,242,41,313,41,0.38,0.064,0.491,0.065,0.052,0.02,0.003,0.026,0.003
116,Saint Lucia,Country,2014,103080,41106,6517,50752,4705,596,238,38,293,27,0.399,0.063,0.492,0.046,0.048,0.019,0.003,0.024,0.002
116,Saint Lucia,Country,2015,101498,42656,6224,48099,4519,584,245,36,277,26,0.42,0.061,0.474,0.045,0.048,0.02,0.003,0.023,0.002
116,Saint Lucia,Country,2016,103916,43340,5943,46343,8289,595,248,34,265,47,0.417,0.057,0.446,0.08,0.047,0.02,0.003,0.021,0.004
116,Saint Lucia,Country,2017,102526,45411,5849,45734,5531,584,259,33,261,32,0.443,0.057,0.446,0.054,0.045,0.02,0.003,0.02,0.002
116,Saint Lucia,Country,2018,104135,46377,5990,44690,7079,591,263,34,254,40,0.445,0.057,0.429,0.068,0.044,0.02,0.003,0.019,0.003
116,Saint Lucia,Country,2019,105961,49553,6277,43717,6415,599,280,35,247,36,0.468,0.059,0.413,0.061,0.045,0.021,0.003,0.019,0.003
116,Saint Lucia,Country,2020,116977,54103,7067,43814,11994,660,305,40,247,68,0.463,0.06,0.375,0.103,0.066,0.031,0.004,0.025,0.007
116,Saint Lucia,Country,2021,148849,47445,6333,41497,53575,836,266,36,233,301,0.319,0.043,0.279,0.36,0.075,0.024,0.003,0.021,0.027
116,Saint Lucia,Country,2022,109939,49540,6467,45195,8737,618,278,36,254,49,0.451,0.059,0.411,0.08,0.046,0.021,0.003,0.019,0.004
117,Saint Vincent and the Grenadines,Country,1995,31880,18737,734,11893,516,289,170,7,108,5,0.588,0.023,0.373,0.016,0.055,0.032,0.001,0.021,0.001
117,Saint Vincent and the Grenadines,Country,1996,32387,19022,733,11820,812,294,173,7,107,7,0.587,0.023,0.365,0.025,0.055,0.032,0.001,0.02,0.001
117,Saint Vincent and the Grenadines,Country,1997,33283,20751,753,11661,118,302,189,7,106,1,0.624,0.023,0.35,0.004,0.055,0.034,0.001,0.019,0
117,Saint Vincent and the Grenadines,Country,1998,31762,19893,733,11007,130,289,181,7,100,1,0.626,0.023,0.347,0.004,0.05,0.031,0.001,0.017,0
117,Saint Vincent and the Grenadines,Country,1999,31220,19924,737,10128,431,284,181,7,92,4,0.638,0.024,0.324,0.014,0.047,0.03,0.001,0.015,0.001
117,Saint Vincent and the Grenadines,Country,2000,28915,19126,732,8855,202,263,174,7,81,2,0.661,0.025,0.306,0.007,0.043,0.029,0.001,0.013,0
117,Saint Vincent and the Grenadines,Country,2001,28774,19361,795,8462,156,262,176,7,77,1,0.673,0.028,0.294,0.005,0.042,0.028,0.001,0.012,0
117,Saint Vincent and the Grenadines,Country,2002,29936,20194,975,8726,42,273,184,9,79,0,0.674,0.032,0.292,0.001,0.042,0.028,0.001,0.012,0
117,Saint Vincent and the Grenadines,Country,2003,30954,20312,1070,9355,217,282,185,10,85,2,0.656,0.034,0.302,0.007,0.04,0.027,0.001,0.012,0
117,Saint Vincent and the Grenadines,Country,2004,31130,19611,1102,9991,426,283,178,10,91,4,0.63,0.035,0.321,0.014,0.039,0.025,0.001,0.013,0.001
117,Saint Vincent and the Grenadines,Country,2005,32472,20182,1148,10623,519,295,183,10,97,5,0.621,0.035,0.327,0.016,0.04,0.025,0.001,0.013,0.001
117,Saint Vincent and the Grenadines,Country,2006,33278,19640,1183,11213,1242,302,178,11,102,11,0.59,0.035,0.337,0.037,0.038,0.022,0.001,0.013,0.001
117,Saint Vincent and the Grenadines,Country,2007,34138,20164,1299,11821,856,309,183,12,107,8,0.591,0.038,0.346,0.025,0.037,0.022,0.001,0.013,0.001
117,Saint Vincent and the Grenadines,Country,2008,35809,21048,1365,12111,1285,323,190,12,109,12,0.588,0.038,0.338,0.036,0.039,0.023,0.001,0.013,0.001
117,Saint Vincent and the Grenadines,Country,2009,37812,22558,1417,12266,1571,340,203,13,110,14,0.596,0.037,0.325,0.042,0.041,0.025,0.002,0.013,0.002
117,Saint Vincent and the Grenadines,Country,2010,37712,22680,1402,12183,1446,338,203,13,109,13,0.601,0.037,0.323,0.038,0.043,0.026,0.002,0.014,0.002
117,Saint Vincent and the Grenadines,Country,2011,36705,22117,1369,12106,1112,328,198,12,108,10,0.602,0.037,0.33,0.03,0.042,0.025,0.002,0.014,0.001
117,Saint Vincent and the Grenadines,Country,2012,36730,21530,1334,12181,1686,328,192,12,109,15,0.586,0.036,0.332,0.046,0.041,0.024,0.001,0.014,0.002
117,Saint Vincent and the Grenadines,Country,2013,39172,23606,1356,12420,1790,348,210,12,110,16,0.603,0.035,0.317,0.046,0.042,0.026,0.001,0.013,0.002
117,Saint Vincent and the Grenadines,Country,2014,41410,24515,1350,12715,2829,367,217,12,113,25,0.592,0.033,0.307,0.068,0.044,0.026,0.001,0.014,0.003
117,Saint Vincent and the Grenadines,Country,2015,43141,23934,1318,12803,5086,381,211,12,113,45,0.555,0.03,0.297,0.118,0.044,0.025,0.001,0.013,0.005
117,Saint Vincent and the Grenadines,Country,2016,43195,25007,1328,13039,3821,380,220,12,115,34,0.579,0.031,0.302,0.089,0.042,0.025,0.001,0.013,0.004
117,Saint Vincent and the Grenadines,Country,2017,41753,26036,1327,13051,1339,367,229,12,115,12,0.624,0.032,0.313,0.032,0.04,0.025,0.001,0.013,0.001
117,Saint Vincent and the Grenadines,Country,2018,45618,27001,1327,12836,4454,400,237,12,113,39,0.592,0.029,0.281,0.098,0.042,0.025,0.001,0.012,0.004
117,Saint Vincent and the Grenadines,Country,2019,46202,29476,1362,12478,2887,405,258,12,109,25,0.638,0.029,0.27,0.063,0.042,0.027,0.001,0.011,0.003
117,Saint Vincent and the Grenadines,Country,2020,50619,31948,1347,13020,4303,443,280,12,114,38,0.631,0.027,0.257,0.085,0.048,0.03,0.001,0.012,0.004
117,Saint Vincent and the Grenadines,Country,2021,65148,35660,1326,13497,14665,568,311,12,118,128,0.547,0.02,0.207,0.225,0.061,0.033,0.001,0.013,0.014
117,Saint Vincent and the Grenadines,Country,2022,47468,31738,1224,12376,2131,417,279,11,109,19,0.669,0.026,0.261,0.045,0.042,0.028,0.001,0.011,0.002
27,Samoa,Country,1995,25366,21076,0,3566,724,146,121,0,21,4,0.831,0,0.141,0.029,0.049,0.041,0,0.007,0.001
27,Samoa,Country,1996,25347,21286,0,3624,436,145,122,0,21,2,0.84,0,0.143,0.017,0.046,0.038,0,0.007,0.001
27,Samoa,Country,1997,24003,20136,1,3603,263,136,114,0,20,1,0.839,0,0.15,0.011,0.043,0.036,0,0.006,0
27,Samoa,Country,1998,24619,20246,1,3599,773,139,114,0,20,4,0.822,0,0.146,0.031,0.043,0.035,0,0.006,0.001
27,Samoa,Country,1999,27463,23205,0,3564,694,154,130,0,20,4,0.845,0,0.13,0.025,0.047,0.04,0,0.006,0.001
27,Samoa,Country,2000,31073,21538,0,3387,6148,173,120,0,19,34,0.693,0,0.109,0.198,0.051,0.035,0,0.006,0.01
27,Samoa,Country,2001,27258,21446,0,3553,2258,150,118,0,20,12,0.787,0,0.13,0.083,0.041,0.032,0,0.005,0.003
27,Samoa,Country,2002,28879,22530,0,3868,2482,158,123,0,21,14,0.78,0,0.134,0.086,0.042,0.032,0,0.006,0.004
27,Samoa,Country,2003,30889,21984,0,4113,4792,168,120,0,22,26,0.712,0,0.133,0.155,0.042,0.03,0,0.006,0.007
27,Samoa,Country,2004,32383,22470,0,4263,5650,175,122,0,23,31,0.694,0,0.132,0.175,0.043,0.03,0,0.006,0.007
27,Samoa,Country,2005,36115,25743,0,4545,5827,194,139,0,24,31,0.713,0,0.126,0.162,0.045,0.032,0,0.006,0.007
27,Samoa,Country,2006,38998,25756,0,4740,8501,209,138,0,25,46,0.66,0,0.122,0.218,0.048,0.031,0,0.006,0.01
27,Samoa,Country,2007,39473,28764,1,4970,5739,210,153,0,26,31,0.728,0,0.126,0.146,0.047,0.034,0,0.006,0.007
27,Samoa,Country,2008,40924,28316,472,5197,6938,217,150,3,28,37,0.692,0.012,0.127,0.17,0.048,0.033,0.001,0.006,0.008
27,Samoa,Country,2009,44234,32143,493,5356,6242,233,169,3,28,33,0.726,0.011,0.121,0.141,0.052,0.038,0.001,0.006,0.007
27,Samoa,Country,2010,50594,31515,489,5497,13093,265,165,3,29,69,0.623,0.01,0.109,0.259,0.058,0.036,0.001,0.006,0.015
27,Samoa,Country,2011,46261,34787,502,5766,5206,241,181,3,30,27,0.752,0.011,0.125,0.113,0.051,0.039,0.001,0.006,0.006
27,Samoa,Country,2012,57295,35401,493,5852,15549,296,183,3,30,80,0.618,0.009,0.102,0.272,0.066,0.041,0.001,0.007,0.018
27,Samoa,Country,2013,56781,34554,477,5921,15830,290,177,2,30,81,0.608,0.008,0.104,0.279,0.065,0.04,0.001,0.007,0.018
27,Samoa,Country,2014,49520,39542,491,6035,3452,251,200,2,31,17,0.798,0.01,0.122,0.07,0.056,0.045,0.001,0.007,0.004
27,Samoa,Country,2015,54518,37508,471,5970,10568,274,188,2,30,53,0.688,0.009,0.11,0.194,0.059,0.041,0.001,0.006,0.011
27,Samoa,Country,2016,47895,35830,456,5991,5618,238,178,2,30,28,0.748,0.01,0.125,0.117,0.048,0.036,0,0.006,0.006
27,Samoa,Country,2017,50326,39371,465,6091,4399,247,193,2,30,22,0.782,0.009,0.121,0.087,0.05,0.039,0,0.006,0.004
27,Samoa,Country,2018,55466,39085,453,6108,9819,269,190,2,30,48,0.704,0.008,0.11,0.177,0.055,0.039,0,0.006,0.01
27,Samoa,Country,2019,63034,42692,464,6340,13538,302,205,2,30,65,0.677,0.007,0.101,0.215,0.061,0.041,0,0.006,0.013
27,Samoa,Country,2020,81377,45588,448,6692,28649,386,216,2,32,136,0.56,0.006,0.082,0.352,0.082,0.046,0,0.007,0.029
27,Samoa,Country,2021,64349,46522,443,7152,10232,301,218,2,33,48,0.723,0.007,0.111,0.159,0.068,0.049,0,0.008,0.011
27,Samoa,Country,2022,61686,43417,416,6782,11072,287,202,2,32,51,0.703,0.007,0.11,0.18,0.068,0.048,0,0.007,0.012
396,San Marino,Country,1995,74987,55741,2434,16812,0,2936,2182,95,658,0,0.742,0.033,0.225,0,0.054,0.04,0.002,0.012,0
396,San Marino,Country,1996,79121,58139,2644,18338,0,3053,2243,102,708,0,0.734,0.033,0.233,0,0.054,0.04,0.002,0.012,0
396,San Marino,Country,1997,84759,61795,2920,20044,0,3223,2350,111,762,0,0.729,0.034,0.237,0,0.055,0.04,0.002,0.013,0
396,San Marino,Country,1998,91269,66246,3266,21756,0,3420,2482,122,815,0,0.726,0.036,0.239,0,0.055,0.04,0.002,0.013,0
396,San Marino,Country,1999,97107,70115,3614,23378,0,3587,2590,133,863,0,0.722,0.037,0.241,0,0.054,0.039,0.002,0.013,0
396,San Marino,Country,2000,101781,73208,3924,24650,0,3706,2665,143,897,0,0.719,0.038,0.242,0,0.055,0.04,0.002,0.013,0
396,San Marino,Country,2001,104390,75463,4197,24730,0,3747,2709,151,888,0,0.723,0.04,0.237,0,0.053,0.039,0.002,0.013,0
396,San Marino,Country,2002,102470,74030,4323,24117,0,3628,2621,153,854,0,0.723,0.042,0.235,0,0.052,0.038,0.002,0.012,0
396,San Marino,Country,2003,97594,70503,4371,22719,0,3409,2463,153,794,0,0.723,0.045,0.233,0,0.048,0.035,0.002,0.011,0
396,San Marino,Country,2004,101003,74238,4639,22126,0,3483,2560,160,763,0,0.735,0.046,0.219,0,0.049,0.036,0.002,0.011,0
396,San Marino,Country,2005,104415,77640,4891,21884,0,3556,2644,167,745,0,0.744,0.047,0.21,0,0.049,0.036,0.002,0.01,0
396,San Marino,Country,2006,108758,81499,5163,22096,0,3660,2742,174,743,0,0.749,0.047,0.203,0,0.049,0.037,0.002,0.01,0
396,San Marino,Country,2007,116715,88619,5556,22540,0,3882,2948,185,750,0,0.759,0.047,0.193,0,0.05,0.038,0.002,0.01,0
396,San Marino,Country,2008,124475,96017,5906,22551,0,4095,3159,194,742,0,0.772,0.047,0.181,0,0.054,0.041,0.003,0.01,0
396,San Marino,Country,2009,133321,105612,6201,21508,0,4341,3439,202,700,0,0.792,0.046,0.161,0,0.065,0.052,0.003,0.011,0
396,San Marino,Country,2010,132169,107044,6215,18911,0,4263,3452,200,610,0,0.81,0.047,0.143,0,0.069,0.056,0.003,0.01,0
396,San Marino,Country,2011,137721,113866,6302,17552,0,4403,3640,201,561,0,0.827,0.046,0.127,0,0.079,0.065,0.004,0.01,0
396,San Marino,Country,2012,151695,128316,6488,16891,0,4811,4069,206,536,0,0.846,0.043,0.111,0,0.095,0.08,0.004,0.011,0
396,San Marino,Country,2013,148945,126503,6257,16185,0,4689,3983,197,510,0,0.85,0.042,0.109,0,0.094,0.08,0.004,0.01,0
396,San Marino,Country,2014,132840,110751,5720,16370,0,4155,3464,179,512,0,0.834,0.043,0.123,0,0.084,0.07,0.004,0.01,0
396,San Marino,Country,2015,144466,121412,5841,17212,0,4493,3776,182,535,0,0.841,0.04,0.119,0,0.092,0.077,0.004,0.011,0
396,San Marino,Country,2016,138995,116313,5612,17070,0,4303,3601,174,528,0,0.837,0.04,0.123,0,0.087,0.072,0.003,0.011,0
396,San Marino,Country,2017,147608,125044,5716,16848,0,4552,3856,176,520,0,0.847,0.039,0.114,0,0.092,0.078,0.004,0.011,0
396,San Marino,Country,2018,147116,125154,5681,16280,0,4523,3848,175,500,0,0.851,0.038,0.111,0,0.091,0.078,0.004,0.01,0
396,San Marino,Country,2019,143648,122107,5638,15903,0,4404,3744,173,488,0,0.85,0.039,0.111,0,0.088,0.074,0.003,0.01,0
396,San Marino,Country,2020,141851,122173,5301,14377,0,4341,3738,162,440,0,0.861,0.037,0.101,0,0.093,0.08,0.003,0.009,0
396,San Marino,Country,2021,144018,122132,5533,16352,0,4400,3731,169,500,0,0.848,0.038,0.114,0,0.082,0.07,0.003,0.009,0
396,San Marino,Country,2022,148500,126724,5943,15832,0,4591,3918,184,489,0,0.853,0.04,0.107,0,0.079,0.067,0.003,0.008,0
215,Sao Tome and Principe,Country,1995,20867,7467,733,8987,3681,157,56,6,68,28,0.357,0.035,0.431,0.177,0.077,0.028,0.003,0.033,0.014
215,Sao Tome and Principe,Country,1996,21007,7538,746,9166,3557,156,56,6,68,26,0.358,0.035,0.436,0.17,0.076,0.027,0.003,0.033,0.013
215,Sao Tome and Principe,Country,1997,20568,8426,802,9589,1750,150,62,6,70,13,0.409,0.039,0.467,0.085,0.074,0.03,0.003,0.035,0.006
215,Sao Tome and Principe,Country,1998,21372,8388,813,9914,2258,154,60,6,71,16,0.392,0.038,0.464,0.106,0.075,0.029,0.003,0.035,0.008
215,Sao Tome and Principe,Country,1999,29971,8544,827,10408,10191,212,61,6,74,72,0.285,0.028,0.347,0.341,0.102,0.029,0.003,0.036,0.035
215,Sao Tome and Principe,Country,2000,27004,7883,800,11013,7308,188,55,6,77,51,0.292,0.03,0.408,0.271,0.092,0.027,0.003,0.037,0.025
215,Sao Tome and Principe,Country,2001,40192,18759,1067,12629,7737,275,128,7,86,53,0.466,0.027,0.314,0.193,0.132,0.062,0.004,0.042,0.025
215,Sao Tome and Principe,Country,2002,35098,15760,917,12474,5947,236,106,6,84,40,0.449,0.026,0.356,0.17,0.113,0.051,0.003,0.04,0.019
215,Sao Tome and Principe,Country,2003,36852,17768,919,12964,5200,243,117,6,85,34,0.482,0.025,0.352,0.141,0.111,0.054,0.003,0.039,0.016
215,Sao Tome and Principe,Country,2004,38487,18045,920,13141,6380,248,116,6,85,41,0.468,0.024,0.342,0.166,0.112,0.053,0.003,0.038,0.019
215,Sao Tome and Principe,Country,2005,32042,12503,841,12308,6389,202,79,5,78,40,0.39,0.026,0.384,0.2,0.088,0.034,0.002,0.034,0.017
215,Sao Tome and Principe,Country,2006,24577,7210,787,10451,6129,152,45,5,65,38,0.293,0.032,0.425,0.25,0.062,0.018,0.002,0.026,0.015
215,Sao Tome and Principe,Country,2007,23873,8210,942,9814,4907,144,50,6,59,30,0.344,0.039,0.411,0.206,0.058,0.02,0.002,0.024,0.012
215,Sao Tome and Principe,Country,2008,24600,6991,921,8493,8195,145,41,5,50,48,0.284,0.037,0.345,0.334,0.056,0.016,0.002,0.019,0.019
215,Sao Tome and Principe,Country,2009,24536,9922,1039,7937,5638,142,57,6,46,33,0.404,0.042,0.323,0.23,0.054,0.022,0.002,0.018,0.012
215,Sao Tome and Principe,Country,2010,26017,11334,999,7381,6303,147,64,6,42,36,0.435,0.038,0.284,0.243,0.056,0.024,0.002,0.016,0.014
215,Sao Tome and Principe,Country,2011,32142,12918,1024,6989,11211,178,71,6,39,62,0.401,0.032,0.217,0.349,0.067,0.027,0.002,0.015,0.023
215,Sao Tome and Principe,Country,2012,28284,14077,1020,6726,6461,153,76,6,36,35,0.497,0.036,0.238,0.229,0.057,0.028,0.002,0.014,0.013
215,Sao Tome and Principe,Country,2013,32146,13165,931,6585,11465,171,70,5,35,61,0.409,0.029,0.205,0.357,0.062,0.025,0.002,0.013,0.022
215,Sao Tome and Principe,Country,2014,32309,14464,854,6498,10493,168,75,4,34,55,0.447,0.026,0.201,0.325,0.059,0.026,0.002,0.012,0.019
215,Sao Tome and Principe,Country,2015,31590,16445,787,6331,8027,161,84,4,32,41,0.52,0.025,0.2,0.255,0.056,0.029,0.001,0.011,0.014
215,Sao Tome and Principe,Country,2016,33687,17879,834,6423,8552,169,90,4,32,43,0.53,0.025,0.191,0.254,0.057,0.03,0.001,0.011,0.015
215,Sao Tome and Principe,Country,2017,36032,17762,831,6474,10965,177,87,4,32,54,0.492,0.023,0.18,0.305,0.059,0.029,0.001,0.011,0.018
215,Sao Tome and Principe,Country,2018,36736,16862,875,6334,12664,178,82,4,31,61,0.459,0.024,0.172,0.345,0.058,0.027,0.001,0.01,0.02
215,Sao Tome and Principe,Country,2019,32616,15068,815,6255,10478,155,72,4,30,50,0.462,0.025,0.192,0.322,0.05,0.023,0.001,0.01,0.016
215,Sao Tome and Principe,Country,2020,42191,20419,1093,5966,14714,198,96,5,28,69,0.483,0.026,0.141,0.349,0.064,0.031,0.002,0.009,0.022
215,Sao Tome and Principe,Country,2021,77331,23512,1026,6374,46419,356,108,5,29,214,0.304,0.013,0.082,0.601,0.115,0.035,0.002,0.009,0.069
215,Sao Tome and Principe,Country,2022,50898,28830,1058,6296,14715,231,131,5,29,67,0.565,0.021,0.124,0.29,0.076,0.043,0.002,0.009,0.022
152,Saudi Arabia,Country,1995,13520132,7315247,1845257,4359629,0,727,393,99,234,0,0.541,0.136,0.323,0,0.024,0.013,0.003,0.008,0
152,Saudi Arabia,Country,1996,14303449,8071416,1864268,4367764,0,751,424,98,229,0,0.564,0.13,0.306,0,0.025,0.014,0.003,0.008,0
152,Saudi Arabia,Country,1997,15615822,9329565,1915838,4370419,0,802,479,98,224,0,0.597,0.123,0.28,0,0.027,0.016,0.003,0.007,0
152,Saudi Arabia,Country,1998,17087026,10714008,1995216,4377242,560,858,538,100,220,0,0.627,0.117,0.256,0,0.029,0.018,0.003,0.007,0
152,Saudi Arabia,Country,1999,18067169,11859118,2016827,4190897,327,889,583,99,206,0,0.656,0.112,0.232,0,0.031,0.02,0.003,0.007,0
152,Saudi Arabia,Country,2000,19829277,13769445,2032386,4027387,58,955,663,98,194,0,0.694,0.103,0.203,0,0.033,0.023,0.003,0.007,0
152,Saudi Arabia,Country,2001,21613842,15628111,2061216,3924423,91,1019,736,97,185,0,0.723,0.095,0.182,0,0.037,0.026,0.003,0.007,0
152,Saudi Arabia,Country,2002,21444265,15683229,1995063,3765801,173,988,722,92,173,0,0.731,0.093,0.176,0,0.037,0.027,0.003,0.007,0
152,Saudi Arabia,Country,2003,21124006,15426674,2022700,3674272,361,949,693,91,165,0,0.73,0.096,0.174,0,0.034,0.025,0.003,0.006,0
152,Saudi Arabia,Country,2004,21104602,15336128,2143839,3624636,0,924,671,94,159,0,0.727,0.102,0.172,0,0.032,0.023,0.003,0.005,0
152,Saudi Arabia,Country,2005,20908147,14966705,2340677,3600765,0,888,636,99,153,0,0.716,0.112,0.172,0,0.03,0.022,0.003,0.005,0
152,Saudi Arabia,Country,2006,21474152,15089019,2677968,3707165,0,884,621,110,153,0,0.703,0.125,0.173,0,0.03,0.021,0.004,0.005,0
152,Saudi Arabia,Country,2007,22733288,15678894,3131276,3923119,0,904,624,125,156,0,0.69,0.138,0.173,0,0.031,0.022,0.004,0.005,0
152,Saudi Arabia,Country,2008,22180345,14493513,3537989,4148842,0,852,557,136,159,0,0.653,0.16,0.187,0,0.029,0.019,0.005,0.005,0
152,Saudi Arabia,Country,2009,27569996,18446592,4490907,4632497,0,1022,684,166,172,0,0.669,0.163,0.168,0,0.036,0.024,0.006,0.006,0
152,Saudi Arabia,Country,2010,26993075,17633068,4678631,4681376,0,966,631,167,168,0,0.653,0.173,0.174,0,0.033,0.022,0.006,0.006,0
152,Saudi Arabia,Country,2011,29453025,19523725,5083718,4845582,0,1018,675,176,168,0,0.663,0.173,0.165,0,0.033,0.022,0.006,0.005,0
152,Saudi Arabia,Country,2012,33158864,22372115,5593255,5193494,0,1109,748,187,174,0,0.675,0.169,0.157,0,0.035,0.024,0.006,0.006,0
152,Saudi Arabia,Country,2013,38681151,26629395,6341419,5710337,0,1253,863,205,185,0,0.688,0.164,0.148,0,0.041,0.028,0.007,0.006,0
152,Saudi Arabia,Country,2014,47305132,33218323,7567566,6519242,0,1487,1044,238,205,0,0.702,0.16,0.138,0,0.048,0.034,0.008,0.007,0
152,Saudi Arabia,Country,2015,54406720,38141056,8757872,7507792,0,1661,1165,267,229,0,0.701,0.161,0.138,0,0.054,0.038,0.009,0.007,0
152,Saudi Arabia,Country,2016,55107880,38245718,8797295,8064867,0,1637,1136,261,240,0,0.694,0.16,0.146,0,0.054,0.037,0.009,0.008,0
152,Saudi Arabia,Country,2017,54611644,38286334,8240232,8085078,0,1581,1108,239,234,0,0.701,0.151,0.148,0,0.052,0.036,0.008,0.008,0
152,Saudi Arabia,Country,2018,55675301,40004403,7912445,7758454,0,1573,1130,224,219,0,0.718,0.142,0.139,0,0.049,0.035,0.007,0.007,0
152,Saudi Arabia,Country,2019,55569111,40632843,7909707,7026561,0,1535,1122,218,194,0,0.731,0.142,0.126,0,0.047,0.034,0.007,0.006,0
152,Saudi Arabia,Country,2020,63784620,49809305,7242111,6733204,0,1725,1347,196,182,0,0.781,0.114,0.106,0,0.057,0.044,0.006,0.006,0
152,Saudi Arabia,Country,2021,59134204,45515617,7571991,6046596,0,1583,1219,203,162,0,0.77,0.128,0.102,0,0.049,0.038,0.006,0.005,0
152,Saudi Arabia,Country,2022,49327701,38610646,5374796,5342258,0,1310,1026,143,142,0,0.783,0.109,0.108,0,0.039,0.031,0.004,0.004,0
216,Senegal,Country,1995,444880,132211,39600,228521,44549,51,15,5,26,5,0.298,0.089,0.512,0.101,0.045,0.013,0.004,0.023,0.005
216,Senegal,Country,1996,445257,138947,40489,232042,33779,50,15,5,26,4,0.313,0.091,0.52,0.077,0.044,0.014,0.004,0.023,0.003
216,Senegal,Country,1997,468451,137641,39828,234874,56108,51,15,4,26,6,0.294,0.085,0.501,0.121,0.045,0.013,0.004,0.023,0.005
216,Senegal,Country,1998,489544,139930,38521,239266,71827,52,15,4,25,8,0.286,0.078,0.488,0.148,0.045,0.013,0.004,0.022,0.007
216,Senegal,Country,1999,503651,152860,37112,246760,66920,52,16,4,25,7,0.304,0.073,0.489,0.134,0.043,0.013,0.003,0.021,0.006
216,Senegal,Country,2000,489820,155310,32305,248710,53495,49,16,3,25,5,0.317,0.066,0.507,0.11,0.04,0.013,0.003,0.02,0.004
216,Senegal,Country,2001,559494,176399,33252,261851,87992,55,17,3,26,9,0.315,0.059,0.467,0.158,0.044,0.014,0.003,0.021,0.007
216,Senegal,Country,2002,551051,179427,35209,272199,64216,53,17,3,26,6,0.326,0.064,0.493,0.117,0.043,0.014,0.003,0.021,0.005
216,Senegal,Country,2003,658223,199884,40945,283503,133890,62,19,4,27,13,0.303,0.062,0.43,0.204,0.049,0.015,0.003,0.021,0.01
216,Senegal,Country,2004,704788,215492,48140,281040,160115,64,20,4,26,15,0.305,0.068,0.398,0.228,0.05,0.015,0.003,0.02,0.011
216,Senegal,Country,2005,684995,222028,54889,253763,154315,61,20,5,23,14,0.324,0.08,0.37,0.226,0.047,0.015,0.004,0.017,0.01
216,Senegal,Country,2006,723140,238883,61303,245749,177206,63,21,5,21,15,0.33,0.085,0.34,0.246,0.048,0.016,0.004,0.016,0.012
216,Senegal,Country,2007,649484,232301,64313,248039,104830,55,20,5,21,9,0.357,0.099,0.382,0.162,0.042,0.015,0.004,0.016,0.007
216,Senegal,Country,2008,689550,220077,66978,258928,143567,57,18,6,21,12,0.319,0.097,0.375,0.209,0.043,0.014,0.004,0.016,0.009
216,Senegal,Country,2009,737818,218626,69380,285208,164604,60,18,6,23,13,0.296,0.094,0.386,0.224,0.045,0.013,0.004,0.017,0.01
216,Senegal,Country,2010,742246,215197,70108,313549,143391,59,17,6,25,11,0.29,0.094,0.422,0.194,0.044,0.013,0.004,0.018,0.008
216,Senegal,Country,2011,811682,225177,71895,345548,169063,63,17,6,27,13,0.277,0.088,0.425,0.209,0.047,0.013,0.004,0.02,0.01
216,Senegal,Country,2012,863998,221431,70879,373106,198583,65,17,5,28,15,0.256,0.082,0.432,0.231,0.049,0.012,0.004,0.021,0.011
216,Senegal,Country,2013,854142,213365,67398,395681,177698,63,16,5,29,13,0.25,0.078,0.463,0.209,0.047,0.012,0.004,0.022,0.01
216,Senegal,Country,2014,905219,219099,64383,413504,208233,66,16,5,30,15,0.242,0.071,0.457,0.231,0.048,0.012,0.003,0.022,0.011
216,Senegal,Country,2015,924182,223783,64721,436246,199433,66,16,5,31,14,0.242,0.07,0.472,0.216,0.046,0.011,0.003,0.022,0.01
216,Senegal,Country,2016,951092,238147,68359,463680,180905,66,17,5,32,13,0.25,0.071,0.488,0.19,0.045,0.011,0.003,0.022,0.009
216,Senegal,Country,2017,1074226,239665,73947,491471,269144,73,16,5,34,18,0.223,0.068,0.458,0.251,0.048,0.011,0.003,0.022,0.012
216,Senegal,Country,2018,1108602,256085,78955,533078,240484,74,17,5,36,16,0.231,0.071,0.481,0.217,0.047,0.011,0.003,0.022,0.01
216,Senegal,Country,2019,1230933,278909,91341,572323,288359,81,18,6,37,19,0.227,0.074,0.465,0.234,0.05,0.011,0.004,0.023,0.012
216,Senegal,Country,2020,1446425,459275,102604,573127,311418,93,29,7,37,20,0.318,0.07,0.396,0.215,0.058,0.019,0.004,0.023,0.013
216,Senegal,Country,2021,1419990,341623,90597,594769,393000,89,22,6,37,25,0.241,0.063,0.419,0.277,0.054,0.013,0.003,0.023,0.015
216,Senegal,Country,2022,1270936,265614,91114,588455,325753,78,16,6,36,20,0.209,0.071,0.463,0.257,0.047,0.01,0.003,0.022,0.012
53,Serbia,Country,1995,2009956,1310112,111227,587921,695,201,131,11,59,0,0.652,0.055,0.292,0,0.053,0.035,0.003,0.016,0
53,Serbia,Country,1996,1996896,1303443,106919,586408,125,200,130,11,59,0,0.653,0.053,0.294,0,0.05,0.033,0.003,0.015,0
53,Serbia,Country,1997,2055807,1349332,106063,599922,491,207,136,11,60,0,0.657,0.051,0.292,0,0.048,0.031,0.002,0.014,0
53,Serbia,Country,1998,2096739,1375947,105597,612658,2538,213,140,11,62,0,0.656,0.05,0.292,0.001,0.047,0.031,0.002,0.014,0
53,Serbia,Country,1999,2141982,1391575,104780,617950,27677,219,143,11,63,3,0.65,0.049,0.288,0.013,0.048,0.031,0.002,0.014,0.001
53,Serbia,Country,2000,2250051,1471859,108371,640034,29788,233,152,11,66,3,0.654,0.048,0.284,0.013,0.048,0.031,0.002,0.014,0.001
53,Serbia,Country,2001,2489105,1660540,114896,687780,25889,260,173,12,72,3,0.667,0.046,0.276,0.01,0.05,0.033,0.002,0.014,0.001
53,Serbia,Country,2002,3067499,2126978,129688,769483,41350,324,225,14,81,4,0.693,0.042,0.251,0.013,0.058,0.04,0.002,0.015,0.001
53,Serbia,Country,2003,3319610,2256071,135274,866385,61880,356,242,15,93,7,0.68,0.041,0.261,0.019,0.061,0.041,0.002,0.016,0.001
53,Serbia,Country,2004,3604121,2399849,143123,1016455,44694,389,259,15,110,5,0.666,0.04,0.282,0.012,0.062,0.041,0.002,0.017,0.001
53,Serbia,Country,2005,3987263,2591166,154125,1208090,33882,431,280,17,131,4,0.65,0.039,0.303,0.009,0.064,0.042,0.002,0.02,0.001
53,Serbia,Country,2006,4468392,2839270,162677,1425714,40731,486,309,18,155,4,0.635,0.036,0.319,0.009,0.069,0.044,0.003,0.022,0.001
53,Serbia,Country,2007,4847134,3011416,162826,1647440,25452,529,329,18,180,3,0.621,0.034,0.34,0.005,0.07,0.044,0.002,0.024,0
53,Serbia,Country,2008,5318057,3311850,154997,1822231,28979,581,362,17,199,3,0.623,0.029,0.343,0.005,0.073,0.045,0.002,0.025,0
53,Serbia,Country,2009,5301890,3237681,136691,1881494,46023,580,354,15,206,5,0.611,0.026,0.355,0.009,0.075,0.046,0.002,0.026,0.001
53,Serbia,Country,2010,5322894,3252501,115385,1922937,32070,584,357,13,211,4,0.611,0.022,0.361,0.006,0.074,0.045,0.002,0.027,0
53,Serbia,Country,2011,5284552,3172271,102927,1936242,73111,581,349,11,213,8,0.6,0.019,0.366,0.014,0.072,0.043,0.001,0.027,0.001
53,Serbia,Country,2012,5412949,3286906,97978,1973701,54363,595,362,11,217,6,0.607,0.018,0.365,0.01,0.074,0.045,0.001,0.027,0.001
53,Serbia,Country,2013,5228991,3091100,90109,2025590,22192,574,340,10,223,2,0.591,0.017,0.387,0.004,0.07,0.042,0.001,0.027,0
53,Serbia,Country,2014,5243004,3081603,84188,2060413,16800,575,338,9,226,2,0.588,0.016,0.393,0.003,0.071,0.042,0.001,0.028,0
53,Serbia,Country,2015,5055874,2907172,82611,2048930,17162,556,319,9,225,2,0.575,0.016,0.405,0.003,0.067,0.039,0.001,0.027,0
53,Serbia,Country,2016,5053822,2899351,88266,2045644,20561,557,320,10,226,2,0.574,0.017,0.405,0.004,0.065,0.037,0.001,0.026,0
53,Serbia,Country,2017,5148977,2948740,98017,2052884,49336,568,326,11,227,5,0.573,0.019,0.399,0.01,0.065,0.037,0.001,0.026,0.001
53,Serbia,Country,2018,5444446,3189899,116058,2097566,40924,602,353,13,232,5,0.586,0.021,0.385,0.008,0.065,0.038,0.001,0.025,0
53,Serbia,Country,2019,5762076,3410102,147880,2153626,50468,639,378,16,239,6,0.592,0.026,0.374,0.009,0.066,0.039,0.002,0.025,0.001
53,Serbia,Country,2020,5811889,3528032,123264,2079637,80956,648,393,14,232,9,0.607,0.021,0.358,0.014,0.067,0.04,0.001,0.024,0.001
53,Serbia,Country,2021,7350119,4472811,112964,2559230,205115,829,504,13,289,23,0.609,0.015,0.348,0.028,0.078,0.048,0.001,0.027,0.002
53,Serbia,Country,2022,7171840,4367076,132726,2587362,84676,817,497,15,295,10,0.609,0.018,0.361,0.012,0.074,0.045,0.001,0.027,0.001
186,Seychelles,Country,1995,52635,30527,0,9658,12450,685,397,0,126,162,0.58,0,0.184,0.237,0.073,0.042,0,0.013,0.017
186,Seychelles,Country,1996,43974,34083,0,9874,17,566,439,0,127,0,0.775,0,0.225,0,0.057,0.044,0,0.013,0
186,Seychelles,Country,1997,46742,35470,0,9805,1467,595,452,0,125,19,0.759,0,0.21,0.031,0.054,0.041,0,0.011,0.002
186,Seychelles,Country,1998,49715,37951,0,9841,1922,626,478,0,124,24,0.763,0,0.198,0.039,0.054,0.042,0,0.011,0.002
186,Seychelles,Country,1999,47488,36852,0,9907,729,590,458,0,123,9,0.776,0,0.209,0.015,0.051,0.04,0,0.011,0.001
186,Seychelles,Country,2000,49174,37348,1,10102,1723,603,458,0,124,21,0.759,0,0.206,0.035,0.052,0.039,0,0.011,0.002
186,Seychelles,Country,2001,45080,33629,0,11104,347,545,406,0,134,4,0.746,0,0.246,0.008,0.048,0.036,0,0.012,0
186,Seychelles,Country,2002,50318,38260,0,11553,506,600,456,0,138,6,0.76,0,0.23,0.01,0.053,0.041,0,0.012,0.001
186,Seychelles,Country,2003,48525,33993,0,12255,2278,570,400,0,144,27,0.7,0,0.253,0.047,0.054,0.038,0,0.014,0.003
186,Seychelles,Country,2004,46513,31729,0,13164,1620,539,368,0,153,19,0.682,0,0.283,0.035,0.053,0.036,0,0.015,0.002
186,Seychelles,Country,2005,48089,31836,0,14716,1536,550,364,0,168,18,0.662,0,0.306,0.032,0.049,0.033,0,0.015,0.002
186,Seychelles,Country,2006,51797,34775,0,16736,286,584,392,0,189,3,0.671,0,0.323,0.006,0.049,0.033,0,0.016,0
186,Seychelles,Country,2007,53575,34821,0,18591,162,596,387,0,207,2,0.65,0,0.347,0.003,0.046,0.03,0,0.016,0
186,Seychelles,Country,2008,46960,26438,1,20375,146,515,290,0,224,2,0.563,0,0.434,0.003,0.041,0.023,0,0.018,0
186,Seychelles,Country,2009,52826,30255,23,22299,248,572,328,0,241,3,0.573,0,0.422,0.005,0.047,0.027,0,0.02,0
186,Seychelles,Country,2010,59184,34653,217,23613,701,633,370,2,252,7,0.585,0.004,0.399,0.012,0.05,0.029,0,0.02,0.001
186,Seychelles,Country,2011,63991,39019,546,24136,289,675,412,6,255,3,0.61,0.009,0.377,0.005,0.049,0.03,0,0.019,0
186,Seychelles,Country,2012,70448,45050,998,23986,414,734,470,10,250,4,0.639,0.014,0.341,0.006,0.053,0.034,0.001,0.018,0
186,Seychelles,Country,2013,70472,46786,894,22184,608,726,482,9,228,6,0.664,0.013,0.315,0.009,0.051,0.034,0.001,0.016,0
186,Seychelles,Country,2014,67602,46141,716,20745,0,688,470,7,211,0,0.682,0.011,0.307,0,0.047,0.032,0,0.014,0
186,Seychelles,Country,2015,69048,48400,912,19735,0,695,487,9,199,0,0.701,0.013,0.286,0,0.044,0.031,0.001,0.013,0
186,Seychelles,Country,2016,77685,56203,1265,20217,0,773,560,13,201,0,0.723,0.016,0.26,0,0.045,0.032,0.001,0.012,0
186,Seychelles,Country,2017,81524,59474,1410,20640,0,803,586,14,203,0,0.729,0.017,0.253,0,0.044,0.032,0.001,0.011,0
186,Seychelles,Country,2018,86177,63165,1485,21527,0,841,616,14,210,0,0.733,0.017,0.25,0,0.045,0.033,0.001,0.011,0
186,Seychelles,Country,2019,88698,64990,1516,22192,0,857,628,15,214,0,0.733,0.017,0.25,0,0.044,0.032,0.001,0.011,0
186,Seychelles,Country,2020,108258,84025,1477,22756,0,1036,804,14,218,0,0.776,0.014,0.21,0,0.061,0.047,0.001,0.013,0
186,Seychelles,Country,2021,93904,71041,1419,21443,0,882,668,13,202,0,0.756,0.015,0.228,0,0.052,0.039,0.001,0.012,0
186,Seychelles,Country,2022,87854,64804,1532,21518,0,807,595,14,198,0,0.737,0.017,0.245,0,0.045,0.033,0.001,0.011,0
217,Sierra Leone,Country,1995,110414,13791,1098,90639,4885,27,3,0,22,1,0.126,0.01,0.819,0.045,0.055,0.007,0.001,0.045,0.002
217,Sierra Leone,Country,1996,106050,14080,1070,81655,9245,25,3,0,20,2,0.134,0.01,0.768,0.088,0.063,0.008,0.001,0.049,0.006
217,Sierra Leone,Country,1997,92922,13608,1007,74777,3530,22,3,0,18,1,0.147,0.011,0.803,0.038,0.065,0.009,0.001,0.052,0.002
217,Sierra Leone,Country,1998,97948,13356,951,72172,11468,23,3,0,17,3,0.137,0.01,0.735,0.118,0.067,0.009,0.001,0.05,0.008
217,Sierra Leone,Country,1999,92242,12744,850,69844,8804,21,3,0,16,2,0.139,0.009,0.756,0.096,0.068,0.009,0.001,0.052,0.006
217,Sierra Leone,Country,2000,116146,11949,713,71802,31682,26,3,0,16,7,0.103,0.006,0.617,0.274,0.083,0.009,0.001,0.051,0.023
217,Sierra Leone,Country,2001,110160,13563,722,79179,16696,24,3,0,17,4,0.123,0.007,0.718,0.152,0.072,0.009,0,0.052,0.011
217,Sierra Leone,Country,2002,127364,15460,798,91489,19616,26,3,0,19,4,0.121,0.006,0.718,0.155,0.065,0.008,0,0.047,0.01
217,Sierra Leone,Country,2003,145966,16005,845,101043,28073,29,3,0,20,5,0.11,0.006,0.692,0.193,0.068,0.007,0,0.047,0.013
217,Sierra Leone,Country,2004,158854,16535,887,108174,33258,30,3,0,20,6,0.104,0.006,0.68,0.21,0.069,0.007,0,0.047,0.014
217,Sierra Leone,Country,2005,182141,17238,937,114382,49583,33,3,0,21,9,0.095,0.005,0.627,0.273,0.075,0.007,0,0.047,0.02
217,Sierra Leone,Country,2006,184074,16878,966,119431,46799,33,3,0,21,8,0.092,0.005,0.648,0.255,0.072,0.007,0,0.047,0.018
217,Sierra Leone,Country,2007,190126,14892,965,124553,49716,33,3,0,21,9,0.078,0.005,0.654,0.262,0.07,0.005,0,0.046,0.018
217,Sierra Leone,Country,2008,226670,18271,1097,134793,72510,38,3,0,23,12,0.081,0.005,0.594,0.32,0.079,0.006,0,0.047,0.025
217,Sierra Leone,Country,2009,222495,21418,1211,143910,55956,36,3,0,23,9,0.096,0.005,0.646,0.252,0.075,0.007,0,0.049,0.019
217,Sierra Leone,Country,2010,254069,25904,1374,153069,73722,40,4,0,24,12,0.102,0.005,0.602,0.291,0.08,0.008,0,0.048,0.023
217,Sierra Leone,Country,2011,284806,28155,1651,170240,84760,43,4,0,26,13,0.099,0.006,0.597,0.298,0.083,0.008,0,0.05,0.025
217,Sierra Leone,Country,2012,315706,29460,2134,190397,93714,47,4,0,28,14,0.093,0.007,0.603,0.297,0.081,0.008,0.001,0.049,0.024
217,Sierra Leone,Country,2013,315323,28452,3144,217063,66665,45,4,0,31,10,0.09,0.01,0.688,0.212,0.069,0.006,0.001,0.047,0.015
217,Sierra Leone,Country,2014,687287,35043,14647,239709,397888,95,5,2,33,55,0.051,0.021,0.349,0.579,0.144,0.007,0.003,0.05,0.084
217,Sierra Leone,Country,2015,706062,35202,16294,223171,431396,95,5,2,30,58,0.05,0.023,0.316,0.611,0.166,0.008,0.004,0.053,0.102
217,Sierra Leone,Country,2016,486312,35468,13921,207217,229707,63,5,2,27,30,0.073,0.029,0.426,0.473,0.103,0.007,0.003,0.044,0.049
217,Sierra Leone,Country,2017,387368,33934,8166,184805,160463,49,4,1,23,20,0.088,0.021,0.477,0.415,0.075,0.007,0.002,0.036,0.031
217,Sierra Leone,Country,2018,402189,33141,5558,174892,188599,49,4,1,21,23,0.082,0.014,0.434,0.469,0.072,0.006,0.001,0.031,0.034
217,Sierra Leone,Country,2019,385213,37605,5371,175156,167081,46,4,1,21,20,0.098,0.014,0.454,0.434,0.065,0.006,0.001,0.03,0.028
217,Sierra Leone,Country,2020,416036,41811,4198,164976,205051,48,5,0,19,24,0.1,0.01,0.396,0.494,0.071,0.007,0.001,0.028,0.035
217,Sierra Leone,Country,2021,462034,63164,987,151352,246531,52,7,0,17,28,0.136,0.002,0.327,0.534,0.073,0.01,0,0.024,0.039
217,Sierra Leone,Country,2022,365607,51131,948,146386,167143,40,6,0,16,18,0.14,0.003,0.4,0.458,0.056,0.008,0,0.022,0.025
69,Singapore,Country,1995,5167501,1854591,722345,2590564,0,1466,526,205,735,0,0.359,0.14,0.501,0,0.037,0.013,0.005,0.019,0
69,Singapore,Country,1996,5740732,2195657,794939,2750136,0,1564,598,217,749,0,0.382,0.138,0.479,0,0.038,0.015,0.005,0.018,0
69,Singapore,Country,1997,5757892,2121061,804349,2832482,0,1517,559,212,746,0,0.368,0.14,0.492,0,0.036,0.013,0.005,0.018,0
69,Singapore,Country,1998,6227335,2410587,869905,2946843,0,1586,614,222,750,0,0.387,0.14,0.473,0,0.039,0.015,0.005,0.019,0
69,Singapore,Country,1999,6045398,2237680,866834,2940884,0,1527,565,219,743,0,0.37,0.143,0.487,0,0.036,0.013,0.005,0.018,0
69,Singapore,Country,2000,6116527,2185827,910769,3019931,0,1518,543,226,750,0,0.357,0.149,0.494,0,0.034,0.012,0.005,0.017,0
69,Singapore,Country,2001,6339749,2227028,952916,3159805,0,1532,538,230,764,0,0.351,0.15,0.499,0,0.035,0.012,0.005,0.018,0
69,Singapore,Country,2002,6424757,2157204,976080,3291474,0,1539,517,234,788,0,0.336,0.152,0.512,0,0.034,0.012,0.005,0.018,0
69,Singapore,Country,2003,6742234,2313223,1041997,3387014,0,1639,562,253,823,0,0.343,0.155,0.502,0,0.035,0.012,0.005,0.017,0
69,Singapore,Country,2004,6836736,2291253,1096202,3449281,0,1641,550,263,828,0,0.335,0.16,0.505,0,0.032,0.011,0.005,0.016,0
69,Singapore,Country,2005,6996791,2310442,1163210,3523140,0,1640,542,273,826,0,0.33,0.166,0.504,0,0.03,0.01,0.005,0.015,0
69,Singapore,Country,2006,7511712,2556123,1287453,3668136,0,1707,581,293,833,0,0.34,0.171,0.488,0,0.03,0.01,0.005,0.015,0
69,Singapore,Country,2007,7420917,2330800,1325980,3764138,0,1617,508,289,820,0,0.314,0.179,0.507,0,0.027,0.008,0.005,0.014,0
69,Singapore,Country,2008,9129607,3363605,1681250,4084752,0,1887,695,347,844,0,0.368,0.184,0.447,0,0.033,0.012,0.006,0.015,0
69,Singapore,Country,2009,10268987,4025067,2068241,4175679,0,2059,807,415,837,0,0.392,0.201,0.407,0,0.037,0.014,0.007,0.015,0
69,Singapore,Country,2010,9850793,3491742,2196473,4162578,0,1940,688,433,820,0,0.354,0.223,0.423,0,0.031,0.011,0.007,0.013,0
69,Singapore,Country,2011,10685065,3899506,2486920,4298639,0,2061,752,480,829,0,0.365,0.233,0.402,0,0.031,0.011,0.007,0.013,0
69,Singapore,Country,2012,11878889,4577375,2761445,4540069,0,2236,862,520,855,0,0.385,0.232,0.382,0,0.033,0.013,0.008,0.013,0
69,Singapore,Country,2013,13427779,5553303,3013938,4860538,0,2487,1029,558,900,0,0.414,0.224,0.362,0,0.036,0.015,0.008,0.013,0
69,Singapore,Country,2014,15093471,6712251,3212573,5168647,0,2759,1227,587,945,0,0.445,0.213,0.342,0,0.039,0.017,0.008,0.013,0
69,Singapore,Country,2015,16803485,7913832,3359219,5530435,0,3036,1430,607,999,0,0.471,0.2,0.329,0,0.042,0.02,0.008,0.014,0
69,Singapore,Country,2016,18130775,8848657,3479213,5802905,0,3233,1578,620,1035,0,0.488,0.192,0.32,0,0.044,0.021,0.008,0.014,0
69,Singapore,Country,2017,18002279,8765659,3452350,5784271,0,3208,1562,615,1031,0,0.487,0.192,0.321,0,0.042,0.02,0.008,0.013,0
69,Singapore,Country,2018,18694905,9438984,3586697,5669224,0,3315,1674,636,1005,0,0.505,0.192,0.303,0,0.042,0.021,0.008,0.013,0
69,Singapore,Country,2019,19642857,10159999,3768675,5714184,0,3466,1793,665,1008,0,0.517,0.192,0.291,0,0.044,0.023,0.008,0.013,0
69,Singapore,Country,2020,24369917,14805892,3534144,6029881,0,4277,2598,620,1058,0,0.608,0.145,0.247,0,0.056,0.034,0.008,0.014,0
69,Singapore,Country,2021,24650378,15031064,3698374,5920940,0,4306,2626,646,1034,0,0.61,0.15,0.24,0,0.049,0.03,0.007,0.012,0
69,Singapore,Country,2022,24294719,13762597,4536183,5995939,0,4246,2405,793,1048,0,0.566,0.187,0.247,0,0.048,0.027,0.009,0.012,0
54,Slovakia,Country,1995,3103150,2715015,38868,349267,0,579,506,7,65,0,0.875,0.013,0.113,0,0.059,0.051,0.001,0.007,0
54,Slovakia,Country,1996,3320583,2928171,41141,351271,0,618,545,8,65,0,0.882,0.012,0.106,0,0.059,0.052,0.001,0.006,0
54,Slovakia,Country,1997,3248994,2873370,41994,333630,0,604,534,8,62,0,0.884,0.013,0.103,0,0.055,0.049,0.001,0.006,0
54,Slovakia,Country,1998,3244736,2861039,43402,340280,15,603,531,8,63,0,0.882,0.013,0.105,0,0.053,0.047,0.001,0.006,0
54,Slovakia,Country,1999,3332814,2922256,45289,365270,0,619,542,8,68,0,0.877,0.014,0.11,0,0.055,0.048,0.001,0.006,0
54,Slovakia,Country,2000,3537898,3095780,48397,393721,0,656,574,9,73,0,0.875,0.014,0.111,0,0.057,0.05,0.001,0.006,0
54,Slovakia,Country,2001,3459295,2980623,42811,435860,0,642,553,8,81,0,0.862,0.012,0.126,0,0.054,0.047,0.001,0.007,0
54,Slovakia,Country,2002,3807175,3246833,42158,518100,85,706,602,8,96,0,0.853,0.011,0.136,0,0.057,0.049,0.001,0.008,0
54,Slovakia,Country,2003,4007919,3314666,38782,654471,0,743,615,7,121,0,0.827,0.01,0.163,0,0.058,0.048,0.001,0.009,0
54,Slovakia,Country,2004,4491422,3524891,36394,907840,22297,833,654,7,168,4,0.785,0.008,0.202,0.005,0.061,0.048,0,0.012,0
54,Slovakia,Country,2005,5256583,3964663,78666,1189332,23922,975,735,15,221,4,0.754,0.015,0.226,0.005,0.067,0.051,0.001,0.015,0
54,Slovakia,Country,2006,5886243,4270567,157656,1455712,2309,1091,792,29,270,0,0.726,0.027,0.247,0,0.069,0.05,0.002,0.017,0
54,Slovakia,Country,2007,6420367,4524665,246983,1648718,0,1190,839,46,306,0,0.705,0.038,0.257,0,0.068,0.048,0.003,0.017,0
54,Slovakia,Country,2008,6943474,4906217,336614,1700643,0,1286,909,62,315,0,0.707,0.048,0.245,0,0.07,0.049,0.003,0.017,0
54,Slovakia,Country,2009,7778941,5587528,427640,1763773,0,1440,1034,79,326,0,0.718,0.055,0.227,0,0.083,0.059,0.005,0.019,0
54,Slovakia,Country,2010,7702581,5473220,446052,1783309,0,1424,1012,82,330,0,0.711,0.058,0.232,0,0.077,0.055,0.004,0.018,0
54,Slovakia,Country,2011,7644140,5455800,409729,1778611,0,1412,1007,76,328,0,0.714,0.054,0.233,0,0.074,0.053,0.004,0.017,0
54,Slovakia,Country,2012,7642396,5513517,376204,1752675,0,1411,1018,69,323,0,0.721,0.049,0.229,0,0.073,0.053,0.004,0.017,0
54,Slovakia,Country,2013,7688875,5710733,304799,1673342,0,1419,1054,56,309,0,0.743,0.04,0.218,0,0.073,0.054,0.003,0.016,0
54,Slovakia,Country,2014,7668544,5888056,248633,1531855,0,1414,1086,46,283,0,0.768,0.032,0.2,0,0.071,0.055,0.002,0.014,0
54,Slovakia,Country,2015,8020369,6304266,221663,1494440,0,1478,1162,41,275,0,0.786,0.028,0.186,0,0.071,0.056,0.002,0.013,0
54,Slovakia,Country,2016,8039474,6354108,193964,1491402,0,1481,1171,36,275,0,0.79,0.024,0.185,0,0.07,0.055,0.002,0.013,0
54,Slovakia,Country,2017,7997352,6307624,177329,1512399,0,1472,1161,33,278,0,0.789,0.022,0.189,0,0.067,0.053,0.001,0.013,0
54,Slovakia,Country,2018,8311991,6574835,169344,1567812,0,1529,1210,31,288,0,0.791,0.02,0.189,0,0.067,0.053,0.001,0.013,0
54,Slovakia,Country,2019,8746827,6928384,173523,1644920,0,1608,1274,32,302,0,0.792,0.02,0.188,0,0.069,0.055,0.001,0.013,0
54,Slovakia,Country,2020,8722507,7014448,82774,1625284,0,1604,1290,15,299,0,0.804,0.009,0.186,0,0.071,0.057,0.001,0.013,0
54,Slovakia,Country,2021,9959080,7941828,83729,1933523,0,1832,1461,15,356,0,0.797,0.008,0.194,0,0.077,0.061,0.001,0.015,0
54,Slovakia,Country,2022,10110916,8069244,85889,1955783,0,1867,1490,16,361,0,0.798,0.008,0.193,0,0.078,0.062,0.001,0.015,0
55,Slovenia,Country,1995,2395275,1804251,260070,330308,645,1206,908,131,166,0,0.753,0.109,0.138,0,0.072,0.054,0.008,0.01,0
55,Slovenia,Country,1996,2406491,1777527,284012,344880,72,1210,894,143,173,0,0.739,0.118,0.143,0,0.07,0.052,0.008,0.01,0
55,Slovenia,Country,1997,2567398,1880453,322913,364032,0,1290,945,162,183,0,0.732,0.126,0.142,0,0.071,0.052,0.009,0.01,0
55,Slovenia,Country,1998,2743432,1996599,362958,383875,0,1378,1003,182,193,0,0.728,0.132,0.14,0,0.073,0.053,0.01,0.01,0
55,Slovenia,Country,1999,2938774,2121305,413051,404418,0,1476,1065,207,203,0,0.722,0.141,0.138,0,0.074,0.054,0.01,0.01,0
55,Slovenia,Country,2000,3161161,2259967,480404,420790,0,1586,1134,241,211,0,0.715,0.152,0.133,0,0.077,0.055,0.012,0.01,0
55,Slovenia,Country,2001,3376226,2413678,530421,432128,0,1692,1210,266,217,0,0.715,0.157,0.128,0,0.08,0.057,0.013,0.01,0
55,Slovenia,Country,2002,3495503,2505816,548244,441443,0,1750,1255,275,221,0,0.717,0.157,0.126,0,0.081,0.058,0.013,0.01,0
55,Slovenia,Country,2003,3634854,2617113,565063,452677,0,1818,1309,283,226,0,0.72,0.155,0.125,0,0.081,0.058,0.013,0.01,0
55,Slovenia,Country,2004,3757092,2708692,581164,467236,0,1877,1353,290,233,0,0.721,0.155,0.124,0,0.08,0.058,0.012,0.01,0
55,Slovenia,Country,2005,3915039,2820733,601760,492546,0,1951,1406,300,246,0,0.72,0.154,0.126,0,0.08,0.058,0.012,0.01,0
55,Slovenia,Country,2006,4062716,2910747,635344,516625,0,2020,1447,316,257,0,0.716,0.156,0.127,0,0.079,0.056,0.012,0.01,0
55,Slovenia,Country,2007,4153367,2947677,656834,548857,0,2058,1461,326,272,0,0.71,0.158,0.132,0,0.075,0.053,0.012,0.01,0
55,Slovenia,Country,2008,4405103,3148973,682841,573289,0,2175,1555,337,283,0,0.715,0.155,0.13,0,0.077,0.055,0.012,0.01,0
55,Slovenia,Country,2009,4612239,3338724,693853,579662,0,2268,1642,341,285,0,0.724,0.15,0.126,0,0.088,0.064,0.013,0.011,0
55,Slovenia,Country,2010,4601331,3325685,699757,575890,0,2254,1629,343,282,0,0.723,0.152,0.125,0,0.087,0.063,0.013,0.011,0
55,Slovenia,Country,2011,4570000,3276447,723690,569864,0,2231,1600,353,278,0,0.717,0.158,0.125,0,0.086,0.061,0.014,0.011,0
55,Slovenia,Country,2012,4438614,3129916,742230,566467,0,2161,1524,361,276,0,0.705,0.167,0.128,0,0.086,0.06,0.014,0.011,0
55,Slovenia,Country,2013,4793103,3433277,784482,575343,0,2328,1667,381,279,0,0.716,0.164,0.12,0,0.093,0.067,0.015,0.011,0
55,Slovenia,Country,2014,4520965,3192626,751634,576705,0,2191,1547,364,279,0,0.706,0.166,0.128,0,0.085,0.06,0.014,0.011,0
55,Slovenia,Country,2015,4629107,3297563,751123,580420,0,2239,1595,363,281,0,0.712,0.162,0.125,0,0.085,0.061,0.014,0.011,0
55,Slovenia,Country,2016,4733394,3398074,752068,583252,0,2286,1641,363,282,0,0.718,0.159,0.123,0,0.084,0.061,0.013,0.01,0
55,Slovenia,Country,2017,4867971,3505741,767612,594618,0,2349,1692,370,287,0,0.72,0.158,0.122,0,0.083,0.059,0.013,0.01,0
55,Slovenia,Country,2018,5126284,3705968,807446,612870,0,2472,1787,389,296,0,0.723,0.158,0.12,0,0.083,0.06,0.013,0.01,0
55,Slovenia,Country,2019,5410322,3913695,863076,633552,0,2609,1887,416,305,0,0.723,0.16,0.117,0,0.086,0.062,0.014,0.01,0
55,Slovenia,Country,2020,5766530,4196124,850564,719842,0,2782,2025,410,347,0,0.728,0.148,0.125,0,0.096,0.07,0.014,0.012,0
55,Slovenia,Country,2021,6279560,4611165,859769,808626,0,2986,2192,409,384,0,0.734,0.137,0.129,0,0.096,0.07,0.013,0.012,0
55,Slovenia,Country,2022,6511173,4790379,910445,810350,0,3098,2279,433,386,0,0.736,0.14,0.124,0,0.097,0.071,0.014,0.012,0
28,Solomon Islands,Country,1995,34723,31498,5,1703,1518,88,80,0,4,4,0.907,0,0.049,0.044,0.038,0.035,0,0.002,0.002
28,Solomon Islands,Country,1996,37897,33913,5,1789,2190,94,84,0,4,5,0.894,0,0.047,0.058,0.041,0.037,0,0.002,0.002
28,Solomon Islands,Country,1997,37019,32745,5,1852,2417,89,79,0,4,6,0.884,0,0.05,0.066,0.04,0.035,0,0.002,0.003
28,Solomon Islands,Country,1998,39838,31487,5,1900,6446,94,74,0,4,15,0.79,0,0.048,0.162,0.042,0.033,0,0.002,0.007
28,Solomon Islands,Country,1999,46462,38118,4,2007,6333,107,88,0,5,15,0.82,0,0.043,0.137,0.049,0.04,0,0.002,0.007
28,Solomon Islands,Country,2000,54470,40719,4,2095,11653,122,91,0,5,26,0.747,0,0.039,0.214,0.066,0.049,0,0.003,0.014
28,Solomon Islands,Country,2001,55926,45497,3,2109,8318,123,100,0,5,18,0.813,0,0.038,0.149,0.073,0.059,0,0.003,0.011
28,Solomon Islands,Country,2002,53513,41615,4,1926,9967,115,89,0,4,21,0.777,0,0.036,0.187,0.071,0.055,0,0.003,0.013
28,Solomon Islands,Country,2003,61796,43647,4,1805,16340,130,92,0,4,34,0.706,0,0.029,0.265,0.076,0.054,0,0.002,0.02
28,Solomon Islands,Country,2004,67599,44569,4,1810,21215,139,92,0,4,44,0.659,0,0.027,0.314,0.078,0.051,0,0.002,0.024
28,Solomon Islands,Country,2005,68686,48857,4,1884,17941,138,98,0,4,36,0.711,0,0.027,0.262,0.074,0.053,0,0.002,0.019
28,Solomon Islands,Country,2006,69008,47543,4,1960,19500,136,94,0,4,38,0.689,0,0.028,0.283,0.071,0.049,0,0.002,0.02
28,Solomon Islands,Country,2007,70110,48074,4,2005,20026,135,93,0,4,39,0.685,0,0.029,0.286,0.07,0.048,0,0.002,0.02
28,Solomon Islands,Country,2008,71896,40645,5,1975,29271,136,77,0,4,55,0.565,0,0.027,0.408,0.067,0.038,0,0.002,0.027
28,Solomon Islands,Country,2009,77874,38002,6,1958,37908,144,71,0,4,70,0.488,0,0.025,0.487,0.071,0.035,0,0.002,0.035
28,Solomon Islands,Country,2010,79709,36562,6,1982,41158,145,66,0,4,75,0.458,0,0.025,0.517,0.067,0.031,0,0.002,0.035
28,Solomon Islands,Country,2011,90442,36208,7,1966,52261,161,65,0,4,93,0.4,0,0.022,0.578,0.072,0.029,0,0.002,0.042
28,Solomon Islands,Country,2012,67644,36304,7,1934,29399,118,63,0,3,51,0.536,0,0.029,0.435,0.053,0.029,0,0.002,0.023
28,Solomon Islands,Country,2013,86368,39887,6,1952,44522,148,68,0,3,76,0.462,0,0.023,0.516,0.066,0.03,0,0.001,0.034
28,Solomon Islands,Country,2014,56284,39779,7,1936,14562,94,67,0,3,24,0.707,0,0.034,0.259,0.043,0.03,0,0.001,0.011
28,Solomon Islands,Country,2015,73022,42137,7,1941,28938,120,69,0,3,48,0.577,0,0.027,0.396,0.055,0.032,0,0.001,0.022
28,Solomon Islands,Country,2016,70653,44467,7,1997,24183,114,72,0,3,39,0.629,0,0.028,0.342,0.051,0.032,0,0.001,0.018
28,Solomon Islands,Country,2017,79215,46879,6,2075,30255,125,74,0,3,48,0.592,0,0.026,0.382,0.056,0.033,0,0.001,0.022
28,Solomon Islands,Country,2018,80893,45692,7,2203,32990,125,71,0,3,51,0.565,0,0.027,0.408,0.057,0.032,0,0.002,0.023
28,Solomon Islands,Country,2019,78942,49817,6,2396,26723,120,76,0,4,41,0.631,0,0.03,0.339,0.055,0.034,0,0.002,0.019
28,Solomon Islands,Country,2020,97639,54607,6,2484,40541,146,81,0,4,60,0.559,0,0.025,0.415,0.07,0.039,0,0.002,0.029
28,Solomon Islands,Country,2021,91640,53675,7,2790,35169,133,78,0,4,51,0.586,0,0.03,0.384,0.064,0.037,0,0.002,0.025
28,Solomon Islands,Country,2022,83764,52791,7,2879,28088,119,75,0,4,40,0.63,0,0.034,0.335,0.057,0.036,0,0.002,0.019
187,Somalia,Country,1995,53778,10420,811,36666,5881,6,1,0,4,1,0.196,0.015,0.678,0.111,0.024,0.005,0,0.016,0.003
187,Somalia,Country,1996,54987,10409,810,37572,6195,6,1,0,4,1,0.191,0.015,0.679,0.114,0.022,0.004,0,0.015,0.003
187,Somalia,Country,1997,54818,10596,807,38333,5083,6,1,0,4,1,0.195,0.015,0.695,0.094,0.022,0.004,0,0.015,0.002
187,Somalia,Country,1998,56920,10770,789,39170,6190,6,1,0,4,1,0.191,0.014,0.684,0.11,0.021,0.004,0,0.015,0.002
187,Somalia,Country,1999,57086,10711,751,39810,5813,6,1,0,4,1,0.19,0.013,0.694,0.103,0.02,0.004,0,0.014,0.002
187,Somalia,Country,2000,58992,10727,690,40453,7122,6,1,0,4,1,0.184,0.012,0.682,0.122,0.019,0.004,0,0.013,0.002
187,Somalia,Country,2001,62929,11430,707,42429,8364,6,1,0,4,1,0.184,0.011,0.67,0.135,0.019,0.003,0,0.013,0.003
187,Somalia,Country,2002,67132,12303,767,45312,8749,6,1,0,4,1,0.185,0.012,0.671,0.132,0.019,0.003,0,0.013,0.002
187,Somalia,Country,2003,71508,13231,863,48657,8757,6,1,0,4,1,0.187,0.012,0.676,0.124,0.019,0.003,0,0.013,0.002
187,Somalia,Country,2004,82898,14128,941,51968,15861,7,1,0,4,1,0.172,0.011,0.623,0.194,0.02,0.003,0,0.013,0.004
187,Somalia,Country,2005,85547,15067,1053,55508,13919,7,1,0,4,1,0.178,0.012,0.644,0.165,0.019,0.003,0,0.012,0.003
187,Somalia,Country,2006,94602,16218,1192,59263,17929,7,1,0,5,1,0.173,0.013,0.622,0.192,0.02,0.003,0,0.012,0.004
187,Somalia,Country,2007,99784,17827,1342,63288,17326,7,1,0,5,1,0.181,0.014,0.63,0.176,0.019,0.003,0,0.012,0.003
187,Somalia,Country,2008,116451,19707,1494,67459,27791,8,1,0,5,2,0.171,0.013,0.575,0.241,0.021,0.004,0,0.012,0.005
187,Somalia,Country,2009,120120,22560,1689,72516,23356,8,2,0,5,2,0.19,0.014,0.599,0.197,0.02,0.004,0,0.012,0.004
187,Somalia,Country,2010,130268,24205,1848,76965,27250,9,2,0,5,2,0.187,0.014,0.587,0.212,0.021,0.004,0,0.012,0.004
187,Somalia,Country,2011,134792,25772,2011,80795,26214,9,2,0,5,2,0.193,0.015,0.595,0.197,0.02,0.004,0,0.012,0.004
187,Somalia,Country,2012,138089,5456,1027,67450,64156,9,0,0,4,4,0.04,0.007,0.485,0.468,0.019,0.001,0,0.009,0.009
187,Somalia,Country,2013,122550,6303,1143,71679,43425,8,0,0,5,3,0.052,0.009,0.58,0.358,0.016,0.001,0,0.009,0.006
187,Somalia,Country,2014,123663,7243,1245,76771,38404,8,0,0,5,2,0.059,0.01,0.616,0.314,0.014,0.001,0,0.009,0.004
187,Somalia,Country,2015,159007,6910,1308,82274,68515,9,0,0,5,4,0.044,0.008,0.513,0.435,0.016,0.001,0,0.008,0.007
187,Somalia,Country,2016,189672,7762,1497,88198,92215,11,0,0,5,5,0.041,0.008,0.461,0.49,0.017,0.001,0,0.008,0.008
187,Somalia,Country,2017,186320,11442,2085,98515,74278,10,1,0,5,4,0.062,0.011,0.525,0.402,0.015,0.001,0,0.008,0.006
187,Somalia,Country,2018,227845,13100,2403,106989,105353,12,1,0,6,5,0.058,0.011,0.466,0.466,0.018,0.001,0,0.008,0.008
187,Somalia,Country,2019,270278,14046,2558,113526,140148,14,1,0,6,7,0.052,0.01,0.417,0.521,0.02,0.001,0,0.008,0.01
187,Somalia,Country,2020,310899,16969,2449,117425,174056,15,1,0,6,8,0.055,0.008,0.375,0.562,0.024,0.001,0,0.009,0.013
187,Somalia,Country,2021,487460,29227,2275,119127,336832,22,1,0,5,16,0.06,0.005,0.243,0.692,0.036,0.002,0,0.009,0.025
187,Somalia,Country,2022,385860,19181,2152,120954,243573,17,1,0,5,11,0.05,0.006,0.311,0.633,0.028,0.001,0,0.009,0.017
196,South Africa,Country,1995,14840458,5872009,6318786,2611696,37967,360,142,153,63,1,0.396,0.426,0.176,0.003,0.077,0.031,0.033,0.014,0
196,South Africa,Country,1996,15653887,6306227,6631276,2650055,66329,372,150,157,63,2,0.403,0.424,0.169,0.004,0.078,0.031,0.033,0.013,0
196,South Africa,Country,1997,16035414,6422713,6917044,2639071,56586,373,149,161,61,1,0.401,0.431,0.165,0.004,0.077,0.031,0.033,0.013,0
196,South Africa,Country,1998,16134722,6285665,7183406,2581232,84419,368,143,164,59,2,0.39,0.445,0.16,0.005,0.077,0.03,0.034,0.012,0
196,South Africa,Country,1999,16318418,6160467,7580582,2511537,65831,366,138,170,56,1,0.378,0.464,0.154,0.004,0.075,0.028,0.035,0.012,0
196,South Africa,Country,2000,16791356,6137528,8120598,2451411,81820,370,135,179,54,2,0.366,0.484,0.146,0.005,0.074,0.027,0.036,0.011,0
196,South Africa,Country,2001,16990072,6113325,8395472,2376721,104555,369,133,182,52,2,0.36,0.494,0.14,0.006,0.073,0.026,0.036,0.01,0
196,South Africa,Country,2002,16908459,6236151,8281229,2301768,89311,362,133,177,49,2,0.369,0.49,0.136,0.005,0.07,0.026,0.034,0.009,0
196,South Africa,Country,2003,17286390,6796468,8035592,2269393,184937,365,144,170,48,4,0.393,0.465,0.131,0.011,0.069,0.027,0.032,0.009,0.001
196,South Africa,Country,2004,17419410,7274524,7708079,2227556,209251,364,152,161,47,4,0.418,0.442,0.128,0.012,0.066,0.028,0.029,0.008,0.001
196,South Africa,Country,2005,18388066,8365884,7545138,2204108,272936,380,173,156,46,6,0.455,0.41,0.12,0.015,0.067,0.03,0.027,0.008,0.001
196,South Africa,Country,2006,19184541,9174646,7509611,2177671,322612,393,188,154,45,7,0.478,0.391,0.113,0.017,0.066,0.031,0.026,0.007,0.001
196,South Africa,Country,2007,20211010,9946169,7626220,2140888,497734,410,202,155,43,10,0.492,0.377,0.106,0.025,0.066,0.032,0.025,0.007,0.002
196,South Africa,Country,2008,21872314,11075070,7966195,2112525,718523,439,223,160,42,14,0.506,0.364,0.097,0.033,0.069,0.035,0.025,0.007,0.002
196,South Africa,Country,2009,23668332,12399720,8299010,2088329,881272,471,247,165,42,18,0.524,0.351,0.088,0.037,0.076,0.04,0.027,0.007,0.003
196,South Africa,Country,2010,24505875,13056776,8541470,2081802,825826,483,257,168,41,16,0.533,0.348,0.085,0.034,0.077,0.041,0.027,0.007,0.003
196,South Africa,Country,2011,25570193,13654626,8922872,2076822,915873,498,266,174,40,18,0.534,0.349,0.081,0.036,0.078,0.042,0.027,0.006,0.003
196,South Africa,Country,2012,26704120,14358459,9391670,2055151,898840,514,277,181,40,17,0.538,0.352,0.077,0.034,0.08,0.043,0.028,0.006,0.003
196,South Africa,Country,2013,27688228,14968667,9844417,1992179,882965,527,285,187,38,17,0.541,0.355,0.072,0.032,0.081,0.044,0.029,0.006,0.003
196,South Africa,Country,2014,28655606,15683816,10248254,1860222,863315,539,295,193,35,16,0.547,0.358,0.065,0.03,0.083,0.046,0.03,0.005,0.003
196,South Africa,Country,2015,29430467,16479975,10498535,1821831,630125,548,307,195,34,12,0.56,0.357,0.062,0.021,0.085,0.048,0.03,0.005,0.002
196,South Africa,Country,2016,29867879,16735199,10564793,1805972,761915,550,308,195,33,14,0.56,0.354,0.06,0.026,0.086,0.048,0.03,0.005,0.002
196,South Africa,Country,2017,30282306,16983006,10649534,1801665,848101,552,309,194,33,15,0.561,0.352,0.059,0.028,0.086,0.048,0.03,0.005,0.002
196,South Africa,Country,2018,31004857,17358256,10796759,1811427,1038416,559,313,195,33,19,0.56,0.348,0.058,0.034,0.087,0.049,0.03,0.005,0.003
196,South Africa,Country,2019,31825054,18115456,11000186,1823569,885843,568,323,196,33,16,0.569,0.346,0.057,0.028,0.09,0.051,0.031,0.005,0.002
196,South Africa,Country,2020,32738632,20652073,8678248,2090249,1318063,579,365,154,37,23,0.631,0.265,0.064,0.04,0.099,0.062,0.026,0.006,0.004
196,South Africa,Country,2021,33075955,20373582,9200487,2157704,1344182,587,362,163,38,24,0.616,0.278,0.065,0.041,0.097,0.06,0.027,0.006,0.004
196,South Africa,Country,2022,33901298,20360804,9827681,2250692,1462121,594,357,172,39,26,0.601,0.29,0.066,0.043,0.098,0.059,0.028,0.006,0.004
435,South Sudan,Country,1995,470970,66695,80583,312755,10937,72,10,12,48,2,0.144,0.17,0.662,0.024,0.057,0.008,0.01,0.038,0.001
435,South Sudan,Country,1996,463791,64910,78937,310355,9589,70,10,12,47,1,0.142,0.169,0.667,0.021,0.054,0.008,0.009,0.036,0.001
435,South Sudan,Country,1997,458258,64548,77852,308580,7278,67,10,11,45,1,0.143,0.169,0.672,0.016,0.052,0.007,0.009,0.035,0.001
435,South Sudan,Country,1998,457984,64500,76204,307193,10087,66,9,11,44,1,0.143,0.166,0.669,0.022,0.051,0.007,0.009,0.034,0.001
435,South Sudan,Country,1999,450227,63504,73602,305062,8060,63,9,10,43,1,0.143,0.163,0.676,0.018,0.049,0.007,0.008,0.033,0.001
435,South Sudan,Country,2000,446429,62730,70923,303638,9138,61,9,10,42,1,0.142,0.158,0.678,0.021,0.047,0.007,0.007,0.032,0.001
435,South Sudan,Country,2001,450078,64130,71196,305861,8891,60,9,10,41,1,0.144,0.158,0.678,0.02,0.046,0.007,0.007,0.032,0.001
435,South Sudan,Country,2002,459788,65098,72326,309196,13169,60,9,9,41,2,0.143,0.157,0.671,0.029,0.046,0.007,0.007,0.031,0.001
435,South Sudan,Country,2003,468731,65877,73931,314487,14437,60,8,9,40,2,0.142,0.157,0.669,0.031,0.046,0.006,0.007,0.031,0.001
435,South Sudan,Country,2004,490076,66989,75523,322020,25543,61,8,9,40,3,0.138,0.154,0.655,0.053,0.046,0.006,0.007,0.03,0.002
435,South Sudan,Country,2005,519849,68219,77786,329979,43866,63,8,9,40,5,0.133,0.149,0.633,0.086,0.046,0.006,0.007,0.029,0.004
435,South Sudan,Country,2006,539910,69610,80384,338106,51810,64,8,10,40,6,0.13,0.148,0.624,0.097,0.046,0.006,0.007,0.029,0.004
435,South Sudan,Country,2007,548657,72233,83658,346368,46398,63,8,10,40,5,0.133,0.152,0.629,0.086,0.044,0.006,0.007,0.028,0.004
435,South Sudan,Country,2008,600151,75508,87066,353851,83727,68,8,10,40,9,0.127,0.145,0.587,0.141,0.047,0.006,0.007,0.028,0.007
435,South Sudan,Country,2009,638050,81762,92313,364066,99909,70,9,10,40,11,0.129,0.144,0.568,0.158,0.048,0.006,0.007,0.027,0.007
435,South Sudan,Country,2010,654754,83338,94683,370169,106564,70,9,10,39,11,0.128,0.144,0.563,0.165,0.049,0.006,0.007,0.028,0.008
435,South Sudan,Country,2011,638533,84441,96049,373077,84966,66,9,10,39,9,0.133,0.149,0.583,0.135,0.05,0.007,0.008,0.029,0.007
435,South Sudan,Country,2012,751555,103128,97948,362464,188016,76,10,10,37,19,0.138,0.129,0.481,0.252,0.117,0.016,0.015,0.057,0.029
435,South Sudan,Country,2013,696127,83808,83819,337348,191151,69,8,8,33,19,0.121,0.119,0.483,0.276,0.089,0.011,0.011,0.043,0.025
435,South Sudan,Country,2014,694346,99811,85906,331733,176897,67,10,8,32,17,0.144,0.123,0.477,0.256,0.082,0.012,0.01,0.039,0.021
435,South Sudan,Country,2015,763214,87212,75435,308050,292517,75,9,7,30,29,0.114,0.098,0.403,0.385,0.093,0.011,0.009,0.038,0.036
435,South Sudan,Country,2016,624319,109212,76925,296782,141400,62,11,8,30,14,0.175,0.122,0.475,0.227,0.09,0.016,0.011,0.043,0.02
435,South Sudan,Country,2017,738647,108023,69126,269442,292056,78,11,7,28,31,0.146,0.093,0.365,0.396,0.122,0.018,0.011,0.044,0.048
435,South Sudan,Country,2018,654852,79891,56585,244006,274370,72,9,6,27,30,0.122,0.086,0.373,0.42,0.119,0.015,0.01,0.044,0.05
435,South Sudan,Country,2019,857525,74144,54384,248836,480161,94,8,6,27,53,0.086,0.063,0.29,0.56,0.159,0.014,0.01,0.046,0.089
435,South Sudan,Country,2020,614842,49779,51395,239041,274627,65,5,5,25,29,0.081,0.083,0.389,0.447,0.123,0.01,0.01,0.048,0.055
435,South Sudan,Country,2021,713799,68345,33208,138326,473920,74,7,3,14,49,0.096,0.046,0.194,0.664,0.145,0.014,0.007,0.028,0.096
435,South Sudan,Country,2022,798234,40694,36595,160830,560115,82,4,4,16,57,0.051,0.046,0.201,0.702,0.178,0.009,0.008,0.036,0.125
92,Spain,Country,1995,64983531,46806284,2269693,15907554,0,1653,1190,58,405,0,0.72,0.035,0.245,0,0.07,0.05,0.002,0.017,0
92,Spain,Country,1996,66755825,48091065,2393139,16271621,0,1690,1218,61,412,0,0.72,0.036,0.244,0,0.07,0.05,0.003,0.017,0
92,Spain,Country,1997,68583347,49338670,2523863,16720813,0,1727,1242,64,421,0,0.719,0.037,0.244,0,0.069,0.05,0.003,0.017,0
92,Spain,Country,1998,71477949,51348442,2734962,17394545,0,1787,1284,68,435,0,0.718,0.038,0.243,0,0.069,0.05,0.003,0.017,0
92,Spain,Country,1999,74416358,53263834,2984753,18167771,0,1844,1320,74,450,0,0.716,0.04,0.244,0,0.068,0.049,0.003,0.017,0
92,Spain,Country,2000,77792260,55477901,3286737,19027622,0,1906,1359,81,466,0,0.713,0.042,0.245,0,0.068,0.048,0.003,0.017,0
92,Spain,Country,2001,81306572,57765178,3676975,19864419,0,1965,1396,89,480,0,0.71,0.045,0.244,0,0.068,0.048,0.003,0.017,0
92,Spain,Country,2002,86674700,61666215,4377237,20631247,0,2062,1467,104,491,0,0.711,0.051,0.238,0,0.07,0.05,0.004,0.017,0
92,Spain,Country,2003,93129169,66172876,5532707,21423587,0,2180,1549,129,501,0,0.711,0.059,0.23,0,0.073,0.052,0.004,0.017,0
92,Spain,Country,2004,99470532,70956178,6463500,22050854,0,2290,1634,149,508,0,0.713,0.065,0.222,0,0.076,0.054,0.005,0.017,0
92,Spain,Country,2005,104176965,74518083,7096248,22562633,0,2360,1688,161,511,0,0.715,0.068,0.217,0,0.077,0.055,0.005,0.017,0
92,Spain,Country,2006,109621346,78904535,7547171,23169641,0,2445,1760,168,517,0,0.72,0.069,0.211,0,0.078,0.056,0.005,0.016,0
92,Spain,Country,2007,115104604,83543471,7691291,23869842,0,2529,1836,169,525,0,0.726,0.067,0.207,0,0.079,0.058,0.005,0.016,0
92,Spain,Country,2008,121382964,89200746,7575746,24606473,0,2631,1934,164,533,0,0.735,0.062,0.203,0,0.083,0.061,0.005,0.017,0
92,Spain,Country,2009,128789977,96222851,7527192,25039934,0,2762,2063,161,537,0,0.747,0.058,0.194,0,0.091,0.068,0.005,0.018,0
92,Spain,Country,2010,127294897,94401062,7293136,25600699,0,2710,2010,155,545,0,0.742,0.057,0.201,0,0.09,0.067,0.005,0.018,0
92,Spain,Country,2011,125258742,91632205,7409474,26217063,0,2657,1943,157,556,0,0.732,0.059,0.209,0,0.089,0.065,0.005,0.019,0
92,Spain,Country,2012,126571909,91981134,7574920,27015855,0,2683,1950,161,573,0,0.727,0.06,0.213,0,0.092,0.067,0.006,0.02,0
92,Spain,Country,2013,121978251,86882070,7576537,27519644,0,2591,1846,161,585,0,0.712,0.062,0.226,0,0.09,0.064,0.006,0.02,0
92,Spain,Country,2014,123322353,87348383,7873034,28100936,0,2629,1862,168,599,0,0.708,0.064,0.228,0,0.09,0.064,0.006,0.02,0
92,Spain,Country,2015,126642660,89862320,8258741,28521599,0,2710,1923,177,610,0,0.71,0.065,0.225,0,0.089,0.063,0.006,0.02,0
92,Spain,Country,2016,129247825,91696141,8729396,28822288,0,2776,1969,187,619,0,0.709,0.068,0.223,0,0.089,0.063,0.006,0.02,0
92,Spain,Country,2017,132443885,93470358,9459058,29514469,0,2856,2015,204,636,0,0.706,0.071,0.223,0,0.089,0.063,0.006,0.02,0
92,Spain,Country,2018,137490215,96914977,10216784,30358453,0,2976,2098,221,657,0,0.705,0.074,0.221,0,0.091,0.064,0.007,0.02,0
92,Spain,Country,2019,141911378,100059918,10809624,31041836,0,3085,2175,235,675,0,0.705,0.076,0.219,0,0.093,0.066,0.007,0.02,0
92,Spain,Country,2020,148362577,108474437,10582374,29305766,0,3241,2369,231,640,0,0.731,0.071,0.198,0,0.11,0.081,0.008,0.022,0
92,Spain,Country,2021,151701221,111753598,10585664,29361958,0,3342,2462,233,647,0,0.737,0.07,0.194,0,0.107,0.079,0.007,0.021,0
92,Spain,Country,2022,150537976,111417829,10234599,28885548,0,3315,2454,225,636,0,0.74,0.068,0.192,0,0.101,0.074,0.007,0.019,0
17,Sri Lanka,Country,1995,1152292,649205,102294,383566,17226,64,36,6,21,1,0.563,0.089,0.333,0.015,0.042,0.023,0.004,0.014,0.001
17,Sri Lanka,Country,1996,1203396,668791,104776,409485,20343,66,37,6,23,1,0.556,0.087,0.34,0.017,0.041,0.023,0.004,0.014,0.001
17,Sri Lanka,Country,1997,1265169,689300,106218,433983,35669,69,38,6,24,2,0.545,0.084,0.343,0.028,0.04,0.022,0.003,0.014,0.001
17,Sri Lanka,Country,1998,1355306,728937,105782,458326,62261,74,40,6,25,3,0.538,0.078,0.338,0.046,0.042,0.023,0.003,0.014,0.002
17,Sri Lanka,Country,1999,1348052,742313,100381,484005,21352,73,40,5,26,1,0.551,0.074,0.359,0.016,0.041,0.023,0.003,0.015,0.001
17,Sri Lanka,Country,2000,1447906,795820,95586,519757,36743,77,43,5,28,2,0.55,0.066,0.359,0.025,0.041,0.023,0.003,0.015,0.001
17,Sri Lanka,Country,2001,1474224,825445,93183,537749,17846,78,44,5,28,1,0.56,0.063,0.365,0.012,0.043,0.024,0.003,0.016,0.001
17,Sri Lanka,Country,2002,1488870,818774,92489,554569,23039,78,43,5,29,1,0.55,0.062,0.373,0.015,0.042,0.023,0.003,0.016,0.001
17,Sri Lanka,Country,2003,1517235,814970,92865,576031,33370,79,42,5,30,2,0.537,0.061,0.38,0.022,0.04,0.022,0.002,0.015,0.001
17,Sri Lanka,Country,2004,1597434,850463,96452,637145,13375,82,44,5,33,1,0.532,0.06,0.399,0.008,0.04,0.021,0.002,0.016,0
17,Sri Lanka,Country,2005,1724221,895327,100745,701276,26873,88,46,5,36,1,0.519,0.058,0.407,0.016,0.041,0.021,0.002,0.017,0.001
17,Sri Lanka,Country,2006,1853539,920523,104133,785372,43511,94,47,5,40,2,0.497,0.056,0.424,0.023,0.04,0.02,0.002,0.017,0.001
17,Sri Lanka,Country,2007,1948205,908156,106282,894618,39149,98,46,5,45,2,0.466,0.054,0.459,0.02,0.04,0.018,0.002,0.018,0.001
17,Sri Lanka,Country,2008,2065298,884649,107351,1016433,56866,103,44,5,50,3,0.428,0.052,0.492,0.028,0.039,0.017,0.002,0.019,0.001
17,Sri Lanka,Country,2009,2255122,952515,113034,1128628,60945,111,47,6,56,3,0.422,0.05,0.501,0.027,0.041,0.017,0.002,0.021,0.001
17,Sri Lanka,Country,2010,2303767,940125,115657,1178195,69790,112,46,6,57,3,0.408,0.05,0.511,0.03,0.039,0.016,0.002,0.02,0.001
17,Sri Lanka,Country,2011,2397325,1008402,124417,1216365,48142,116,49,6,59,2,0.421,0.052,0.507,0.02,0.037,0.016,0.002,0.019,0.001
17,Sri Lanka,Country,2012,2449769,1033472,129203,1248531,38563,117,50,6,60,2,0.422,0.053,0.51,0.016,0.035,0.015,0.002,0.018,0.001
17,Sri Lanka,Country,2013,2608036,1114160,138907,1308775,46194,124,53,7,62,2,0.427,0.053,0.502,0.018,0.035,0.015,0.002,0.018,0.001
17,Sri Lanka,Country,2014,2769706,1198612,151000,1362333,57760,130,56,7,64,3,0.433,0.055,0.492,0.021,0.035,0.015,0.002,0.017,0.001
17,Sri Lanka,Country,2015,3032497,1337773,169482,1443852,81390,142,63,8,67,4,0.441,0.056,0.476,0.027,0.037,0.016,0.002,0.018,0.001
17,Sri Lanka,Country,2016,3067127,1335893,179526,1494913,56795,142,62,8,69,3,0.436,0.059,0.487,0.019,0.036,0.016,0.002,0.017,0.001
17,Sri Lanka,Country,2017,3203207,1377670,190737,1529192,105608,148,63,9,70,5,0.43,0.06,0.477,0.033,0.035,0.015,0.002,0.017,0.001
17,Sri Lanka,Country,2018,3362146,1480562,199625,1588859,93101,154,68,9,73,4,0.44,0.059,0.473,0.028,0.036,0.016,0.002,0.017,0.001
17,Sri Lanka,Country,2019,3652345,1692329,213211,1649556,97249,166,77,10,75,4,0.463,0.058,0.452,0.027,0.039,0.018,0.002,0.018,0.001
17,Sri Lanka,Country,2020,3772504,1756826,199695,1572267,243716,170,79,9,71,11,0.466,0.053,0.417,0.065,0.043,0.02,0.002,0.018,0.003
17,Sri Lanka,Country,2021,4233118,1752933,200507,1591100,688578,190,78,9,71,31,0.414,0.047,0.376,0.163,0.046,0.019,0.002,0.017,0.007
17,Sri Lanka,Country,2022,3324685,1513033,189178,1502371,120103,148,67,8,67,5,0.455,0.057,0.452,0.036,0.039,0.018,0.002,0.018,0.001
522,Sudan,Country,1995,1282541,424118,47356,798912,12155,54,18,2,34,1,0.331,0.037,0.622,0.01,0.064,0.021,0.002,0.04,0.001
522,Sudan,Country,1996,1270875,396136,47431,816918,10390,53,16,2,34,0,0.312,0.037,0.642,0.008,0.06,0.019,0.002,0.039,0
522,Sudan,Country,1997,1262549,375333,47781,831890,7546,51,15,2,34,0,0.298,0.038,0.658,0.006,0.054,0.016,0.002,0.035,0
522,Sudan,Country,1998,1297804,392314,49631,844652,11206,51,15,2,33,0,0.303,0.038,0.65,0.009,0.052,0.016,0.002,0.034,0
522,Sudan,Country,1999,1292385,397654,49474,835257,10000,50,15,2,32,0,0.308,0.038,0.646,0.008,0.049,0.015,0.002,0.032,0
522,Sudan,Country,2000,1299436,430022,50166,808664,10583,49,16,2,30,0,0.331,0.039,0.622,0.008,0.046,0.015,0.002,0.029,0
522,Sudan,Country,2001,1290348,419221,49681,811160,10286,47,15,2,30,0,0.325,0.038,0.628,0.008,0.042,0.014,0.002,0.027,0
522,Sudan,Country,2002,1375127,452363,51690,855417,15657,49,16,2,30,1,0.329,0.038,0.622,0.011,0.043,0.014,0.002,0.027,0
522,Sudan,Country,2003,1561870,536461,56518,952814,16077,54,19,2,33,1,0.344,0.036,0.61,0.01,0.046,0.016,0.002,0.028,0
522,Sudan,Country,2004,1842651,688876,63609,1056716,33450,63,24,2,36,1,0.374,0.034,0.573,0.018,0.052,0.019,0.002,0.03,0.001
522,Sudan,Country,2005,2146139,834083,70539,1176795,64722,72,28,2,39,2,0.389,0.033,0.548,0.03,0.057,0.022,0.002,0.031,0.002
522,Sudan,Country,2006,2411712,903684,77602,1364879,65547,79,30,3,45,2,0.375,0.032,0.566,0.027,0.06,0.022,0.002,0.034,0.002
522,Sudan,Country,2007,2766189,1027159,87356,1587097,64576,88,33,3,51,2,0.372,0.032,0.574,0.023,0.064,0.024,0.002,0.037,0.002
522,Sudan,Country,2008,3018022,1082260,92816,1735060,107886,94,34,3,54,3,0.359,0.031,0.575,0.036,0.067,0.024,0.002,0.039,0.002
522,Sudan,Country,2009,3153497,1098427,95714,1826494,132862,95,33,3,55,4,0.349,0.03,0.579,0.042,0.07,0.024,0.002,0.041,0.003
522,Sudan,Country,2010,3049291,958270,93625,1849062,148335,90,28,3,54,4,0.314,0.031,0.606,0.049,0.064,0.02,0.002,0.039,0.003
522,Sudan,Country,2011,3096621,891457,99349,1934070,171744,89,26,3,56,5,0.288,0.032,0.624,0.056,0.063,0.018,0.002,0.039,0.003
522,Sudan,Country,2012,2975307,760989,97283,1929845,187189,84,21,3,54,5,0.256,0.033,0.648,0.063,0.07,0.018,0.002,0.045,0.004
522,Sudan,Country,2013,3012233,675680,98953,2039089,198511,83,19,3,56,5,0.224,0.033,0.677,0.066,0.069,0.015,0.002,0.047,0.005
522,Sudan,Country,2014,2939682,625129,99022,2057354,158177,79,17,3,56,4,0.213,0.034,0.7,0.054,0.064,0.014,0.002,0.045,0.003
522,Sudan,Country,2015,2927317,561339,98050,2104213,163716,77,15,3,56,4,0.192,0.033,0.719,0.056,0.062,0.012,0.002,0.045,0.003
522,Sudan,Country,2016,2893306,508270,94553,2076859,213624,75,13,2,54,6,0.176,0.033,0.718,0.074,0.06,0.01,0.002,0.043,0.004
522,Sudan,Country,2017,2795596,558266,93807,2011554,131969,70,14,2,51,3,0.2,0.034,0.719,0.047,0.057,0.011,0.002,0.041,0.003
522,Sudan,Country,2018,2697768,606390,86235,1809490,195653,66,15,2,44,5,0.225,0.032,0.67,0.073,0.056,0.013,0.002,0.038,0.004
522,Sudan,Country,2019,2569493,600577,80579,1678641,209696,61,14,2,40,5,0.234,0.031,0.653,0.082,0.055,0.013,0.002,0.036,0.004
522,Sudan,Country,2020,1716680,548602,88349,811297,268432,40,13,2,19,6,0.32,0.051,0.472,0.157,0.038,0.012,0.002,0.018,0.006
522,Sudan,Country,2021,1796324,398934,78853,805122,513415,41,9,2,19,12,0.222,0.044,0.447,0.287,0.041,0.009,0.002,0.018,0.012
522,Sudan,Country,2022,2276898,595299,113329,1143781,424489,51,13,3,26,10,0.262,0.05,0.501,0.187,0.053,0.014,0.003,0.027,0.01
118,Suriname,Country,1995,165159,56632,33486,46305,28736,412,141,83,115,72,0.343,0.202,0.281,0.174,0.087,0.03,0.018,0.024,0.015
118,Suriname,Country,1996,142119,57533,32634,40765,11186,347,141,80,100,27,0.405,0.229,0.287,0.079,0.072,0.029,0.016,0.021,0.006
118,Suriname,Country,1997,120868,57769,25169,33604,4326,289,138,60,80,10,0.478,0.208,0.278,0.036,0.057,0.027,0.012,0.016,0.002
118,Suriname,Country,1998,143418,69552,19092,29944,24830,336,163,45,70,58,0.485,0.133,0.209,0.173,0.066,0.032,0.009,0.014,0.011
118,Suriname,Country,1999,117398,56865,17461,27170,15902,268,130,40,62,36,0.484,0.149,0.232,0.136,0.054,0.026,0.008,0.013,0.007
118,Suriname,Country,2000,125204,64716,25679,26501,8306,279,144,57,59,18,0.517,0.205,0.212,0.066,0.057,0.029,0.012,0.012,0.004
118,Suriname,Country,2001,125010,59212,28609,27216,9973,271,128,62,59,22,0.473,0.229,0.218,0.08,0.054,0.026,0.012,0.012,0.004
118,Suriname,Country,2002,140154,64221,34796,29670,11467,296,136,74,63,24,0.458,0.248,0.212,0.082,0.058,0.027,0.014,0.012,0.005
118,Suriname,Country,2003,144232,62122,37888,31129,13093,297,128,78,64,27,0.431,0.262,0.216,0.091,0.056,0.024,0.015,0.012,0.005
118,Suriname,Country,2004,161862,70820,44033,33101,13907,326,143,89,67,28,0.437,0.272,0.205,0.086,0.058,0.025,0.016,0.012,0.005
118,Suriname,Country,2005,176740,77913,48705,34491,15631,350,154,96,68,31,0.441,0.275,0.195,0.089,0.06,0.026,0.017,0.012,0.005
118,Suriname,Country,2006,177325,82447,51905,35937,7036,345,161,101,70,14,0.465,0.292,0.203,0.04,0.057,0.026,0.017,0.011,0.002
118,Suriname,Country,2007,185776,84457,53023,37631,10665,357,162,102,72,20,0.455,0.285,0.203,0.057,0.056,0.026,0.016,0.011,0.003
118,Suriname,Country,2008,180478,77650,50956,39804,12067,343,147,97,76,23,0.43,0.282,0.221,0.067,0.052,0.023,0.015,0.012,0.004
118,Suriname,Country,2009,206133,84822,53756,42599,24955,387,159,101,80,47,0.411,0.261,0.207,0.121,0.058,0.024,0.015,0.012,0.007
118,Suriname,Country,2010,192326,76275,51600,44986,19465,357,142,96,83,36,0.396,0.268,0.234,0.101,0.051,0.02,0.014,0.012,0.005
118,Suriname,Country,2011,194543,75134,51655,48407,19347,356,138,95,89,35,0.386,0.265,0.249,0.1,0.049,0.019,0.013,0.012,0.005
118,Suriname,Country,2012,200617,87581,55045,51812,6179,364,159,100,94,11,0.436,0.274,0.259,0.031,0.049,0.021,0.013,0.013,0.002
118,Suriname,Country,2013,210486,93328,55469,54016,7673,378,168,100,97,14,0.443,0.263,0.257,0.036,0.05,0.022,0.013,0.013,0.002
118,Suriname,Country,2014,217728,104055,54046,55173,4453,389,186,97,99,8,0.478,0.248,0.254,0.02,0.052,0.025,0.013,0.013,0.001
118,Suriname,Country,2015,243428,129314,51920,55585,6609,433,230,92,99,12,0.531,0.213,0.229,0.027,0.06,0.032,0.013,0.014,0.002
118,Suriname,Country,2016,240086,140905,43035,54370,1776,424,249,76,96,3,0.587,0.179,0.227,0.007,0.063,0.037,0.011,0.014,0
118,Suriname,Country,2017,256272,156603,38773,54586,6310,451,275,68,96,11,0.611,0.151,0.213,0.025,0.066,0.04,0.01,0.014,0.002
118,Suriname,Country,2018,276873,178664,38001,55600,4607,484,313,66,97,8,0.645,0.137,0.201,0.017,0.068,0.044,0.009,0.014,0.001
118,Suriname,Country,2019,369944,262131,43566,59910,4337,644,456,76,104,8,0.708,0.118,0.162,0.012,0.091,0.065,0.011,0.015,0.001
118,Suriname,Country,2020,251611,162585,33513,48551,6962,436,282,58,84,12,0.646,0.133,0.193,0.028,0.074,0.048,0.01,0.014,0.002
118,Suriname,Country,2021,201335,119861,26947,47222,7305,344,205,46,81,12,0.595,0.134,0.235,0.036,0.061,0.036,0.008,0.014,0.002
118,Suriname,Country,2022,227914,147874,21149,50126,8765,387,251,36,85,15,0.649,0.093,0.22,0.039,0.068,0.044,0.006,0.015,0.003
93,Sweden,Country,1995,22771278,19628221,235150,2907907,0,2580,2224,27,329,0,0.862,0.01,0.128,0,0.072,0.062,0.001,0.009,0
93,Sweden,Country,1996,23289562,20032615,245927,3011020,0,2633,2264,28,340,0,0.86,0.011,0.129,0,0.073,0.062,0.001,0.009,0
93,Sweden,Country,1997,23935236,20492877,257016,3185342,0,2701,2313,29,359,0,0.856,0.011,0.133,0,0.072,0.062,0.001,0.01,0
93,Sweden,Country,1998,24931601,21263213,268440,3399947,0,2810,2396,30,383,0,0.853,0.011,0.136,0,0.072,0.062,0.001,0.01,0
93,Sweden,Country,1999,26558432,22551930,279226,3727276,0,2989,2538,31,419,0,0.849,0.011,0.14,0,0.074,0.063,0.001,0.01,0
93,Sweden,Country,2000,27912057,23418378,286964,4206716,0,3135,2631,32,473,0,0.839,0.01,0.151,0,0.074,0.062,0.001,0.011,0
93,Sweden,Country,2001,29740977,24666179,292095,4782704,0,3333,2764,33,536,0,0.829,0.01,0.161,0,0.078,0.065,0.001,0.013,0
93,Sweden,Country,2002,31759217,26280317,303521,5175379,0,3548,2936,34,578,0,0.827,0.01,0.163,0,0.081,0.067,0.001,0.013,0
93,Sweden,Country,2003,33158165,27445291,323328,5389546,0,3690,3054,36,600,0,0.828,0.01,0.163,0,0.083,0.069,0.001,0.014,0
93,Sweden,Country,2004,33857801,27949881,345779,5562141,0,3750,3096,38,616,0,0.825,0.01,0.164,0,0.082,0.067,0.001,0.013,0
93,Sweden,Country,2005,34810015,28705377,372745,5731893,0,3835,3162,41,631,0,0.825,0.011,0.165,0,0.082,0.067,0.001,0.013,0
93,Sweden,Country,2006,35492417,29215664,398281,5878472,0,3885,3198,44,644,0,0.823,0.011,0.166,0,0.079,0.065,0.001,0.013,0
93,Sweden,Country,2007,36058702,29640458,417823,6000421,0,3920,3222,45,652,0,0.822,0.012,0.166,0,0.078,0.064,0.001,0.013,0
93,Sweden,Country,2008,37557181,31002721,429390,6125071,0,4052,3345,46,661,0,0.825,0.011,0.163,0,0.082,0.068,0.001,0.013,0
93,Sweden,Country,2009,39904518,33208868,430890,6264760,0,4271,3554,46,670,0,0.832,0.011,0.157,0,0.091,0.076,0.001,0.014,0
93,Sweden,Country,2010,41941893,34970184,439690,6532019,0,4451,3711,47,693,0,0.834,0.01,0.156,0,0.091,0.076,0.001,0.014,0
93,Sweden,Country,2011,46512934,38953444,471033,7088456,0,4893,4098,50,746,0,0.837,0.01,0.152,0,0.097,0.082,0.001,0.015,0
93,Sweden,Country,2012,50492173,42456116,502526,7533530,0,5265,4427,52,785,0,0.841,0.01,0.149,0,0.106,0.089,0.001,0.016,0
93,Sweden,Country,2013,53187565,44788226,540253,7859086,0,5495,4627,56,812,0,0.842,0.01,0.148,0,0.11,0.093,0.001,0.016,0
93,Sweden,Country,2014,54478364,45827243,580293,8070828,0,5575,4689,59,826,0,0.841,0.011,0.148,0,0.111,0.093,0.001,0.016,0
93,Sweden,Country,2015,55395055,46548062,634297,8212696,0,5614,4718,64,832,0,0.84,0.011,0.148,0,0.108,0.091,0.001,0.016,0
93,Sweden,Country,2016,56953773,48010604,689473,8253697,0,5718,4820,69,829,0,0.843,0.012,0.145,0,0.109,0.092,0.001,0.016,0
93,Sweden,Country,2017,58024976,49063043,716458,8245475,0,5773,4881,71,820,0,0.846,0.012,0.142,0,0.109,0.092,0.001,0.016,0
93,Sweden,Country,2018,59713476,50689485,731440,8292551,0,5890,5000,72,818,0,0.849,0.012,0.139,0,0.111,0.094,0.001,0.015,0
93,Sweden,Country,2019,60426710,51380481,720363,8325867,0,5911,5026,70,814,0,0.85,0.012,0.138,0,0.109,0.093,0.001,0.015,0
93,Sweden,Country,2020,61931863,53372636,613816,7945411,0,6013,5182,60,771,0,0.862,0.01,0.128,0,0.114,0.099,0.001,0.015,0
93,Sweden,Country,2021,64308935,55371422,716485,8221028,0,6162,5306,69,788,0,0.861,0.011,0.128,0,0.111,0.096,0.001,0.014,0
93,Sweden,Country,2022,62719296,53911224,734036,8074036,0,5970,5131,70,769,0,0.86,0.012,0.129,0,0.107,0.092,0.001,0.014,0
94,Switzerland,Country,1995,53003644,13275407,23683763,16044474,0,7469,1871,3338,2261,0,0.25,0.447,0.303,0,0.099,0.025,0.044,0.03,0
94,Switzerland,Country,1996,53282674,13818819,23322634,16141221,0,7467,1937,3269,2262,0,0.259,0.438,0.303,0,0.099,0.026,0.043,0.03,0
94,Switzerland,Country,1997,54373339,14276736,23865644,16230959,0,7579,1990,3326,2262,0,0.263,0.439,0.299,0,0.099,0.026,0.043,0.029,0
94,Switzerland,Country,1998,55290847,14731328,24213548,16345971,0,7664,2042,3356,2266,0,0.266,0.438,0.296,0,0.097,0.026,0.043,0.029,0
94,Switzerland,Country,1999,55953123,15391366,24063880,16497877,0,7711,2121,3316,2274,0,0.275,0.43,0.295,0,0.097,0.027,0.042,0.029,0
94,Switzerland,Country,2000,55431447,15912367,22796891,16722189,0,7593,2180,3123,2291,0,0.287,0.411,0.302,0,0.092,0.026,0.038,0.028,0
94,Switzerland,Country,2001,56304125,16765836,22506265,17032023,0,7663,2282,3063,2318,0,0.298,0.4,0.303,0,0.092,0.027,0.037,0.028,0
94,Switzerland,Country,2002,59514275,18614800,23500754,17398720,0,8045,2516,3177,2352,0,0.313,0.395,0.292,0,0.097,0.03,0.038,0.028,0
94,Switzerland,Country,2003,60926530,19059152,24303868,17563510,0,8177,2558,3262,2357,0,0.313,0.399,0.288,0,0.1,0.031,0.04,0.029,0
94,Switzerland,Country,2004,62695541,19515366,25491613,17688563,0,8348,2599,3394,2355,0,0.311,0.407,0.282,0,0.1,0.031,0.041,0.028,0
94,Switzerland,Country,2005,63666871,19709105,26440256,17517509,0,8406,2602,3491,2313,0,0.31,0.415,0.275,0,0.099,0.031,0.041,0.027,0
94,Switzerland,Country,2006,63620922,19488329,26698325,17434267,0,8325,2550,3493,2281,0,0.306,0.42,0.274,0,0.094,0.029,0.04,0.026,0
94,Switzerland,Country,2007,64606722,19823249,27161092,17622381,0,8373,2569,3520,2284,0,0.307,0.42,0.273,0,0.092,0.028,0.039,0.025,0
94,Switzerland,Country,2008,66980097,21018339,28106485,17855272,0,8594,2697,3606,2291,0,0.314,0.42,0.267,0,0.093,0.029,0.039,0.025,0
94,Switzerland,Country,2009,69751858,22724011,29205149,17822699,0,8856,2885,3708,2263,0,0.326,0.419,0.256,0,0.099,0.032,0.042,0.025,0
94,Switzerland,Country,2010,71158860,23677023,30061482,17420355,0,8936,2973,3775,2188,0,0.333,0.422,0.245,0,0.098,0.033,0.042,0.024,0
94,Switzerland,Country,2011,73256998,24810853,31101602,17344543,0,9096,3081,3862,2154,0,0.339,0.425,0.237,0,0.099,0.034,0.042,0.024,0
94,Switzerland,Country,2012,75694245,25862062,32256723,17575460,0,9292,3175,3960,2157,0,0.342,0.426,0.232,0,0.101,0.035,0.043,0.024,0
94,Switzerland,Country,2013,78909681,26945408,34017533,17946740,0,9575,3270,4128,2178,0,0.341,0.431,0.227,0,0.104,0.035,0.045,0.024,0
94,Switzerland,Country,2014,81519648,27544156,35641593,18333900,0,9778,3304,4275,2199,0,0.338,0.437,0.225,0,0.105,0.035,0.046,0.024,0
94,Switzerland,Country,2015,85315764,28752620,37814564,18748580,0,10119,3410,4485,2224,0,0.337,0.443,0.22,0,0.108,0.036,0.048,0.024,0
94,Switzerland,Country,2016,88670084,29849618,39654528,19165938,0,10405,3503,4653,2249,0,0.337,0.447,0.216,0,0.11,0.037,0.049,0.024,0
94,Switzerland,Country,2017,91220388,30774766,40711189,19734432,0,10594,3574,4728,2292,0,0.337,0.446,0.216,0,0.111,0.038,0.05,0.024,0
94,Switzerland,Country,2018,92520691,31073264,41169560,20277866,0,10640,3574,4735,2332,0,0.336,0.445,0.219,0,0.11,0.037,0.049,0.024,0
94,Switzerland,Country,2019,95130866,31962619,42329149,20839097,0,10839,3642,4823,2374,0,0.336,0.445,0.219,0,0.111,0.037,0.049,0.024,0
94,Switzerland,Country,2020,97924236,35189938,42473346,20260953,0,11063,3976,4799,2289,0,0.359,0.434,0.207,0,0.117,0.042,0.051,0.024,0
94,Switzerland,Country,2021,103107722,37004234,44111137,21992351,0,11507,4130,4923,2454,0,0.359,0.428,0.213,0,0.116,0.042,0.05,0.025,0
94,Switzerland,Country,2022,102626061,35915312,44547690,22163058,0,11365,3978,4934,2454,0,0.35,0.434,0.216,0,0.112,0.039,0.049,0.024,0
153,Syrian Arab Republic,Country,1995,562257,206593,65,355600,0,38,14,0,24,0,0.369,0,0.631,0,0.041,0.015,0,0.026,0
153,Syrian Arab Republic,Country,1996,576232,204467,74,371691,0,38,13,0,24,0,0.357,0,0.643,0,0.038,0.014,0,0.025,0
153,Syrian Arab Republic,Country,1997,599166,213121,77,379832,6135,38,14,0,24,0,0.358,0,0.632,0.01,0.038,0.013,0,0.024,0
153,Syrian Arab Republic,Country,1998,608331,221507,80,383096,3648,38,14,0,24,0,0.366,0,0.628,0.006,0.036,0.013,0,0.023,0
153,Syrian Arab Republic,Country,1999,602024,224307,81,377504,131,37,14,0,23,0,0.375,0,0.625,0,0.037,0.014,0,0.023,0
153,Syrian Arab Republic,Country,2000,598560,229354,85,368813,309,36,14,0,22,0,0.385,0,0.614,0.001,0.037,0.014,0,0.022,0
153,Syrian Arab Republic,Country,2001,621227,253553,82,367503,88,36,15,0,21,0,0.41,0,0.589,0,0.037,0.015,0,0.022,0
153,Syrian Arab Republic,Country,2002,680435,286296,85,370568,23486,39,16,0,21,1,0.423,0,0.542,0.035,0.038,0.016,0,0.021,0.001
153,Syrian Arab Republic,Country,2003,702086,325339,82,373471,3195,39,18,0,21,0,0.465,0,0.53,0.005,0.038,0.018,0,0.02,0
153,Syrian Arab Republic,Country,2004,705015,330216,84,367293,7422,38,18,0,20,0,0.47,0,0.519,0.011,0.036,0.017,0,0.019,0
153,Syrian Arab Republic,Country,2005,711192,325670,88,365644,19789,38,17,0,19,1,0.459,0,0.513,0.028,0.034,0.016,0,0.017,0.001
153,Syrian Arab Republic,Country,2006,684291,314817,95,363948,5430,35,16,0,19,0,0.461,0,0.531,0.008,0.031,0.014,0,0.017,0
153,Syrian Arab Republic,Country,2007,691640,313043,100,369650,8848,34,15,0,18,0,0.453,0,0.534,0.013,0.03,0.014,0,0.016,0
153,Syrian Arab Republic,Country,2008,670084,284516,117,365165,20286,31,13,0,17,1,0.425,0,0.544,0.03,0.028,0.012,0,0.015,0.001
153,Syrian Arab Republic,Country,2009,696264,297508,115,361057,37584,32,14,0,17,2,0.428,0,0.518,0.054,0.027,0.012,0,0.014,0.001
153,Syrian Arab Republic,Country,2010,643062,284529,125,337067,21342,29,13,0,15,1,0.443,0,0.524,0.033,0.024,0.011,0,0.013,0.001
153,Syrian Arab Republic,Country,2011,569486,264915,133,299711,4727,26,12,0,13,0,0.465,0,0.526,0.008,0.021,0.01,0,0.011,0
153,Syrian Arab Republic,Country,2012,510379,243009,107,262460,4804,23,11,0,12,0,0.476,0,0.514,0.009,0.026,0.012,0,0.013,0
153,Syrian Arab Republic,Country,2013,458265,227056,75,224922,6212,22,11,0,11,0,0.495,0,0.491,0.014,0.032,0.016,0,0.016,0
153,Syrian Arab Republic,Country,2014,410966,202247,67,198151,10502,22,11,0,11,1,0.492,0,0.482,0.026,0.034,0.017,0,0.016,0.001
153,Syrian Arab Republic,Country,2015,367035,181123,62,174461,11389,22,11,0,11,1,0.493,0,0.475,0.031,0.033,0.016,0,0.016,0.001
153,Syrian Arab Republic,Country,2016,358086,178109,52,165486,14439,23,12,0,11,1,0.497,0,0.462,0.04,0.037,0.018,0,0.017,0.001
153,Syrian Arab Republic,Country,2017,418060,182841,45,162313,72861,28,12,0,11,5,0.437,0,0.388,0.174,0.045,0.02,0,0.017,0.008
153,Syrian Arab Republic,Country,2018,432164,192614,42,161803,77705,30,14,0,11,5,0.446,0,0.374,0.18,0.048,0.021,0,0.018,0.009
153,Syrian Arab Republic,Country,2019,434660,201925,38,162606,70091,31,14,0,12,5,0.464,0,0.374,0.161,0.05,0.023,0,0.019,0.008
153,Syrian Arab Republic,Country,2020,456066,156420,38,173350,126259,33,11,0,12,9,0.343,0,0.38,0.277,0.054,0.019,0,0.021,0.015
153,Syrian Arab Republic,Country,2021,670330,154433,40,201477,314380,48,11,0,14,23,0.23,0,0.301,0.469,0.08,0.019,0,0.024,0.038
153,Syrian Arab Republic,Country,2022,610002,125081,40,166392,318490,43,9,0,12,23,0.205,0,0.273,0.522,0.075,0.015,0,0.02,0.039
8,Taiwan,Country,1995,12218906,9060221,384623,2774063,0,571,424,18,130,0,0.741,0.031,0.227,0,0.048,0.036,0.002,0.011,0
8,Taiwan,Country,1996,13257137,9282331,483539,3491267,0,614,430,22,162,0,0.7,0.036,0.264,0,0.049,0.034,0.002,0.013,0
8,Taiwan,Country,1997,14191942,9661764,543841,3986337,0,652,444,25,183,0,0.681,0.038,0.281,0,0.05,0.034,0.002,0.014,0
8,Taiwan,Country,1998,15086787,10198082,570666,4318039,0,688,465,26,197,0,0.676,0.038,0.286,0,0.051,0.034,0.002,0.014,0
8,Taiwan,Country,1999,15185025,9755434,588363,4841228,0,687,441,27,219,0,0.642,0.039,0.319,0,0.048,0.031,0.002,0.015,0
8,Taiwan,Country,2000,18813418,12898547,646449,5268421,0,845,579,29,237,0,0.685,0.034,0.28,0,0.056,0.038,0.002,0.016,0
8,Taiwan,Country,2001,18101134,11719478,647895,5733761,0,808,523,29,256,0,0.647,0.036,0.317,0,0.054,0.035,0.002,0.017,0
8,Taiwan,Country,2002,19186168,12146182,710437,6329550,0,852,539,32,281,0,0.633,0.037,0.33,0,0.054,0.034,0.002,0.018,0
8,Taiwan,Country,2003,21160934,13342160,810294,7008479,0,935,590,36,310,0,0.63,0.038,0.331,0,0.058,0.036,0.002,0.019,0
8,Taiwan,Country,2004,23096138,14142274,951839,8002025,0,1017,622,42,352,0,0.612,0.041,0.347,0,0.059,0.036,0.002,0.02,0
8,Taiwan,Country,2005,24969576,15066167,1084772,8818637,0,1095,661,48,387,0,0.603,0.043,0.353,0,0.06,0.036,0.003,0.021,0
8,Taiwan,Country,2006,25739743,15363789,1165388,9210566,0,1124,671,51,402,0,0.597,0.045,0.358,0,0.059,0.035,0.003,0.021,0
8,Taiwan,Country,2007,26835303,15997457,1265055,9572791,0,1168,696,55,417,0,0.596,0.047,0.357,0,0.057,0.034,0.003,0.02,0
8,Taiwan,Country,2008,28432596,16939996,1410038,10082562,0,1233,735,61,437,0,0.596,0.05,0.355,0,0.06,0.036,0.003,0.021,0
8,Taiwan,Country,2009,30631354,18912227,1527139,10191988,0,1325,818,66,441,0,0.617,0.05,0.333,0,0.066,0.041,0.003,0.022,0
8,Taiwan,Country,2010,30542441,18436133,1599165,10507143,0,1317,795,69,453,0,0.604,0.052,0.344,0,0.06,0.036,0.003,0.021,0
8,Taiwan,Country,2011,32175347,19417765,1727050,11030532,0,1383,835,74,474,0,0.603,0.054,0.343,0,0.061,0.037,0.003,0.021,0
8,Taiwan,Country,2012,33063102,20363260,1757485,10942358,0,1417,873,75,469,0,0.616,0.053,0.331,0,0.061,0.038,0.003,0.02,0
8,Taiwan,Country,2013,33923107,20858938,1836089,11228080,0,1450,892,78,480,0,0.615,0.054,0.331,0,0.061,0.038,0.003,0.02,0
8,Taiwan,Country,2014,34502756,21140599,1904355,11457801,0,1471,901,81,488,0,0.613,0.055,0.332,0,0.059,0.036,0.003,0.02,0
8,Taiwan,Country,2015,34795315,21498022,1916010,11381284,0,1480,914,81,484,0,0.618,0.055,0.327,0,0.059,0.036,0.003,0.019,0
8,Taiwan,Country,2016,36430867,22602021,2034725,11794122,0,1546,959,86,501,0,0.62,0.056,0.324,0,0.06,0.037,0.003,0.02,0
8,Taiwan,Country,2017,37802020,23582337,2124338,12095345,0,1602,999,90,513,0,0.624,0.056,0.32,0,0.06,0.038,0.003,0.019,0
8,Taiwan,Country,2018,39718871,24779687,2257528,12681656,0,1681,1049,96,537,0,0.624,0.057,0.319,0,0.062,0.038,0.004,0.02,0
8,Taiwan,Country,2019,41126508,25827289,2336691,12962529,0,1740,1092,99,548,0,0.628,0.057,0.315,0,0.062,0.039,0.004,0.02,0
8,Taiwan,Country,2020,42997015,27570687,2410196,13016132,0,1818,1166,102,550,0,0.641,0.056,0.303,0,0.063,0.04,0.004,0.019,0
8,Taiwan,Country,2021,45319896,30064791,2443135,12811971,0,1912,1269,103,541,0,0.663,0.054,0.283,0,0.061,0.041,0.003,0.017,0
8,Taiwan,Country,2022,41349475,30736134,1728930,8884411,0,1754,1304,73,377,0,0.744,0.042,0.214,0,0.054,0.04,0.002,0.012,0
39,Tajikistan,Country,1995,74071,31060,6,40238,2768,13,5,0,7,0,0.421,0,0.541,0.038,0.035,0.015,0,0.019,0.001
39,Tajikistan,Country,1996,69782,28423,4,38765,2589,12,5,0,6,0,0.409,0,0.554,0.038,0.037,0.015,0,0.021,0.001
39,Tajikistan,Country,1997,72222,26957,4,41591,3670,12,4,0,7,1,0.375,0,0.574,0.051,0.038,0.014,0,0.022,0.002
39,Tajikistan,Country,1998,72161,22214,3,45958,3986,12,4,0,7,1,0.31,0,0.634,0.056,0.036,0.011,0,0.023,0.002
39,Tajikistan,Country,1999,78470,20799,2,52844,4825,13,3,0,8,1,0.267,0,0.671,0.062,0.037,0.01,0,0.025,0.002
39,Tajikistan,Country,2000,88838,20239,2,62545,6053,14,3,0,10,1,0.23,0,0.701,0.069,0.039,0.009,0,0.027,0.003
39,Tajikistan,Country,2001,97785,20065,4,72322,5395,15,3,0,11,1,0.207,0,0.737,0.056,0.039,0.008,0,0.029,0.002
39,Tajikistan,Country,2002,114893,22392,13,83322,9166,17,3,0,13,1,0.196,0,0.723,0.081,0.042,0.008,0,0.03,0.003
39,Tajikistan,Country,2003,135565,24230,128,96234,14974,20,4,0,14,2,0.18,0.001,0.707,0.112,0.045,0.008,0,0.032,0.005
39,Tajikistan,Country,2004,162824,28553,431,109602,24238,24,4,0,16,4,0.176,0.003,0.67,0.15,0.049,0.009,0,0.033,0.007
39,Tajikistan,Country,2005,180725,34979,849,123175,21722,26,5,0,18,3,0.195,0.005,0.679,0.121,0.051,0.01,0,0.034,0.006
39,Tajikistan,Country,2006,202595,38199,975,135922,27500,28,5,0,19,4,0.189,0.005,0.669,0.137,0.053,0.01,0,0.036,0.007
39,Tajikistan,Country,2007,232003,42502,746,151875,36880,32,6,0,21,5,0.184,0.003,0.652,0.16,0.056,0.01,0,0.037,0.009
39,Tajikistan,Country,2008,258811,48152,599,166891,43169,35,6,0,22,6,0.187,0.002,0.643,0.168,0.058,0.011,0,0.037,0.01
39,Tajikistan,Country,2009,293049,55648,505,177124,59772,39,7,0,23,8,0.19,0.002,0.602,0.205,0.063,0.012,0,0.038,0.013
39,Tajikistan,Country,2010,312075,64572,576,188663,58265,40,8,0,24,7,0.207,0.002,0.603,0.188,0.063,0.013,0,0.038,0.012
39,Tajikistan,Country,2011,321519,70802,941,200753,49023,40,9,0,25,6,0.221,0.003,0.623,0.154,0.061,0.014,0,0.038,0.009
39,Tajikistan,Country,2012,375705,84185,1187,221096,69237,46,10,0,27,8,0.225,0.003,0.587,0.185,0.067,0.015,0,0.039,0.012
39,Tajikistan,Country,2013,410420,104222,1170,245864,59165,49,12,0,29,7,0.254,0.003,0.598,0.145,0.068,0.017,0,0.041,0.01
39,Tajikistan,Country,2014,451470,115991,1278,271760,62440,52,13,0,32,7,0.257,0.003,0.601,0.139,0.07,0.018,0,0.042,0.01
39,Tajikistan,Country,2015,480290,135839,1344,299622,43485,54,15,0,34,5,0.283,0.003,0.623,0.091,0.07,0.02,0,0.044,0.006
39,Tajikistan,Country,2016,519704,145239,1262,326452,46750,57,16,0,36,5,0.28,0.002,0.627,0.091,0.071,0.02,0,0.044,0.006
39,Tajikistan,Country,2017,589752,158343,1201,355251,74958,64,17,0,38,8,0.269,0.002,0.602,0.128,0.075,0.02,0,0.045,0.01
39,Tajikistan,Country,2018,610264,160839,1115,390356,57954,64,17,0,41,6,0.264,0.002,0.639,0.095,0.072,0.019,0,0.046,0.007
39,Tajikistan,Country,2019,659320,167598,1038,426679,64005,68,17,0,44,7,0.254,0.002,0.646,0.098,0.072,0.018,0,0.047,0.007
39,Tajikistan,Country,2020,861752,199570,1076,553700,107406,87,20,0,56,11,0.232,0.001,0.642,0.125,0.09,0.021,0,0.058,0.011
39,Tajikistan,Country,2021,936344,198031,1053,551691,185570,91,19,0,54,18,0.212,0.001,0.588,0.199,0.089,0.019,0,0.052,0.018
39,Tajikistan,Country,2022,820059,197591,1405,545103,75961,78,19,0,52,7,0.241,0.002,0.664,0.093,0.072,0.017,0,0.048,0.007
18,Thailand,Country,1995,7616811,3568028,713617,3328132,7034,126,59,12,55,0,0.469,0.093,0.437,0.001,0.031,0.015,0.003,0.014,0
18,Thailand,Country,1996,8177575,3908300,788942,3458653,21680,134,64,13,57,0,0.478,0.096,0.423,0.003,0.032,0.015,0.003,0.013,0
18,Thailand,Country,1997,8518436,4359632,832388,3311876,14540,139,71,14,54,0,0.512,0.097,0.389,0.002,0.034,0.018,0.003,0.013,0
18,Thailand,Country,1998,8278370,4432867,823378,3010311,11814,134,72,13,49,0,0.536,0.099,0.364,0.001,0.036,0.019,0.004,0.013,0
18,Thailand,Country,1999,8321074,4622829,832867,2826828,38550,134,74,13,45,1,0.556,0.1,0.34,0.005,0.035,0.019,0.004,0.012,0
18,Thailand,Country,2000,7723919,4194143,799765,2671051,58960,124,67,13,43,1,0.544,0.103,0.345,0.008,0.031,0.017,0.003,0.011,0
18,Thailand,Country,2001,8153236,4663909,832701,2604615,52010,130,74,13,41,1,0.573,0.102,0.319,0.006,0.032,0.018,0.003,0.01,0
18,Thailand,Country,2002,9473284,5930627,916848,2599187,26623,150,94,15,41,0,0.627,0.096,0.274,0.003,0.035,0.022,0.003,0.01,0
18,Thailand,Country,2003,8909080,5478692,885698,2501394,43295,140,86,14,39,1,0.616,0.099,0.28,0.005,0.031,0.019,0.003,0.009,0
18,Thailand,Country,2004,9735053,6285159,940537,2440467,68889,153,99,15,38,1,0.646,0.096,0.25,0.007,0.032,0.021,0.003,0.008,0
18,Thailand,Country,2005,10337821,6974117,993845,2318881,50977,162,109,16,36,1,0.675,0.096,0.224,0.005,0.033,0.022,0.003,0.007,0
18,Thailand,Country,2006,10783027,7530707,1078918,2061192,112211,168,117,17,32,2,0.699,0.1,0.191,0.01,0.033,0.023,0.003,0.006,0
18,Thailand,Country,2007,11780639,8573083,1187853,1933756,85947,183,133,18,30,1,0.728,0.1,0.164,0.007,0.034,0.025,0.003,0.006,0
18,Thailand,Country,2008,12282142,9000961,1284691,1906164,90327,187,137,20,29,1,0.733,0.104,0.155,0.007,0.035,0.025,0.004,0.005,0
18,Thailand,Country,2009,13372692,9945405,1424028,1933998,69260,198,148,21,29,1,0.744,0.106,0.145,0.005,0.037,0.028,0.004,0.005,0
18,Thailand,Country,2010,13838466,10332832,1518480,1904519,82635,204,152,22,28,1,0.747,0.109,0.138,0.006,0.036,0.027,0.004,0.005,0
18,Thailand,Country,2011,14002523,10455603,1565328,1862523,119068,211,157,24,28,2,0.747,0.111,0.133,0.009,0.037,0.027,0.004,0.005,0
18,Thailand,Country,2012,14737725,11077418,1702843,1901983,55482,223,168,26,29,1,0.752,0.115,0.129,0.004,0.037,0.027,0.004,0.005,0
18,Thailand,Country,2013,15396281,11477799,1885909,1938028,94546,233,174,29,29,1,0.746,0.122,0.126,0.006,0.037,0.028,0.005,0.005,0
18,Thailand,Country,2014,16425336,12151495,2169286,2015718,88837,248,183,33,30,1,0.74,0.132,0.123,0.005,0.039,0.029,0.005,0.005,0
18,Thailand,Country,2015,17381342,12659915,2608621,2062979,49826,261,190,39,31,1,0.729,0.15,0.119,0.003,0.041,0.03,0.006,0.005,0
18,Thailand,Country,2016,18014466,12935063,2953424,2075343,50637,271,194,44,31,1,0.718,0.164,0.115,0.003,0.041,0.029,0.007,0.005,0
18,Thailand,Country,2017,18893398,13496370,3251665,2084349,61014,283,202,49,31,1,0.715,0.172,0.11,0.003,0.041,0.029,0.007,0.005,0
18,Thailand,Country,2018,19576524,13924908,3587957,2002304,61355,293,209,54,30,1,0.712,0.183,0.102,0.003,0.041,0.029,0.008,0.004,0
18,Thailand,Country,2019,19872091,14103041,3812330,1884705,72015,298,211,57,28,1,0.71,0.192,0.095,0.004,0.041,0.029,0.008,0.004,0
18,Thailand,Country,2020,21351057,14866603,4037986,2346435,100033,320,223,61,35,1,0.696,0.189,0.11,0.005,0.047,0.033,0.009,0.005,0
18,Thailand,Country,2021,25519804,17814192,5238613,2336376,130624,383,267,79,35,2,0.698,0.205,0.092,0.005,0.055,0.039,0.011,0.005,0
18,Thailand,Country,2022,28212489,19596115,6032866,2485498,98010,424,294,91,37,1,0.695,0.214,0.088,0.003,0.06,0.041,0.013,0.005,0
19,Timor-Leste,Country,1995,37776,21417,3,12475,3881,44,25,0,15,5,0.566,0,0.33,0.104,0.039,0.022,0,0.013,0.004
19,Timor-Leste,Country,1996,38194,22657,3,13546,1987,44,26,0,16,2,0.593,0,0.354,0.053,0.037,0.022,0,0.013,0.002
19,Timor-Leste,Country,1997,41229,24258,2,14597,2372,47,28,0,17,3,0.588,0,0.353,0.058,0.039,0.023,0,0.014,0.002
19,Timor-Leste,Country,1998,43349,25765,2,15386,2196,49,29,0,17,2,0.595,0,0.354,0.051,0.043,0.025,0,0.015,0.002
19,Timor-Leste,Country,1999,41792,25121,2,15085,1584,47,28,0,17,2,0.602,0,0.36,0.038,0.056,0.034,0,0.02,0.002
19,Timor-Leste,Country,2000,43452,24408,4,14816,4224,48,27,0,16,5,0.562,0,0.34,0.098,0.038,0.021,0,0.013,0.004
19,Timor-Leste,Country,2001,43583,24731,4,15280,3567,48,27,0,17,4,0.568,0,0.349,0.082,0.035,0.02,0,0.012,0.003
19,Timor-Leste,Country,2002,60187,23572,4,14893,21718,65,25,0,16,23,0.392,0,0.247,0.362,0.055,0.022,0,0.014,0.02
19,Timor-Leste,Country,2003,37310,19568,5,13828,3908,39,21,0,15,4,0.526,0,0.369,0.105,0.036,0.019,0,0.013,0.004
19,Timor-Leste,Country,2004,45222,19915,5,14223,11078,47,21,0,15,11,0.441,0,0.313,0.246,0.043,0.019,0,0.014,0.011
19,Timor-Leste,Country,2005,45840,19126,5,14038,12670,47,19,0,14,13,0.418,0,0.305,0.277,0.042,0.018,0,0.013,0.012
19,Timor-Leste,Country,2006,42860,19842,6,12538,10475,43,20,0,12,10,0.463,0,0.291,0.245,0.042,0.019,0,0.012,0.01
19,Timor-Leste,Country,2007,57583,21822,6,11072,24682,56,21,0,11,24,0.379,0,0.192,0.429,0.051,0.019,0,0.01,0.022
19,Timor-Leste,Country,2008,66783,37205,4,10753,18821,63,35,0,10,18,0.557,0,0.161,0.282,0.053,0.03,0,0.009,0.015
19,Timor-Leste,Country,2009,77411,43533,4,10419,23455,72,40,0,10,22,0.562,0,0.134,0.303,0.056,0.032,0,0.008,0.017
19,Timor-Leste,Country,2010,89597,51293,2,10692,27610,81,46,0,10,25,0.572,0,0.119,0.308,0.06,0.034,0,0.007,0.018
19,Timor-Leste,Country,2011,92689,62399,1,10689,19600,82,55,0,9,17,0.673,0,0.115,0.212,0.058,0.039,0,0.007,0.012
19,Timor-Leste,Country,2012,111666,70836,0,10731,30099,97,61,0,9,26,0.634,0,0.096,0.27,0.067,0.042,0,0.006,0.018
19,Timor-Leste,Country,2013,103604,65749,1,10289,27565,88,56,0,9,23,0.635,0,0.099,0.266,0.06,0.038,0,0.006,0.016
19,Timor-Leste,Country,2014,110708,75542,441,11649,23075,92,63,0,10,19,0.682,0.004,0.105,0.209,0.061,0.042,0,0.006,0.013
19,Timor-Leste,Country,2015,108635,74868,898,11503,21366,88,61,1,9,17,0.689,0.008,0.106,0.197,0.059,0.04,0,0.006,0.012
19,Timor-Leste,Country,2016,120937,81667,892,11545,26834,96,65,1,9,21,0.675,0.007,0.095,0.222,0.063,0.043,0,0.006,0.014
19,Timor-Leste,Country,2017,107513,72402,364,11494,23253,84,56,0,9,18,0.673,0.003,0.107,0.216,0.058,0.039,0,0.006,0.013
19,Timor-Leste,Country,2018,109359,71121,28,11445,26764,83,54,0,9,20,0.65,0,0.104,0.245,0.059,0.038,0,0.006,0.014
19,Timor-Leste,Country,2019,109305,67214,2,11484,30606,81,50,0,9,23,0.615,0,0.105,0.28,0.048,0.029,0,0.005,0.013
19,Timor-Leste,Country,2020,143954,95495,0,11599,36859,105,70,0,8,27,0.663,0,0.08,0.256,0.052,0.034,0,0.004,0.013
19,Timor-Leste,Country,2021,197066,125817,1,12089,59160,142,90,0,9,43,0.638,0,0.061,0.3,0.057,0.036,0,0.003,0.017
19,Timor-Leste,Country,2022,226572,184825,1,13925,27821,159,130,0,10,19,0.816,0,0.061,0.123,0.08,0.065,0,0.005,0.01
218,Togo,Country,1995,105474,18323,6925,79032,1193,25,4,2,19,0,0.175,0.066,0.747,0.011,0.037,0.006,0.002,0.028,0
218,Togo,Country,1996,138154,17884,7003,80084,33184,32,4,2,18,8,0.13,0.051,0.577,0.242,0.047,0.006,0.002,0.027,0.011
218,Togo,Country,1997,111301,17585,7188,82486,4043,25,4,2,18,1,0.159,0.065,0.739,0.037,0.035,0.006,0.002,0.026,0.001
218,Togo,Country,1998,125324,19226,7598,85306,13194,27,4,2,19,3,0.154,0.061,0.679,0.106,0.041,0.006,0.002,0.028,0.004
218,Togo,Country,1999,112609,17616,7397,84405,3191,24,4,2,18,1,0.157,0.066,0.748,0.029,0.036,0.006,0.002,0.027,0.001
218,Togo,Country,2000,110895,15413,6907,80423,8152,23,3,1,17,2,0.14,0.062,0.724,0.074,0.035,0.005,0.002,0.026,0.003
218,Togo,Country,2001,106725,14524,6838,80241,5122,21,3,1,16,1,0.137,0.064,0.751,0.048,0.034,0.005,0.002,0.025,0.002
218,Togo,Country,2002,105905,13170,6719,80707,5309,21,3,1,16,1,0.125,0.063,0.761,0.05,0.032,0.004,0.002,0.025,0.002
218,Togo,Country,2003,124064,14802,7209,84084,17969,24,3,1,16,3,0.12,0.058,0.677,0.146,0.035,0.004,0.002,0.024,0.005
218,Togo,Country,2004,132163,17588,7749,86947,19879,24,3,1,16,4,0.133,0.059,0.657,0.151,0.038,0.005,0.002,0.025,0.006
218,Togo,Country,2005,144066,21215,8357,89477,25017,26,4,1,16,4,0.147,0.058,0.621,0.174,0.041,0.006,0.002,0.026,0.007
218,Togo,Country,2006,148109,24162,9057,93293,21598,26,4,2,16,4,0.163,0.061,0.63,0.146,0.04,0.006,0.002,0.025,0.006
218,Togo,Country,2007,168887,25104,9846,98139,35798,29,4,2,17,6,0.149,0.058,0.581,0.213,0.044,0.006,0.003,0.025,0.009
218,Togo,Country,2008,183739,26136,10414,103851,43339,30,4,2,17,7,0.142,0.056,0.565,0.237,0.046,0.006,0.003,0.026,0.011
218,Togo,Country,2009,205359,32619,11757,113807,47176,33,5,2,18,8,0.159,0.057,0.554,0.23,0.048,0.008,0.003,0.027,0.011
218,Togo,Country,2010,221076,39698,13098,126084,42196,35,6,2,20,7,0.179,0.059,0.57,0.191,0.049,0.009,0.003,0.028,0.009
218,Togo,Country,2011,259153,48211,14685,138486,57772,39,7,2,21,9,0.186,0.056,0.534,0.223,0.055,0.01,0.003,0.029,0.012
218,Togo,Country,2012,246495,52449,16040,151686,26319,37,8,2,23,4,0.213,0.065,0.615,0.107,0.049,0.01,0.003,0.03,0.005
218,Togo,Country,2013,304729,54926,17905,167138,64760,44,8,3,24,9,0.18,0.058,0.548,0.213,0.057,0.01,0.003,0.031,0.012
218,Togo,Country,2014,323574,59318,21403,191219,51635,46,8,3,27,7,0.183,0.066,0.591,0.16,0.057,0.01,0.004,0.034,0.009
218,Togo,Country,2015,357850,63923,25309,228307,40310,49,9,3,31,6,0.179,0.07,0.638,0.113,0.06,0.011,0.004,0.038,0.007
218,Togo,Country,2016,420785,69690,30125,258520,62450,56,9,4,35,8,0.166,0.071,0.614,0.149,0.067,0.011,0.005,0.041,0.01
218,Togo,Country,2017,451644,62018,32717,273667,83243,59,8,4,36,11,0.137,0.072,0.606,0.185,0.069,0.01,0.005,0.042,0.013
218,Togo,Country,2018,482749,72502,39519,292455,78274,62,9,5,37,10,0.15,0.081,0.606,0.162,0.071,0.011,0.006,0.043,0.011
218,Togo,Country,2019,489877,69623,42547,299108,78599,61,9,5,37,10,0.142,0.086,0.611,0.161,0.068,0.01,0.006,0.042,0.011
218,Togo,Country,2020,585395,72356,28383,308468,176189,71,9,3,38,21,0.124,0.048,0.527,0.301,0.08,0.01,0.004,0.042,0.024
218,Togo,Country,2021,618596,46876,23209,316302,232208,74,6,3,38,28,0.076,0.037,0.511,0.376,0.08,0.006,0.003,0.041,0.03
218,Togo,Country,2022,529186,59195,24384,328076,117531,62,7,3,38,14,0.112,0.046,0.619,0.223,0.065,0.007,0.003,0.04,0.014
413,Tokelau,Country,1995,1082,692,7,380,3,713,456,4,250,2,0.639,0.006,0.352,0.003,0.273,0.175,0.002,0.096,0.001
413,Tokelau,Country,1996,1094,703,7,384,0,722,464,4,254,0,0.642,0.006,0.352,0,0.264,0.17,0.002,0.093,0
413,Tokelau,Country,1997,1118,718,7,391,2,735,472,4,257,1,0.642,0.006,0.35,0.002,0.256,0.165,0.002,0.09,0
413,Tokelau,Country,1998,1146,738,7,400,1,748,482,4,261,1,0.643,0.006,0.35,0.001,0.252,0.162,0.001,0.088,0
413,Tokelau,Country,1999,1183,763,6,411,3,766,494,4,266,2,0.645,0.005,0.348,0.002,0.249,0.161,0.001,0.087,0.001
413,Tokelau,Country,2000,1224,793,6,422,3,793,514,4,273,2,0.647,0.005,0.345,0.002,0.245,0.159,0.001,0.085,0.001
413,Tokelau,Country,2001,1261,819,6,431,3,828,539,4,284,2,0.649,0.005,0.343,0.003,0.247,0.161,0.001,0.085,0.001
413,Tokelau,Country,2002,1371,832,7,433,99,936,568,5,296,68,0.605,0.005,0.316,0.073,0.268,0.163,0.001,0.085,0.019
413,Tokelau,Country,2003,1627,834,8,429,356,1171,600,6,309,256,0.511,0.005,0.264,0.221,0.322,0.165,0.002,0.085,0.07
413,Tokelau,Country,2004,1362,832,10,423,96,1037,633,8,322,73,0.609,0.007,0.312,0.072,0.268,0.164,0.002,0.083,0.019
413,Tokelau,Country,2005,1544,835,12,421,276,1234,667,10,336,221,0.538,0.008,0.273,0.181,0.302,0.163,0.002,0.082,0.054
413,Tokelau,Country,2006,1312,848,15,426,22,1082,700,12,352,18,0.645,0.011,0.326,0.017,0.249,0.161,0.003,0.081,0.004
413,Tokelau,Country,2007,1346,871,18,440,16,1123,727,15,368,13,0.646,0.014,0.328,0.012,0.244,0.158,0.003,0.08,0.003
413,Tokelau,Country,2008,1425,905,23,461,36,1186,753,20,384,30,0.633,0.017,0.325,0.025,0.247,0.157,0.004,0.08,0.006
413,Tokelau,Country,2009,1668,937,29,483,219,1372,771,24,397,180,0.56,0.017,0.29,0.133,0.284,0.16,0.005,0.082,0.037
413,Tokelau,Country,2010,1538,973,34,507,24,1246,788,28,411,20,0.631,0.022,0.33,0.016,0.246,0.155,0.005,0.081,0.004
413,Tokelau,Country,2011,1607,1005,40,528,34,1285,803,32,422,27,0.624,0.025,0.33,0.022,0.242,0.151,0.006,0.08,0.005
413,Tokelau,Country,2012,1633,1026,45,545,16,1294,813,35,432,13,0.627,0.028,0.335,0.01,0.236,0.148,0.006,0.079,0.002
413,Tokelau,Country,2013,1718,1074,51,573,20,1353,846,40,451,16,0.624,0.03,0.334,0.012,0.237,0.148,0.007,0.079,0.003
413,Tokelau,Country,2014,1764,1105,54,591,15,1380,864,42,462,12,0.625,0.031,0.336,0.009,0.237,0.148,0.007,0.079,0.002
413,Tokelau,Country,2015,1975,1176,58,621,120,1531,912,45,482,93,0.594,0.03,0.315,0.062,0.241,0.143,0.007,0.076,0.015
413,Tokelau,Country,2016,2294,1269,62,654,309,1759,973,47,501,237,0.551,0.027,0.285,0.136,0.268,0.148,0.007,0.076,0.036
413,Tokelau,Country,2017,2321,1369,66,688,198,1760,1038,50,521,150,0.588,0.029,0.297,0.086,0.259,0.153,0.007,0.077,0.022
413,Tokelau,Country,2018,2331,1461,69,726,75,1747,1095,52,544,56,0.625,0.03,0.313,0.033,0.247,0.155,0.007,0.077,0.008
413,Tokelau,Country,2019,2471,1550,71,773,76,1832,1149,53,573,56,0.625,0.029,0.314,0.031,0.251,0.158,0.007,0.079,0.008
413,Tokelau,Country,2020,3564,1620,72,824,1048,2618,1190,53,605,770,0.453,0.02,0.231,0.296,0.376,0.171,0.008,0.087,0.11
413,Tokelau,Country,2021,3341,1686,74,864,718,2446,1234,54,633,525,0.503,0.022,0.259,0.217,0.33,0.167,0.007,0.085,0.071
413,Tokelau,Country,2022,2984,1793,78,906,208,2137,1284,56,648,149,0.599,0.026,0.304,0.071,0.275,0.165,0.007,0.084,0.019
29,Tonga,Country,1995,13321,10817,282,1413,809,133,108,3,14,8,0.812,0.021,0.106,0.061,0.034,0.028,0.001,0.004,0.002
29,Tonga,Country,1996,12816,11117,254,1437,9,127,110,3,14,0,0.867,0.02,0.112,0.001,0.033,0.028,0.001,0.004,0
29,Tonga,Country,1997,19054,11335,192,1448,6079,188,112,2,14,60,0.595,0.01,0.076,0.319,0.049,0.029,0,0.004,0.016
29,Tonga,Country,1998,12732,11126,108,1439,60,125,109,1,14,1,0.874,0.008,0.113,0.005,0.032,0.028,0,0.004,0
29,Tonga,Country,1999,12642,10945,37,1416,243,124,107,0,14,2,0.866,0.003,0.112,0.019,0.031,0.027,0,0.003,0.001
29,Tonga,Country,2000,17381,10823,5,1346,5207,169,105,0,13,51,0.622,0,0.077,0.3,0.041,0.026,0,0.003,0.012
29,Tonga,Country,2001,13310,10456,6,1412,1436,129,101,0,14,14,0.785,0,0.106,0.108,0.031,0.024,0,0.003,0.003
29,Tonga,Country,2002,14535,11250,74,1716,1495,140,108,1,17,14,0.774,0.005,0.118,0.103,0.033,0.025,0,0.004,0.003
29,Tonga,Country,2003,16322,10879,272,1822,3348,156,104,3,17,32,0.666,0.017,0.112,0.205,0.036,0.024,0.001,0.004,0.007
29,Tonga,Country,2004,18155,10665,550,1842,5098,173,102,5,18,49,0.587,0.03,0.101,0.281,0.041,0.024,0.001,0.004,0.012
29,Tonga,Country,2005,32442,10842,833,1857,18909,308,103,8,18,179,0.334,0.026,0.057,0.583,0.074,0.025,0.002,0.004,0.043
29,Tonga,Country,2006,23234,12741,1207,1971,7315,220,120,11,19,69,0.548,0.052,0.085,0.315,0.055,0.03,0.003,0.005,0.017
29,Tonga,Country,2007,22161,12011,1350,1959,6841,209,113,13,18,65,0.542,0.061,0.088,0.309,0.054,0.029,0.003,0.005,0.017
29,Tonga,Country,2008,20300,12074,1441,1928,4857,191,114,14,18,46,0.595,0.071,0.095,0.24,0.047,0.028,0.003,0.004,0.011
29,Tonga,Country,2009,21232,11577,1439,1851,6366,200,109,14,17,60,0.545,0.068,0.087,0.3,0.052,0.028,0.004,0.005,0.016
29,Tonga,Country,2010,24746,12173,1492,1790,9292,233,115,14,17,88,0.492,0.06,0.072,0.376,0.06,0.03,0.004,0.004,0.023
29,Tonga,Country,2011,40205,12960,1419,1773,24053,379,122,13,17,227,0.322,0.035,0.044,0.598,0.091,0.029,0.003,0.004,0.055
29,Tonga,Country,2012,26949,12398,1336,1763,11452,254,117,13,17,108,0.46,0.049,0.065,0.425,0.06,0.028,0.003,0.004,0.026
29,Tonga,Country,2013,22621,14014,1356,1775,5477,214,132,13,17,52,0.62,0.06,0.078,0.242,0.051,0.031,0.003,0.004,0.012
29,Tonga,Country,2014,20110,13402,1267,1711,3729,190,127,12,16,35,0.667,0.063,0.085,0.186,0.044,0.029,0.003,0.004,0.008
29,Tonga,Country,2015,22181,15047,1253,1631,4249,210,142,12,15,40,0.679,0.056,0.073,0.192,0.048,0.032,0.003,0.004,0.009
29,Tonga,Country,2016,26075,15639,1209,1507,7720,247,148,11,14,73,0.6,0.046,0.058,0.296,0.052,0.031,0.002,0.003,0.016
29,Tonga,Country,2017,25601,16838,1187,1549,6026,242,159,11,15,57,0.658,0.046,0.061,0.235,0.05,0.033,0.002,0.003,0.012
29,Tonga,Country,2018,28450,17332,1152,1550,8415,269,164,11,15,80,0.609,0.04,0.054,0.296,0.055,0.033,0.002,0.003,0.016
29,Tonga,Country,2019,26103,17397,1121,1534,6051,247,164,11,14,57,0.667,0.043,0.059,0.232,0.05,0.034,0.002,0.003,0.012
29,Tonga,Country,2020,42311,17348,1102,1528,22333,399,164,10,14,211,0.41,0.026,0.036,0.528,0.08,0.033,0.002,0.003,0.042
29,Tonga,Country,2021,43121,19035,1048,1464,21575,406,179,10,14,203,0.441,0.024,0.034,0.5,0.081,0.036,0.002,0.003,0.041
29,Tonga,Country,2022,34984,20975,998,1401,11609,330,198,9,13,110,0.599,0.028,0.04,0.332,0.067,0.04,0.002,0.003,0.022
119,Trinidad and Tobago,Country,1995,603925,236420,38476,328211,819,482,189,31,262,1,0.392,0.064,0.543,0.001,0.051,0.02,0.003,0.028,0
119,Trinidad and Tobago,Country,1996,624276,242221,39175,333970,8909,495,192,31,265,7,0.388,0.063,0.535,0.014,0.049,0.019,0.003,0.026,0.001
119,Trinidad and Tobago,Country,1997,648787,246302,39967,345014,17505,511,194,31,272,14,0.38,0.062,0.532,0.027,0.047,0.018,0.003,0.025,0.001
119,Trinidad and Tobago,Country,1998,677563,256757,41129,362320,17357,530,201,32,284,14,0.379,0.061,0.535,0.026,0.045,0.017,0.003,0.024,0.001
119,Trinidad and Tobago,Country,1999,721515,273826,42866,387740,17083,561,213,33,302,13,0.38,0.059,0.537,0.024,0.044,0.017,0.003,0.024,0.001
119,Trinidad and Tobago,Country,2000,764940,294822,44506,408905,16707,592,228,34,316,13,0.385,0.058,0.535,0.022,0.044,0.017,0.003,0.023,0.001
119,Trinidad and Tobago,Country,2001,829053,340275,47574,424803,16401,638,262,37,327,13,0.41,0.057,0.512,0.02,0.046,0.019,0.003,0.023,0.001
119,Trinidad and Tobago,Country,2002,902966,377434,51649,457739,16144,692,289,40,351,12,0.418,0.057,0.507,0.018,0.046,0.019,0.003,0.023,0.001
119,Trinidad and Tobago,Country,2003,954093,403009,52908,482815,15361,728,308,40,369,12,0.422,0.055,0.506,0.016,0.043,0.018,0.002,0.022,0.001
119,Trinidad and Tobago,Country,2004,1028848,436382,52330,517193,22942,782,332,40,393,17,0.424,0.051,0.503,0.022,0.043,0.018,0.002,0.022,0.001
119,Trinidad and Tobago,Country,2005,1139704,517790,58252,547371,16290,863,392,44,415,12,0.454,0.051,0.48,0.014,0.044,0.02,0.002,0.021,0.001
119,Trinidad and Tobago,Country,2006,1252182,599210,63250,589722,0,945,452,48,445,0,0.479,0.051,0.471,0,0.043,0.02,0.002,0.02,0
119,Trinidad and Tobago,Country,2007,1231379,559363,59941,612074,0,925,420,45,460,0,0.454,0.049,0.497,0,0.04,0.018,0.002,0.02,0
119,Trinidad and Tobago,Country,2008,1305840,605216,63437,637188,0,977,453,47,477,0,0.463,0.049,0.488,0,0.041,0.019,0.002,0.02,0
119,Trinidad and Tobago,Country,2009,1529139,755662,73520,699956,0,1140,563,55,522,0,0.494,0.048,0.458,0,0.051,0.025,0.002,0.023,0
119,Trinidad and Tobago,Country,2010,1500058,724212,75721,700125,0,1113,538,56,520,0,0.483,0.05,0.467,0,0.048,0.023,0.002,0.022,0
119,Trinidad and Tobago,Country,2011,1491092,727609,79498,683986,0,1102,538,59,505,0,0.488,0.053,0.459,0,0.048,0.023,0.003,0.022,0
119,Trinidad and Tobago,Country,2012,1514758,745444,87478,681837,0,1114,548,64,501,0,0.492,0.058,0.45,0,0.047,0.023,0.003,0.021,0
119,Trinidad and Tobago,Country,2013,1619208,819618,97302,702289,0,1185,600,71,514,0,0.506,0.06,0.434,0,0.048,0.025,0.003,0.021,0
119,Trinidad and Tobago,Country,2014,1748456,895343,113943,739170,0,1274,652,83,538,0,0.512,0.065,0.423,0,0.05,0.026,0.003,0.021,0
119,Trinidad and Tobago,Country,2015,1932811,1003466,132069,797276,0,1402,728,96,578,0,0.519,0.068,0.412,0,0.056,0.029,0.004,0.023,0
119,Trinidad and Tobago,Country,2016,1977216,1000403,136738,840075,0,1430,723,99,607,0,0.506,0.069,0.425,0,0.062,0.031,0.004,0.026,0
119,Trinidad and Tobago,Country,2017,2001679,1002056,137901,861722,0,1443,722,99,621,0,0.501,0.069,0.43,0,0.066,0.033,0.005,0.028,0
119,Trinidad and Tobago,Country,2018,1998885,965740,136714,896431,0,1438,695,98,645,0,0.483,0.068,0.448,0,0.067,0.032,0.005,0.03,0
119,Trinidad and Tobago,Country,2019,2059414,976701,142162,940551,0,1478,701,102,675,0,0.474,0.069,0.457,0,0.069,0.033,0.005,0.032,0
119,Trinidad and Tobago,Country,2020,2063830,965018,153041,945771,0,1480,692,110,678,0,0.468,0.074,0.458,0,0.076,0.036,0.006,0.035,0
119,Trinidad and Tobago,Country,2021,1948984,903754,127656,917575,0,1402,650,92,660,0,0.464,0.066,0.471,0,0.073,0.034,0.005,0.034,0
119,Trinidad and Tobago,Country,2022,1785430,789476,110676,885278,0,1281,566,79,635,0,0.442,0.062,0.496,0,0.066,0.029,0.004,0.033,0
154,Tunisia,Country,1995,1063935,568941,12708,466919,15367,115,62,1,51,2,0.535,0.012,0.439,0.015,0.05,0.027,0.001,0.022,0.001
154,Tunisia,Country,1996,1099689,605945,5782,468851,19111,117,65,1,50,2,0.551,0.005,0.426,0.017,0.049,0.027,0,0.021,0.001
154,Tunisia,Country,1997,1118857,617185,6018,482193,13461,118,65,1,51,1,0.552,0.005,0.431,0.012,0.047,0.026,0,0.02,0.001
154,Tunisia,Country,1998,1190277,654349,10187,504687,21055,124,68,1,52,2,0.55,0.009,0.424,0.018,0.047,0.026,0,0.02,0.001
154,Tunisia,Country,1999,1267850,687655,22948,527262,29986,130,71,2,54,3,0.543,0.018,0.416,0.024,0.048,0.026,0.001,0.02,0.001
154,Tunisia,Country,2000,1329407,719151,53092,545296,11867,135,73,5,55,1,0.541,0.04,0.41,0.009,0.048,0.026,0.002,0.02,0
154,Tunisia,Country,2001,1428534,750756,82771,573578,21428,144,75,8,58,2,0.526,0.058,0.401,0.015,0.049,0.026,0.003,0.02,0.001
154,Tunisia,Country,2002,1529839,790800,104371,609574,25094,152,79,10,61,2,0.517,0.068,0.398,0.016,0.052,0.027,0.004,0.021,0.001
154,Tunisia,Country,2003,1615720,822158,114980,650830,27751,159,81,11,64,3,0.509,0.071,0.403,0.017,0.053,0.027,0.004,0.021,0.001
154,Tunisia,Country,2004,1683475,861671,115724,695234,10846,165,84,11,68,1,0.512,0.069,0.413,0.006,0.052,0.026,0.004,0.021,0
154,Tunisia,Country,2005,1759487,910004,106656,736546,6282,170,88,10,71,1,0.517,0.06,0.419,0.004,0.052,0.027,0.003,0.022,0
154,Tunisia,Country,2006,1877894,966074,88579,782229,41012,180,93,9,75,4,0.515,0.047,0.416,0.022,0.053,0.027,0.002,0.022,0.001
154,Tunisia,Country,2007,1965604,1048481,70765,835255,11104,187,100,7,80,1,0.534,0.036,0.425,0.006,0.052,0.028,0.002,0.022,0
154,Tunisia,Country,2008,2115766,1127790,55628,884964,47384,200,106,5,84,4,0.533,0.026,0.418,0.022,0.054,0.029,0.001,0.022,0.001
154,Tunisia,Country,2009,2228173,1233325,45546,941078,8223,208,115,4,88,1,0.554,0.02,0.422,0.004,0.055,0.03,0.001,0.023,0
154,Tunisia,Country,2010,2328890,1284470,39598,990629,14192,216,119,4,92,1,0.552,0.017,0.425,0.006,0.056,0.031,0.001,0.024,0
154,Tunisia,Country,2011,2556760,1466173,41509,1042526,6552,235,135,4,96,1,0.574,0.016,0.408,0.003,0.062,0.036,0.001,0.025,0
154,Tunisia,Country,2012,2681592,1532204,56105,1084354,8929,244,139,5,99,1,0.571,0.021,0.404,0.003,0.063,0.036,0.001,0.025,0
154,Tunisia,Country,2013,2860064,1659011,74556,1117613,8884,258,149,7,101,1,0.58,0.026,0.391,0.003,0.065,0.038,0.002,0.025,0
154,Tunisia,Country,2014,2801629,1566223,102182,1125302,7921,250,140,9,100,1,0.559,0.036,0.402,0.003,0.062,0.034,0.002,0.025,0
154,Tunisia,Country,2015,2813777,1538269,132005,1134780,8723,249,136,12,100,1,0.547,0.047,0.403,0.003,0.061,0.033,0.003,0.025,0
154,Tunisia,Country,2016,2839895,1526987,145353,1144092,23463,249,134,13,100,2,0.538,0.051,0.403,0.008,0.06,0.032,0.003,0.024,0
154,Tunisia,Country,2017,2904303,1581397,156807,1153388,12710,252,137,14,100,1,0.545,0.054,0.397,0.004,0.06,0.033,0.003,0.024,0
154,Tunisia,Country,2018,2933588,1600999,162516,1143675,26399,253,138,14,98,2,0.546,0.055,0.39,0.009,0.06,0.032,0.003,0.023,0.001
154,Tunisia,Country,2019,3025617,1711478,169373,1119422,25345,259,146,14,96,2,0.566,0.056,0.37,0.008,0.061,0.034,0.003,0.022,0.001
154,Tunisia,Country,2020,3317744,1913770,173219,1095016,135739,282,162,15,93,12,0.577,0.052,0.33,0.041,0.073,0.042,0.004,0.024,0.003
154,Tunisia,Country,2021,3529570,1933648,180443,1127511,287968,294,161,15,94,24,0.548,0.051,0.319,0.082,0.073,0.04,0.004,0.023,0.006
154,Tunisia,Country,2022,3451382,1987119,193252,1197403,73608,286,165,16,99,6,0.576,0.056,0.347,0.021,0.07,0.04,0.004,0.024,0.001
40,Turkmenistan,Country,1995,836518,258943,29838,543867,3871,208,64,7,135,1,0.31,0.036,0.65,0.005,0.064,0.02,0.002,0.041,0
40,Turkmenistan,Country,1996,832950,263265,30049,537515,2121,204,65,7,132,1,0.316,0.036,0.645,0.003,0.063,0.02,0.002,0.04,0
40,Turkmenistan,Country,1997,995913,327569,32942,633606,1796,241,79,8,154,0,0.329,0.033,0.636,0.002,0.085,0.028,0.003,0.054,0
40,Turkmenistan,Country,1998,1057821,333057,32259,683308,9197,254,80,8,164,2,0.315,0.03,0.646,0.009,0.085,0.027,0.003,0.055,0.001
40,Turkmenistan,Country,1999,1023295,294663,30247,673527,24858,243,70,7,160,6,0.288,0.03,0.658,0.024,0.071,0.02,0.002,0.046,0.002
40,Turkmenistan,Country,2000,1007892,337836,33133,613257,23667,237,79,8,144,6,0.335,0.033,0.608,0.024,0.064,0.021,0.002,0.039,0.001
40,Turkmenistan,Country,2001,1097569,332186,40008,675028,50347,255,77,9,157,12,0.303,0.036,0.615,0.046,0.064,0.019,0.002,0.039,0.003
40,Turkmenistan,Country,2002,1156731,327965,46449,769644,12674,266,76,11,177,3,0.284,0.04,0.665,0.011,0.064,0.018,0.003,0.043,0.001
40,Turkmenistan,Country,2003,1418870,380270,60743,972593,5264,324,87,14,222,1,0.268,0.043,0.686,0.004,0.074,0.02,0.003,0.051,0
40,Turkmenistan,Country,2004,1682645,397785,75205,1206537,3118,381,90,17,273,1,0.236,0.045,0.717,0.002,0.083,0.02,0.004,0.059,0
40,Turkmenistan,Country,2005,1853546,422204,85463,1342747,3132,417,95,19,302,1,0.228,0.046,0.725,0.002,0.082,0.019,0.004,0.059,0
40,Turkmenistan,Country,2006,1769771,362783,82514,1321593,2881,395,81,18,295,1,0.205,0.047,0.747,0.002,0.071,0.015,0.003,0.053,0
40,Turkmenistan,Country,2007,1645629,350487,77842,1214257,3042,364,78,17,269,1,0.213,0.047,0.738,0.002,0.06,0.013,0.003,0.044,0
40,Turkmenistan,Country,2008,1590109,313839,76286,1196684,3301,349,69,17,263,1,0.197,0.048,0.753,0.002,0.051,0.01,0.002,0.038,0
40,Turkmenistan,Country,2009,1678072,391893,82355,1200658,3166,365,85,18,261,1,0.234,0.049,0.715,0.002,0.051,0.012,0.003,0.037,0
40,Turkmenistan,Country,2010,1875924,474670,93253,1304088,3913,405,102,20,281,1,0.253,0.05,0.695,0.002,0.051,0.013,0.003,0.035,0
40,Turkmenistan,Country,2011,2115448,560897,105226,1440592,8732,452,120,22,308,2,0.265,0.05,0.681,0.004,0.051,0.014,0.003,0.035,0
40,Turkmenistan,Country,2012,2372539,639104,117669,1611647,4119,502,135,25,341,1,0.269,0.05,0.679,0.002,0.054,0.014,0.003,0.036,0
40,Turkmenistan,Country,2013,2820360,796926,139182,1876070,8181,591,167,29,393,2,0.283,0.049,0.665,0.003,0.063,0.018,0.003,0.042,0
40,Turkmenistan,Country,2014,3194240,836766,156411,2194827,6236,663,174,32,456,1,0.262,0.049,0.687,0.002,0.068,0.018,0.003,0.047,0
40,Turkmenistan,Country,2015,3688505,883422,180648,2619095,5340,758,182,37,538,1,0.24,0.049,0.71,0.001,0.076,0.018,0.004,0.054,0
40,Turkmenistan,Country,2016,3970138,805396,193341,2958584,12817,808,164,39,602,3,0.203,0.049,0.745,0.003,0.082,0.017,0.004,0.061,0
40,Turkmenistan,Country,2017,4413286,939127,221669,3237539,14951,889,189,45,652,3,0.213,0.05,0.734,0.003,0.087,0.019,0.004,0.064,0
40,Turkmenistan,Country,2018,4223659,783684,214828,3222082,3064,842,156,43,642,1,0.186,0.051,0.763,0.001,0.08,0.015,0.004,0.061,0
40,Turkmenistan,Country,2019,4214910,788823,221402,3199406,5280,832,156,44,632,1,0.187,0.052,0.759,0.001,0.078,0.015,0.004,0.06,0
40,Turkmenistan,Country,2020,4045699,753642,214554,3072966,4538,791,147,42,601,1,0.186,0.053,0.76,0.001,0.074,0.014,0.004,0.056,0
40,Turkmenistan,Country,2021,3969975,677124,212563,3048355,31933,768,131,41,590,6,0.171,0.053,0.768,0.008,0.07,0.012,0.004,0.054,0.001
40,Turkmenistan,Country,2022,4051072,598935,222945,3224207,4985,772,114,42,614,1,0.148,0.055,0.796,0.001,0.067,0.01,0.004,0.054,0
416,Tuvalu,Country,1995,9199,8099,0,511,589,961,846,0,53,61,0.879,0,0.056,0.065,0.271,0.239,0,0.015,0.017
416,Tuvalu,Country,1996,8762,8242,0,518,2,913,859,0,54,0,0.94,0,0.059,0,0.275,0.259,0,0.016,0
416,Tuvalu,Country,1997,9138,8585,0,530,22,949,892,0,55,2,0.939,0,0.058,0.002,0.267,0.251,0,0.016,0.001
416,Tuvalu,Country,1998,9637,9073,0,550,14,997,939,0,57,1,0.941,0,0.057,0.001,0.241,0.227,0,0.014,0
416,Tuvalu,Country,1999,9785,9193,0,560,32,1008,947,0,58,3,0.939,0,0.057,0.003,0.248,0.233,0,0.014,0.001
416,Tuvalu,Country,2000,9766,9111,0,568,86,1002,935,0,58,9,0.933,0,0.058,0.009,0.235,0.219,0,0.014,0.002
416,Tuvalu,Country,2001,9047,8254,0,559,234,923,842,0,57,24,0.912,0,0.062,0.026,0.216,0.197,0,0.013,0.006
416,Tuvalu,Country,2002,13080,5681,0,533,6865,1325,575,0,54,695,0.434,0,0.041,0.525,0.286,0.124,0,0.012,0.15
416,Tuvalu,Country,2003,9132,5470,0,536,3126,917,549,0,54,314,0.599,0,0.059,0.343,0.207,0.124,0,0.012,0.071
416,Tuvalu,Country,2004,5285,4268,0,516,502,526,425,0,51,50,0.808,0,0.097,0.095,0.122,0.099,0,0.012,0.012
416,Tuvalu,Country,2005,5811,4287,0,510,1014,572,422,0,50,100,0.738,0,0.088,0.175,0.141,0.104,0,0.012,0.025
416,Tuvalu,Country,2006,5764,4624,0,509,631,561,450,0,50,61,0.802,0,0.088,0.11,0.137,0.11,0,0.012,0.015
416,Tuvalu,Country,2007,5319,4431,0,509,378,512,427,0,49,36,0.833,0,0.096,0.071,0.118,0.098,0,0.011,0.008
416,Tuvalu,Country,2008,6506,4750,0,528,1228,619,452,0,50,117,0.73,0,0.081,0.189,0.136,0.099,0,0.011,0.026
416,Tuvalu,Country,2009,7968,5618,0,549,1800,749,528,0,52,169,0.705,0,0.069,0.226,0.176,0.124,0,0.012,0.04
416,Tuvalu,Country,2010,8288,5845,0,563,1880,769,542,0,52,174,0.705,0,0.068,0.227,0.188,0.133,0,0.013,0.043
416,Tuvalu,Country,2011,6941,5417,0,566,957,636,496,0,52,88,0.78,0,0.081,0.138,0.147,0.115,0,0.012,0.02
416,Tuvalu,Country,2012,7050,5215,0,560,1274,638,472,0,51,115,0.74,0,0.079,0.181,0.155,0.114,0,0.012,0.028
416,Tuvalu,Country,2013,7155,5331,0,564,1260,639,476,0,50,113,0.745,0,0.079,0.176,0.149,0.111,0,0.012,0.026
416,Tuvalu,Country,2014,8186,6142,0,580,1465,722,542,0,51,129,0.75,0,0.071,0.179,0.165,0.124,0,0.012,0.03
416,Tuvalu,Country,2015,9060,7384,0,609,1067,790,644,0,53,93,0.815,0,0.067,0.118,0.164,0.134,0,0.011,0.019
416,Tuvalu,Country,2016,11776,8783,0,651,2341,1014,756,0,56,202,0.746,0,0.055,0.199,0.198,0.148,0,0.011,0.039
416,Tuvalu,Country,2017,11979,9265,0,679,2034,1018,788,0,58,173,0.773,0,0.057,0.17,0.192,0.148,0,0.011,0.033
416,Tuvalu,Country,2018,14635,10802,0,711,3122,1229,907,0,60,262,0.738,0,0.049,0.213,0.227,0.167,0,0.011,0.048
416,Tuvalu,Country,2019,13137,11065,0,747,1325,1089,917,0,62,110,0.842,0,0.057,0.101,0.173,0.146,0,0.01,0.017
416,Tuvalu,Country,2020,16599,9358,0,715,6525,1359,766,0,59,534,0.564,0,0.043,0.393,0.222,0.125,0,0.01,0.087
416,Tuvalu,Country,2021,19995,6275,0,646,13073,1608,505,0,52,1051,0.314,0,0.032,0.654,0.258,0.081,0,0.008,0.169
416,Tuvalu,Country,2022,11591,7845,0,705,3040,920,622,0,56,241,0.677,0,0.061,0.263,0.148,0.1,0,0.009,0.039
155,Türkiye,Country,1995,9459652,5914177,858420,2582328,104726,151,95,14,41,2,0.625,0.09,0.273,0.011,0.03,0.019,0.003,0.008,0
155,Türkiye,Country,1996,10624462,6680644,982993,2904765,56061,167,105,15,46,1,0.629,0.092,0.273,0.005,0.032,0.02,0.003,0.009,0
155,Türkiye,Country,1997,12127615,7666846,1154168,3248825,57775,188,119,18,50,1,0.633,0.095,0.268,0.005,0.034,0.021,0.003,0.009,0
155,Türkiye,Country,1998,13564925,8541533,1320335,3654667,48390,208,131,20,56,1,0.63,0.097,0.269,0.004,0.037,0.023,0.004,0.01,0
155,Türkiye,Country,1999,15244598,9660037,1477440,4070114,37007,230,146,22,61,1,0.634,0.097,0.267,0.002,0.042,0.027,0.004,0.011,0
155,Türkiye,Country,2000,16555172,10601285,1624066,4291936,37885,247,158,24,64,1,0.641,0.098,0.259,0.002,0.043,0.028,0.004,0.011,0
155,Türkiye,Country,2001,18426631,12409044,1736917,4264373,16296,271,183,26,63,0,0.674,0.094,0.231,0.001,0.051,0.034,0.005,0.012,0
155,Türkiye,Country,2002,19395193,13263676,1821359,4270911,39246,282,193,27,62,1,0.684,0.094,0.22,0.002,0.05,0.034,0.005,0.011,0
155,Türkiye,Country,2003,20520948,14210920,1871654,4399224,39150,296,205,27,63,1,0.693,0.091,0.214,0.002,0.05,0.035,0.005,0.011,0
155,Türkiye,Country,2004,21530469,14881035,1861951,4752483,35001,307,212,27,68,0,0.691,0.086,0.221,0.002,0.048,0.033,0.004,0.011,0
155,Türkiye,Country,2005,22894567,15686449,1890119,5261903,56096,323,221,27,74,1,0.685,0.082,0.23,0.002,0.047,0.032,0.004,0.011,0
155,Türkiye,Country,2006,25658919,17840680,1975408,5673646,169185,358,249,28,79,2,0.695,0.077,0.221,0.007,0.049,0.034,0.004,0.011,0
155,Türkiye,Country,2007,26868739,19059263,1976656,5767250,65569,372,264,27,80,1,0.709,0.073,0.215,0.002,0.049,0.035,0.004,0.011,0
155,Türkiye,Country,2008,27924077,20464843,1915424,5430807,113003,383,281,26,75,2,0.733,0.069,0.194,0.004,0.051,0.037,0.003,0.01,0
155,Türkiye,Country,2009,29254402,22503905,1713512,4998416,38570,398,306,23,68,1,0.769,0.058,0.171,0.001,0.056,0.043,0.003,0.01,0
155,Türkiye,Country,2010,29118692,22302510,1570994,4861556,383631,393,301,21,66,5,0.766,0.054,0.167,0.013,0.052,0.04,0.003,0.009,0.001
155,Türkiye,Country,2011,28472060,22026372,1498480,4806877,140331,381,295,20,64,2,0.774,0.053,0.169,0.005,0.046,0.036,0.002,0.008,0
155,Türkiye,Country,2012,29554982,23152471,1493675,4879646,29190,393,308,20,65,0,0.784,0.05,0.165,0.001,0.046,0.036,0.002,0.008,0
155,Türkiye,Country,2013,30571532,23908793,1516423,5111965,34351,402,315,20,67,0,0.782,0.05,0.167,0.001,0.044,0.034,0.002,0.007,0
155,Türkiye,Country,2014,31405247,24456311,1559881,5357755,31300,408,318,20,70,0,0.779,0.05,0.171,0.001,0.043,0.034,0.002,0.007,0
155,Türkiye,Country,2015,32639240,25408691,1646249,5560344,23956,417,324,21,71,0,0.779,0.05,0.17,0.001,0.042,0.033,0.002,0.007,0
155,Türkiye,Country,2016,34627101,26999278,1763357,5811371,53096,435,339,22,73,1,0.78,0.051,0.168,0.002,0.043,0.034,0.002,0.007,0
155,Türkiye,Country,2017,35564508,27355015,1844764,6103851,260878,440,339,23,76,3,0.769,0.052,0.172,0.007,0.041,0.032,0.002,0.007,0
155,Türkiye,Country,2018,37484079,28987416,1976355,6378300,142008,458,354,24,78,2,0.773,0.053,0.17,0.004,0.042,0.033,0.002,0.007,0
155,Türkiye,Country,2019,39460163,30587374,2114245,6619797,138747,477,370,26,80,2,0.775,0.053,0.168,0.004,0.044,0.034,0.002,0.007,0
155,Türkiye,Country,2020,42402543,33248900,2055755,6909603,188285,510,400,25,83,2,0.784,0.048,0.163,0.004,0.047,0.037,0.002,0.008,0
155,Türkiye,Country,2021,46573791,36532829,2367515,7554574,118873,555,436,28,90,1,0.785,0.051,0.162,0.003,0.046,0.036,0.002,0.008,0
155,Türkiye,Country,2022,40473865,29908291,2212773,7772728,580074,480,355,26,92,7,0.739,0.055,0.192,0.014,0.038,0.028,0.002,0.007,0.001
190,Uganda,Country,1995,459708,149333,15629,209819,84927,23,7,1,10,4,0.325,0.034,0.454,0.186,0.047,0.015,0.002,0.021,0.009
190,Uganda,Country,1996,515540,156512,15888,223757,119383,24,7,1,11,6,0.304,0.031,0.432,0.233,0.048,0.015,0.001,0.021,0.011
190,Uganda,Country,1997,551106,164819,15621,237324,133342,25,8,1,11,6,0.299,0.028,0.429,0.244,0.049,0.015,0.001,0.021,0.012
190,Uganda,Country,1998,579216,169992,14187,254206,140830,26,8,1,11,6,0.294,0.025,0.437,0.245,0.048,0.014,0.001,0.021,0.012
190,Uganda,Country,1999,589951,177541,11744,270503,130163,25,8,1,12,6,0.301,0.02,0.457,0.222,0.045,0.014,0.001,0.021,0.01
190,Uganda,Country,2000,645122,182751,8278,285614,168479,27,8,0,12,7,0.283,0.013,0.441,0.263,0.048,0.013,0.001,0.021,0.012
190,Uganda,Country,2001,739395,199246,8048,307951,224149,29,8,0,12,9,0.269,0.011,0.415,0.305,0.051,0.014,0.001,0.021,0.015
190,Uganda,Country,2002,677889,216243,9865,331476,120304,26,8,0,13,5,0.319,0.015,0.487,0.179,0.043,0.014,0.001,0.021,0.008
190,Uganda,Country,2003,877330,223186,12248,357165,284731,33,8,0,13,11,0.254,0.014,0.405,0.326,0.053,0.013,0.001,0.021,0.017
190,Uganda,Country,2004,1032426,219496,14656,397006,401269,37,8,1,14,15,0.212,0.014,0.383,0.39,0.058,0.012,0.001,0.022,0.023
190,Uganda,Country,2005,1143016,209588,16921,480317,436191,40,7,1,17,15,0.183,0.015,0.418,0.383,0.059,0.011,0.001,0.025,0.023
190,Uganda,Country,2006,1248834,209516,19208,567050,453060,43,7,1,19,16,0.168,0.015,0.452,0.365,0.06,0.01,0.001,0.027,0.022
190,Uganda,Country,2007,1401761,217663,21456,624168,538474,47,7,1,21,18,0.155,0.015,0.443,0.386,0.062,0.01,0.001,0.028,0.024
190,Uganda,Country,2008,1423760,226235,23472,649320,524733,46,7,1,21,17,0.159,0.017,0.454,0.37,0.058,0.009,0.001,0.026,0.021
190,Uganda,Country,2009,1501846,223933,25656,655744,596512,47,7,1,21,19,0.149,0.017,0.435,0.399,0.057,0.009,0.001,0.025,0.023
190,Uganda,Country,2010,1589470,288243,33728,695453,572046,49,9,1,21,18,0.181,0.021,0.436,0.361,0.055,0.01,0.001,0.024,0.02
190,Uganda,Country,2011,1590167,270947,41170,697013,581036,47,8,1,21,17,0.17,0.026,0.437,0.367,0.051,0.009,0.001,0.022,0.019
190,Uganda,Country,2012,1848096,279319,43154,714247,811376,54,8,1,21,24,0.151,0.023,0.385,0.44,0.058,0.009,0.001,0.022,0.025
190,Uganda,Country,2013,1810841,288118,53751,736837,732135,51,8,2,21,21,0.159,0.03,0.405,0.406,0.056,0.009,0.002,0.023,0.022
190,Uganda,Country,2014,1904503,289093,62435,733069,819906,53,8,2,20,23,0.152,0.033,0.383,0.432,0.055,0.008,0.002,0.021,0.024
190,Uganda,Country,2015,1808334,288349,57173,716798,746014,49,8,2,19,20,0.16,0.032,0.395,0.414,0.049,0.008,0.002,0.02,0.02
190,Uganda,Country,2016,1934769,280329,55714,695442,903284,51,7,1,18,24,0.145,0.029,0.358,0.468,0.052,0.008,0.002,0.019,0.024
190,Uganda,Country,2017,1857000,277447,57877,654264,867412,47,7,1,17,22,0.149,0.031,0.351,0.469,0.048,0.007,0.001,0.017,0.022
190,Uganda,Country,2018,2099195,270194,65233,639666,1124102,52,7,2,16,28,0.129,0.031,0.303,0.537,0.051,0.007,0.002,0.016,0.027
190,Uganda,Country,2019,2120485,283285,74080,647926,1115194,51,7,2,16,27,0.134,0.035,0.304,0.527,0.049,0.006,0.002,0.015,0.026
190,Uganda,Country,2020,2536637,557950,30347,688861,1259480,60,13,1,16,30,0.22,0.012,0.271,0.498,0.059,0.013,0.001,0.016,0.029
190,Uganda,Country,2021,2731383,556177,42991,692145,1440069,63,13,1,16,33,0.203,0.016,0.252,0.529,0.061,0.012,0.001,0.015,0.032
190,Uganda,Country,2022,2438572,500545,46283,735250,1156494,55,11,1,16,26,0.205,0.019,0.3,0.476,0.051,0.011,0.001,0.015,0.024
63,Ukraine,Country,1995,12064549,7699792,575475,3789132,150,234,149,11,73,0,0.638,0.048,0.314,0,0.068,0.043,0.003,0.021,0
63,Ukraine,Country,1996,10771407,6485547,540038,3745657,166,210,127,11,73,0,0.602,0.05,0.348,0,0.067,0.04,0.003,0.023,0
63,Ukraine,Country,1997,10452927,5983945,519915,3947706,1361,206,118,10,78,0,0.573,0.05,0.378,0,0.067,0.038,0.003,0.025,0
63,Ukraine,Country,1998,9657856,5100982,475708,4079042,2124,192,101,9,81,0,0.528,0.049,0.422,0,0.063,0.033,0.003,0.027,0
63,Ukraine,Country,1999,8521060,4050677,408756,4059749,1879,170,81,8,81,0,0.476,0.048,0.476,0,0.056,0.026,0.003,0.027,0
63,Ukraine,Country,2000,9150586,4551513,388148,4207791,3134,184,92,8,85,0,0.498,0.042,0.46,0,0.056,0.028,0.002,0.026,0
63,Ukraine,Country,2001,9868007,4989369,385734,4485768,7136,201,101,8,91,0,0.506,0.039,0.455,0.001,0.056,0.028,0.002,0.025,0
63,Ukraine,Country,2002,10854488,5672279,396808,4779006,6394,222,116,8,98,0,0.523,0.037,0.44,0.001,0.058,0.03,0.002,0.026,0
63,Ukraine,Country,2003,12090668,6557604,419719,5100864,12481,250,136,9,105,0,0.542,0.035,0.422,0.001,0.059,0.032,0.002,0.025,0
63,Ukraine,Country,2004,13436639,7575590,448363,5379276,33409,280,158,9,112,1,0.564,0.033,0.4,0.002,0.059,0.033,0.002,0.024,0
63,Ukraine,Country,2005,14627846,8523913,482257,5540201,81474,307,179,10,116,2,0.583,0.033,0.379,0.006,0.062,0.036,0.002,0.024,0
63,Ukraine,Country,2006,15422987,9097516,514739,5716076,94657,327,193,11,121,2,0.59,0.033,0.371,0.006,0.061,0.036,0.002,0.023,0
63,Ukraine,Country,2007,15730282,9174726,547513,5910398,97645,336,196,12,126,2,0.583,0.035,0.376,0.006,0.058,0.034,0.002,0.022,0
63,Ukraine,Country,2008,16299846,9485197,561439,6145557,107653,350,204,12,132,2,0.582,0.034,0.377,0.007,0.059,0.034,0.002,0.022,0
63,Ukraine,Country,2009,16380416,9328051,554639,6401097,96629,354,202,12,138,2,0.569,0.034,0.391,0.006,0.07,0.04,0.002,0.027,0
63,Ukraine,Country,2010,16743116,9147857,547208,6974473,73577,363,199,12,151,2,0.546,0.033,0.417,0.004,0.069,0.038,0.002,0.029,0
63,Ukraine,Country,2011,16925958,8689846,534297,7607452,94363,369,189,12,166,2,0.513,0.032,0.449,0.006,0.066,0.034,0.002,0.03,0
63,Ukraine,Country,2012,17805386,9066145,542425,8078842,117973,389,198,12,177,3,0.509,0.03,0.454,0.007,0.07,0.036,0.002,0.032,0
63,Ukraine,Country,2013,17698297,8760747,526787,8299738,111025,389,192,12,182,2,0.495,0.03,0.469,0.006,0.07,0.034,0.002,0.033,0
63,Ukraine,Country,2014,17145296,8286393,493418,8249716,115769,378,183,11,182,3,0.483,0.029,0.481,0.007,0.072,0.035,0.002,0.035,0
63,Ukraine,Country,2015,16645555,7993093,451733,8102446,98283,369,177,10,180,2,0.48,0.027,0.487,0.006,0.077,0.037,0.002,0.038,0
63,Ukraine,Country,2016,16373237,7762600,414706,8071095,124836,365,173,9,180,3,0.474,0.025,0.493,0.008,0.075,0.035,0.002,0.037,0.001
63,Ukraine,Country,2017,16630073,7883258,407013,8227217,112586,373,177,9,185,3,0.474,0.024,0.495,0.007,0.074,0.035,0.002,0.037,0.001
63,Ukraine,Country,2018,16946065,7904860,432690,8475892,132623,383,179,10,192,3,0.467,0.025,0.5,0.008,0.073,0.034,0.002,0.037,0.001
63,Ukraine,Country,2019,17026552,7766056,503192,8604058,153245,388,177,11,196,3,0.456,0.029,0.505,0.009,0.071,0.033,0.002,0.036,0.001
63,Ukraine,Country,2020,17510276,8612735,296808,8336268,264465,402,198,7,192,6,0.492,0.017,0.476,0.015,0.076,0.038,0.001,0.036,0.001
63,Ukraine,Country,2021,19948824,10123972,306009,8895478,623365,459,233,7,205,14,0.508,0.015,0.446,0.031,0.084,0.042,0.001,0.037,0.003
63,Ukraine,Country,2022,20324507,10354506,655937,8929587,384477,473,241,15,208,9,0.51,0.032,0.439,0.019,0.109,0.055,0.003,0.048,0.002
156,United Arab Emirates,Country,1995,4177440,3177340,320412,679687,0,1682,1279,129,274,0,0.761,0.077,0.163,0,0.024,0.018,0.002,0.004,0
156,United Arab Emirates,Country,1996,4510563,3415562,349509,745492,0,1722,1304,133,285,0,0.757,0.077,0.165,0,0.025,0.019,0.002,0.004,0
156,United Arab Emirates,Country,1997,4579174,3331534,378298,869342,0,1659,1207,137,315,0,0.728,0.083,0.19,0,0.024,0.017,0.002,0.004,0
156,United Arab Emirates,Country,1998,5212249,3711912,438691,1061645,0,1794,1277,151,365,0,0.712,0.084,0.204,0,0.027,0.019,0.002,0.006,0
156,United Arab Emirates,Country,1999,5328824,3704527,461856,1162442,0,1741,1210,151,380,0,0.695,0.087,0.218,0,0.027,0.019,0.002,0.006,0
156,United Arab Emirates,Country,2000,5425322,3692784,490901,1241637,0,1681,1144,152,385,0,0.681,0.09,0.229,0,0.025,0.017,0.002,0.006,0
156,United Arab Emirates,Country,2001,6173146,4265525,564729,1342892,0,1813,1253,166,394,0,0.691,0.091,0.218,0,0.028,0.02,0.003,0.006,0
156,United Arab Emirates,Country,2002,6207311,3954958,642904,1609450,0,1728,1101,179,448,0,0.637,0.104,0.259,0,0.028,0.018,0.003,0.007,0
156,United Arab Emirates,Country,2003,6603702,4018873,749296,1835533,0,1744,1061,198,485,0,0.609,0.113,0.278,0,0.028,0.017,0.003,0.008,0
156,United Arab Emirates,Country,2004,6750444,3915827,832584,2002034,0,1696,984,209,503,0,0.58,0.123,0.297,0,0.026,0.015,0.003,0.008,0
156,United Arab Emirates,Country,2005,6755077,3824008,877356,2053713,0,1623,919,211,493,0,0.566,0.13,0.304,0,0.026,0.015,0.003,0.008,0
156,United Arab Emirates,Country,2006,7267109,4151170,945741,2170198,0,1553,887,202,464,0,0.571,0.13,0.299,0,0.024,0.014,0.003,0.007,0
156,United Arab Emirates,Country,2007,8404732,5016776,1041496,2346459,0,1479,883,183,413,0,0.597,0.124,0.279,0,0.025,0.015,0.003,0.007,0
156,United Arab Emirates,Country,2008,10191193,6522116,1170633,2498444,0,1440,921,165,353,0,0.64,0.115,0.245,0,0.027,0.017,0.003,0.007,0
156,United Arab Emirates,Country,2009,13500714,9592460,1396775,2511479,0,1645,1169,170,306,0,0.71,0.103,0.186,0,0.034,0.024,0.003,0.006,0
156,United Arab Emirates,Country,2010,12626504,8966940,1343965,2315600,0,1496,1062,159,274,0,0.71,0.106,0.183,0,0.031,0.022,0.003,0.006,0
156,United Arab Emirates,Country,2011,12684908,9108472,1351685,2224751,0,1471,1056,157,258,0,0.718,0.107,0.175,0,0.029,0.021,0.003,0.005,0
156,United Arab Emirates,Country,2012,12548330,9009069,1348748,2190513,0,1429,1026,154,250,0,0.718,0.108,0.175,0,0.029,0.021,0.003,0.005,0
156,United Arab Emirates,Country,2013,13428619,9707524,1430484,2290611,0,1506,1089,160,257,0,0.723,0.107,0.171,0,0.031,0.022,0.003,0.005,0
156,United Arab Emirates,Country,2014,14790877,10819535,1542774,2428568,0,1636,1197,171,269,0,0.732,0.104,0.164,0,0.033,0.025,0.003,0.005,0
156,United Arab Emirates,Country,2015,14372726,10331888,1547037,2493801,0,1571,1129,169,273,0,0.719,0.108,0.173,0,0.032,0.023,0.003,0.006,0
156,United Arab Emirates,Country,2016,16351936,12103338,1687577,2561021,0,1767,1308,182,277,0,0.74,0.103,0.157,0,0.035,0.026,0.004,0.006,0
156,United Arab Emirates,Country,2017,19306112,10684023,6152909,2469180,0,2066,1143,658,264,0,0.553,0.319,0.128,0,0.042,0.023,0.013,0.005,0
156,United Arab Emirates,Country,2018,19388953,10265276,6654868,2468809,0,2056,1089,706,262,0,0.529,0.343,0.127,0,0.042,0.022,0.014,0.005,0
156,United Arab Emirates,Country,2019,20906602,10948160,7441477,2516965,0,2200,1152,783,265,0,0.524,0.356,0.12,0,0.045,0.023,0.016,0.005,0
156,United Arab Emirates,Country,2020,24609533,15804707,5896323,2908503,0,2571,1651,616,304,0,0.642,0.24,0.118,0,0.055,0.035,0.013,0.006,0
156,United Arab Emirates,Country,2021,23672844,15548044,5548349,2576451,0,2425,1593,568,264,0,0.657,0.234,0.109,0,0.051,0.034,0.012,0.006,0
156,United Arab Emirates,Country,2022,22462618,13695466,5864527,2902626,0,2204,1344,576,285,0,0.61,0.261,0.129,0,0.045,0.028,0.012,0.006,0
95,United Kingdom,Country,1995,145177192,112508342,6169707,26499143,0,2497,1935,106,456,0,0.775,0.042,0.183,0,0.072,0.056,0.003,0.013,0
95,United Kingdom,Country,1996,146221199,111955922,6940613,27324664,0,2508,1920,119,469,0,0.766,0.047,0.187,0,0.071,0.054,0.003,0.013,0
95,United Kingdom,Country,1997,149597818,113119463,8036630,28441725,0,2558,1934,137,486,0,0.756,0.054,0.19,0,0.069,0.052,0.004,0.013,0
95,United Kingdom,Country,1998,155859888,117393174,8747565,29719149,0,2657,2001,149,507,0,0.753,0.056,0.191,0,0.07,0.053,0.004,0.013,0
95,United Kingdom,Country,1999,163634785,123319535,9171190,31144061,0,2781,2096,156,529,0,0.754,0.056,0.19,0,0.071,0.054,0.004,0.014,0
95,United Kingdom,Country,2000,172326543,130159769,9426315,32740459,0,2919,2205,160,555,0,0.755,0.055,0.19,0,0.072,0.054,0.004,0.014,0
95,United Kingdom,Country,2001,183420882,139420935,9807348,34192599,0,3096,2353,166,577,0,0.76,0.053,0.186,0,0.075,0.057,0.004,0.014,0
95,United Kingdom,Country,2002,196001782,150964722,10042142,34994918,0,3294,2537,169,588,0,0.77,0.051,0.179,0,0.078,0.06,0.004,0.014,0
95,United Kingdom,Country,2003,208327373,163369218,10103344,34854811,0,3484,2733,169,583,0,0.784,0.048,0.167,0,0.081,0.063,0.004,0.013,0
95,United Kingdom,Country,2004,220142791,175871778,10226168,34044844,0,3662,2925,170,566,0,0.799,0.046,0.155,0,0.083,0.066,0.004,0.013,0
95,United Kingdom,Country,2005,231154403,187229967,10613253,33311182,0,3821,3095,175,551,0,0.81,0.046,0.144,0,0.085,0.069,0.004,0.012,0
95,United Kingdom,Country,2006,239080698,194695471,11037784,33347442,0,3925,3196,181,547,0,0.814,0.046,0.139,0,0.086,0.07,0.004,0.012,0
95,United Kingdom,Country,2007,246308555,200185420,11399201,34723933,0,4013,3262,186,566,0,0.813,0.046,0.141,0,0.086,0.07,0.004,0.012,0
95,United Kingdom,Country,2008,257990163,210791383,11689489,35509292,0,4170,3407,189,574,0,0.817,0.045,0.138,0,0.091,0.074,0.004,0.012,0
95,United Kingdom,Country,2009,269017893,221394473,11605846,36017575,0,4313,3549,186,577,0,0.823,0.043,0.134,0,0.099,0.081,0.004,0.013,0
95,United Kingdom,Country,2010,272874809,223989635,11455652,37429522,0,4337,3560,182,595,0,0.821,0.042,0.137,0,0.098,0.081,0.004,0.013,0
95,United Kingdom,Country,2011,274460254,223625101,11433336,39401817,0,4325,3524,180,621,0,0.815,0.042,0.144,0,0.098,0.08,0.004,0.014,0
95,United Kingdom,Country,2012,283484718,229485195,11649742,42349781,0,4429,3585,182,662,0,0.81,0.041,0.149,0,0.099,0.08,0.004,0.015,0
95,United Kingdom,Country,2013,287971051,231024720,11705742,45240589,0,4463,3581,181,701,0,0.802,0.041,0.157,0,0.099,0.079,0.004,0.016,0
95,United Kingdom,Country,2014,295683324,237150347,11661905,46871071,0,4547,3647,179,721,0,0.802,0.039,0.159,0,0.098,0.079,0.004,0.016,0
95,United Kingdom,Country,2015,301482343,242415532,11292734,47774076,0,4602,3700,172,729,0,0.804,0.037,0.158,0,0.098,0.079,0.004,0.016,0
95,United Kingdom,Country,2016,304686750,245438273,10753866,48494611,0,4617,3719,163,735,0,0.806,0.035,0.159,0,0.097,0.078,0.003,0.015,0
95,United Kingdom,Country,2017,309184852,248644039,10685821,49854992,0,4654,3742,161,750,0,0.804,0.035,0.161,0,0.096,0.077,0.003,0.015,0
95,United Kingdom,Country,2018,316696967,253828925,10813008,52055034,0,4737,3796,162,779,0,0.801,0.034,0.164,0,0.097,0.078,0.003,0.016,0
95,United Kingdom,Country,2019,326675900,261364085,11053852,54257963,0,4858,3886,164,807,0,0.8,0.034,0.166,0,0.098,0.079,0.003,0.016,0
95,United Kingdom,Country,2020,354422074,301375486,9764992,43281595,0,5245,4460,144,640,0,0.85,0.028,0.122,0,0.119,0.101,0.003,0.015,0
95,United Kingdom,Country,2021,386595517,325913473,9855222,50826823,0,5700,4805,145,749,0,0.843,0.025,0.131,0,0.119,0.101,0.003,0.016,0
95,United Kingdom,Country,2022,369615353,307040517,10472346,52102490,0,5412,4496,153,763,0,0.831,0.028,0.141,0,0.109,0.091,0.003,0.015,0
189,United Republic of Tanzania,Country,1995,635772,210483,19470,336572,69247,21,7,1,11,2,0.331,0.031,0.528,0.11,0.04,0.013,0.001,0.021,0.004
189,United Republic of Tanzania,Country,1996,678898,186655,19034,334046,139163,22,6,1,11,5,0.275,0.028,0.491,0.206,0.04,0.011,0.001,0.02,0.008
189,United Republic of Tanzania,Country,1997,677250,177800,19109,336328,144014,21,6,1,11,5,0.263,0.028,0.496,0.213,0.039,0.01,0.001,0.019,0.008
189,United Republic of Tanzania,Country,1998,674631,165655,18449,333999,156527,21,5,1,10,5,0.246,0.027,0.494,0.233,0.037,0.009,0.001,0.018,0.009
189,United Republic of Tanzania,Country,1999,806394,163947,17668,325110,299669,24,5,1,10,9,0.203,0.022,0.403,0.372,0.042,0.009,0.001,0.017,0.016
189,United Republic of Tanzania,Country,2000,636093,183746,17218,317594,117535,19,5,1,9,3,0.289,0.027,0.499,0.185,0.032,0.009,0.001,0.016,0.006
189,United Republic of Tanzania,Country,2001,842964,227375,18913,360329,236347,24,6,1,10,7,0.27,0.022,0.427,0.281,0.04,0.011,0.001,0.017,0.011
189,United Republic of Tanzania,Country,2002,903211,297015,22355,420897,162944,25,8,1,12,5,0.329,0.025,0.466,0.181,0.04,0.013,0.001,0.018,0.007
189,United Republic of Tanzania,Country,2003,1074678,387437,28320,483363,175557,29,10,1,13,5,0.36,0.026,0.45,0.163,0.044,0.016,0.001,0.02,0.007
189,United Republic of Tanzania,Country,2004,1363571,500120,25936,537013,300502,36,13,1,14,8,0.367,0.019,0.394,0.22,0.052,0.019,0.001,0.021,0.011
189,United Republic of Tanzania,Country,2005,1583400,606305,25045,577244,374805,40,15,1,15,10,0.383,0.016,0.365,0.237,0.056,0.022,0.001,0.021,0.013
189,United Republic of Tanzania,Country,2006,1715335,636478,23650,592054,463152,43,16,1,15,12,0.371,0.014,0.345,0.27,0.058,0.022,0.001,0.02,0.016
189,United Republic of Tanzania,Country,2007,1845131,642168,22959,605252,574751,45,16,1,15,14,0.348,0.012,0.328,0.312,0.058,0.02,0.001,0.019,0.018
189,United Republic of Tanzania,Country,2008,2072647,633617,22686,608454,807890,49,15,1,14,19,0.306,0.011,0.294,0.39,0.062,0.019,0.001,0.018,0.024
189,United Republic of Tanzania,Country,2009,1953094,598326,22993,597311,734465,45,14,1,14,17,0.306,0.012,0.306,0.376,0.055,0.017,0.001,0.017,0.021
189,United Republic of Tanzania,Country,2010,2107764,565523,24974,582389,934878,47,13,1,13,21,0.268,0.012,0.276,0.444,0.056,0.015,0.001,0.016,0.025
189,United Republic of Tanzania,Country,2011,2042442,534073,30141,555520,922708,45,12,1,12,20,0.261,0.015,0.272,0.452,0.051,0.013,0.001,0.014,0.023
189,United Republic of Tanzania,Country,2012,2048489,543479,35200,526779,943032,44,12,1,11,20,0.265,0.017,0.257,0.46,0.049,0.013,0.001,0.013,0.022
189,United Republic of Tanzania,Country,2013,2256104,561812,30916,503242,1160133,47,12,1,10,24,0.249,0.014,0.223,0.514,0.05,0.013,0.001,0.011,0.026
189,United Republic of Tanzania,Country,2014,2213737,589841,24411,486065,1113419,45,12,0,10,23,0.266,0.011,0.22,0.503,0.047,0.012,0.001,0.01,0.023
189,United Republic of Tanzania,Country,2015,2053995,669815,26223,480204,877754,41,13,1,9,17,0.326,0.013,0.234,0.427,0.041,0.013,0.001,0.01,0.018
189,United Republic of Tanzania,Country,2016,2370920,786475,25333,488249,1070864,46,15,0,9,21,0.332,0.011,0.206,0.452,0.045,0.015,0,0.009,0.02
189,United Republic of Tanzania,Country,2017,2547503,873039,23854,505445,1145166,48,16,0,9,22,0.343,0.009,0.198,0.45,0.045,0.016,0,0.009,0.02
189,United Republic of Tanzania,Country,2018,2711355,994417,24280,539383,1153275,50,18,0,10,21,0.367,0.009,0.199,0.425,0.046,0.017,0,0.009,0.019
189,United Republic of Tanzania,Country,2019,2850836,1074507,24852,570412,1181066,51,19,0,10,21,0.377,0.009,0.2,0.414,0.045,0.017,0,0.009,0.019
189,United Republic of Tanzania,Country,2020,2551535,599656,25474,605788,1320618,45,10,0,11,23,0.235,0.01,0.237,0.518,0.039,0.009,0,0.009,0.02
189,United Republic of Tanzania,Country,2021,2745220,691688,26253,637492,1389787,47,12,0,11,24,0.252,0.01,0.232,0.506,0.04,0.01,0,0.009,0.021
189,United Republic of Tanzania,Country,2022,2578576,751610,27473,676073,1123420,43,12,0,11,19,0.291,0.011,0.262,0.436,0.037,0.011,0,0.01,0.016
422,United States Virgin Islands,Country,1995,74143,49414,2264,22465,0,682,454,21,207,0,0.665,0.031,0.304,0,0.021,0.014,0.001,0.006,0
422,United States Virgin Islands,Country,1996,76588,51031,2366,23191,0,700,467,22,212,0,0.665,0.031,0.304,0,0.021,0.014,0.001,0.006,0
422,United States Virgin Islands,Country,1997,79463,53243,2427,23794,0,723,484,22,216,0,0.669,0.031,0.3,0,0.021,0.014,0.001,0.006,0
422,United States Virgin Islands,Country,1998,81837,55227,2437,24174,0,741,500,22,219,0,0.674,0.03,0.296,0,0.022,0.015,0.001,0.006,0
422,United States Virgin Islands,Country,1999,82444,55723,2383,24338,0,743,502,21,219,0,0.675,0.029,0.296,0,0.022,0.015,0.001,0.006,0
422,United States Virgin Islands,Country,2000,82324,55586,2297,24441,0,739,499,21,219,0,0.674,0.028,0.298,0,0.021,0.014,0.001,0.006,0
422,United States Virgin Islands,Country,2001,83970,56959,2296,24715,0,752,510,21,221,0,0.677,0.028,0.295,0,0.021,0.014,0.001,0.006,0
422,United States Virgin Islands,Country,2002,92455,62904,2616,26935,0,826,562,23,241,0,0.679,0.029,0.293,0,0.016,0.011,0,0.005,0
422,United States Virgin Islands,Country,2003,97433,65831,2903,28699,0,870,588,26,256,0,0.674,0.03,0.296,0,0.016,0.011,0,0.005,0
422,United States Virgin Islands,Country,2004,103080,69430,3264,30386,0,921,620,29,272,0,0.672,0.032,0.296,0,0.017,0.011,0.001,0.005,0
422,United States Virgin Islands,Country,2005,107921,72309,3693,31919,0,966,647,33,286,0,0.668,0.035,0.297,0,0.017,0.011,0.001,0.005,0
422,United States Virgin Islands,Country,2006,118899,80982,4263,33654,0,1068,727,38,302,0,0.679,0.036,0.285,0,0.018,0.012,0.001,0.005,0
422,United States Virgin Islands,Country,2007,128258,88267,4802,35190,0,1158,797,43,318,0,0.686,0.038,0.276,0,0.019,0.013,0.001,0.005,0
422,United States Virgin Islands,Country,2008,140840,98841,5387,36612,0,1280,898,49,333,0,0.7,0.039,0.262,0,0.021,0.015,0.001,0.005,0
422,United States Virgin Islands,Country,2009,147930,105051,5740,37139,0,1356,963,53,340,0,0.708,0.039,0.253,0,0.024,0.017,0.001,0.006,0
422,United States Virgin Islands,Country,2010,153914,110419,6030,37465,0,1426,1023,56,347,0,0.715,0.039,0.245,0,0.025,0.018,0.001,0.006,0
422,United States Virgin Islands,Country,2011,152627,109746,6033,36848,0,1434,1031,57,346,0,0.717,0.04,0.243,0,0.027,0.019,0.001,0.007,0
422,United States Virgin Islands,Country,2012,144888,104070,5732,35086,0,1384,994,55,335,0,0.716,0.04,0.244,0,0.03,0.022,0.001,0.007,0
422,United States Virgin Islands,Country,2013,142380,103500,5510,33370,0,1385,1007,54,325,0,0.725,0.039,0.236,0,0.033,0.024,0.001,0.008,0
422,United States Virgin Islands,Country,2014,137640,100861,5222,31557,0,1366,1001,52,313,0,0.731,0.038,0.231,0,0.033,0.024,0.001,0.007,0
422,United States Virgin Islands,Country,2015,129855,95328,4868,29659,0,1316,966,49,301,0,0.732,0.038,0.23,0,0.031,0.023,0.001,0.007,0
422,United States Virgin Islands,Country,2016,123659,91063,4575,28021,0,1281,943,47,290,0,0.734,0.037,0.228,0,0.03,0.022,0.001,0.007,0
422,United States Virgin Islands,Country,2017,123052,91857,4427,26768,0,1304,974,47,284,0,0.744,0.036,0.22,0,0.031,0.023,0.001,0.007,0
422,United States Virgin Islands,Country,2018,128565,98130,4442,25993,0,1394,1064,48,282,0,0.761,0.035,0.204,0,0.032,0.025,0.001,0.007,0
422,United States Virgin Islands,Country,2019,121069,91931,4247,24891,0,1344,1020,47,276,0,0.757,0.036,0.208,0,0.03,0.023,0.001,0.006,0
422,United States Virgin Islands,Country,2020,116540,88547,4134,23859,0,1324,1006,47,271,0,0.757,0.036,0.207,0,0.03,0.023,0.001,0.006,0
422,United States Virgin Islands,Country,2021,114786,87474,4113,23198,0,1335,1017,48,270,0,0.76,0.036,0.204,0,0.029,0.022,0.001,0.006,0
422,United States Virgin Islands,Country,2022,117449,89899,4228,23322,0,1372,1050,49,272,0,0.763,0.036,0.201,0,0.03,0.023,0.001,0.006,0
102,United States of America,Country,1995,1772024210,819347355,703881655,248795200,0,6620,3061,2630,930,0,0.462,0.397,0.14,0,0.127,0.059,0.05,0.018,0
102,United States of America,Country,1996,1824228684,837993337,727187894,259047453,0,6750,3101,2691,959,0,0.459,0.399,0.142,0,0.126,0.058,0.05,0.018,0
102,United States of America,Country,1997,1890984475,860569785,756695032,273719659,0,6929,3153,2773,1003,0,0.455,0.4,0.145,0,0.125,0.057,0.05,0.018,0
102,United States of America,Country,1998,1966362019,882956281,792407551,290998187,0,7135,3204,2875,1056,0,0.449,0.403,0.148,0,0.125,0.056,0.05,0.018,0
102,United States of America,Country,1999,2054978882,915890851,831880440,307207591,0,7383,3291,2989,1104,0,0.446,0.405,0.149,0,0.124,0.055,0.05,0.019,0
102,United States of America,Country,2000,2159697561,961722598,875131634,322843329,0,7684,3422,3114,1149,0,0.445,0.405,0.149,0,0.126,0.056,0.051,0.019,0
102,United States of America,Country,2001,2306884081,1035447901,933045266,338390915,0,8129,3649,3288,1192,0,0.449,0.404,0.147,0,0.133,0.06,0.054,0.02,0
102,United States of America,Country,2002,2474388383,1115977082,1002453453,355957848,0,8636,3895,3499,1242,0,0.451,0.405,0.144,0,0.14,0.063,0.057,0.02,0
102,United States of America,Country,2003,2630139879,1189173102,1068771287,372195491,0,9092,4111,3695,1287,0,0.452,0.406,0.141,0,0.145,0.066,0.059,0.021,0
102,United States of America,Country,2004,2748985149,1246052615,1117504256,385428278,0,9411,4266,3826,1320,0,0.453,0.407,0.14,0,0.146,0.066,0.059,0.02,0
102,United States of America,Country,2005,2867608628,1309508600,1160918545,397181483,0,9721,4439,3936,1346,0,0.457,0.405,0.138,0,0.147,0.067,0.06,0.02,0
102,United States of America,Country,2006,2947931117,1353928699,1188221460,405780958,0,9895,4545,3988,1362,0,0.459,0.403,0.138,0,0.147,0.068,0.059,0.02,0
102,United States of America,Country,2007,3026407738,1404276122,1210284013,411847603,0,10058,4667,4022,1369,0,0.464,0.4,0.136,0,0.148,0.069,0.059,0.02,0
102,United States of America,Country,2008,3129706315,1484586410,1230797849,414322056,0,10302,4887,4051,1364,0,0.474,0.393,0.132,0,0.153,0.073,0.06,0.02,0
102,United States of America,Country,2009,3277184858,1599247688,1263873190,414063980,0,10689,5216,4122,1350,0,0.488,0.386,0.126,0,0.164,0.08,0.063,0.021,0
102,United States of America,Country,2010,3317035903,1625404881,1277652201,413978821,0,10724,5255,4131,1338,0,0.49,0.385,0.125,0,0.162,0.079,0.062,0.02,0
102,United States of America,Country,2011,3367488342,1655828850,1295542841,416116652,0,10796,5308,4153,1334,0,0.492,0.385,0.124,0,0.162,0.08,0.062,0.02,0
102,United States of America,Country,2012,3416333000,1670290443,1326427765,419614793,0,10864,5311,4218,1334,0,0.489,0.388,0.123,0,0.16,0.078,0.062,0.02,0
102,United States of America,Country,2013,3455638054,1662532452,1372676131,420429471,0,10902,5245,4331,1326,0,0.481,0.397,0.122,0,0.159,0.076,0.063,0.019,0
102,United States of America,Country,2014,3650549517,1902782427,1310745498,437021592,0,11428,5957,4103,1368,0,0.521,0.359,0.12,0,0.164,0.085,0.059,0.02,0
102,United States of America,Country,2015,3760251186,1928284841,1390236900,441729445,0,11685,5992,4320,1373,0,0.513,0.37,0.117,0,0.164,0.084,0.061,0.019,0
102,United States of America,Country,2016,3894604739,1989807509,1456358108,448439122,0,12018,6140,4494,1384,0,0.511,0.374,0.115,0,0.167,0.085,0.062,0.019,0
102,United States of America,Country,2017,3983912230,2038273694,1491685755,453952782,0,12215,6249,4573,1392,0,0.512,0.374,0.114,0,0.167,0.085,0.062,0.019,0
102,United States of America,Country,2018,4077738710,2098758018,1516646953,462333739,0,12427,6396,4622,1409,0,0.515,0.372,0.113,0,0.166,0.085,0.062,0.019,0
102,United States of America,Country,2019,4205669053,2180556830,1552077329,473034894,0,12745,6608,4703,1433,0,0.518,0.369,0.112,0,0.167,0.086,0.062,0.019,0
102,United States of America,Country,2020,4595272923,2622927701,1510394722,461950501,0,13862,7912,4556,1394,0,0.571,0.329,0.101,0,0.187,0.107,0.061,0.019,0
102,United States of America,Country,2021,4527215091,2505528966,1530918389,490767736,0,13653,7556,4617,1480,0,0.553,0.338,0.108,0,0.174,0.096,0.059,0.019,0
102,United States of America,Country,2022,4406171369,2428722321,1488033033,489416015,0,13238,7297,4471,1470,0,0.551,0.338,0.111,0,0.165,0.091,0.056,0.018,0
99,Uruguay,Country,1995,3772452,2009059,845871,915141,2381,1167,621,262,283,1,0.532,0.224,0.243,0.001,0.098,0.052,0.022,0.024,0
99,Uruguay,Country,1996,3814312,2032685,843695,934905,3028,1174,625,260,288,1,0.533,0.221,0.245,0.001,0.093,0.05,0.021,0.023,0
99,Uruguay,Country,1997,3780178,1964178,866357,947687,1956,1158,601,265,290,1,0.52,0.229,0.251,0.001,0.087,0.045,0.02,0.022,0
99,Uruguay,Country,1998,3880435,1943961,963241,969471,3761,1184,593,294,296,1,0.501,0.248,0.25,0.001,0.086,0.043,0.021,0.021,0
99,Uruguay,Country,1999,4084588,1945846,1148796,987159,2787,1242,592,349,300,1,0.476,0.281,0.242,0.001,0.092,0.044,0.026,0.022,0
99,Uruguay,Country,2000,4141776,1863116,1280919,997250,492,1256,565,388,302,0,0.45,0.309,0.241,0,0.096,0.043,0.03,0.023,0
99,Uruguay,Country,2001,4206401,1910008,1305014,974555,16825,1272,578,395,295,5,0.454,0.31,0.232,0.004,0.101,0.046,0.031,0.023,0
99,Uruguay,Country,2002,4016869,1872772,1181378,905967,56753,1212,565,357,273,17,0.466,0.294,0.226,0.014,0.104,0.049,0.031,0.024,0.001
99,Uruguay,Country,2003,3867561,1870089,1053603,871887,71982,1165,563,317,263,22,0.483,0.272,0.225,0.019,0.099,0.048,0.027,0.022,0.002
99,Uruguay,Country,2004,3598642,1780881,957388,859063,1310,1082,536,288,258,0,0.495,0.266,0.239,0,0.088,0.044,0.023,0.021,0
99,Uruguay,Country,2005,3630641,1746504,973201,865851,45084,1090,524,292,260,14,0.481,0.268,0.239,0.012,0.083,0.04,0.022,0.02,0.001
99,Uruguay,Country,2006,3739923,1851331,1012921,874206,1465,1120,555,303,262,0,0.495,0.271,0.234,0,0.082,0.04,0.022,0.019,0
99,Uruguay,Country,2007,3938682,2019391,1021031,893574,4686,1178,604,305,267,1,0.513,0.259,0.227,0.001,0.081,0.041,0.021,0.018,0
99,Uruguay,Country,2008,4219034,2295469,994386,926959,2219,1260,685,297,277,1,0.544,0.236,0.22,0.001,0.081,0.044,0.019,0.018,0
99,Uruguay,Country,2009,4506971,2616692,941576,946671,2031,1344,780,281,282,1,0.581,0.209,0.21,0,0.083,0.048,0.017,0.017,0
99,Uruguay,Country,2010,4779849,2905150,898477,968335,7886,1423,865,267,288,2,0.608,0.188,0.203,0.002,0.082,0.05,0.015,0.017,0
99,Uruguay,Country,2011,4936046,3093971,836893,977160,28022,1467,920,249,290,8,0.627,0.17,0.198,0.006,0.08,0.05,0.014,0.016,0
99,Uruguay,Country,2012,5216769,3429517,802908,984345,0,1548,1017,238,292,0,0.657,0.154,0.189,0,0.081,0.053,0.012,0.015,0
99,Uruguay,Country,2013,5522019,3737516,794337,990166,0,1634,1106,235,293,0,0.677,0.144,0.179,0,0.082,0.055,0.012,0.015,0
99,Uruguay,Country,2014,5738916,3962818,778769,997329,0,1693,1169,230,294,0,0.69,0.136,0.174,0,0.082,0.057,0.011,0.014,0
99,Uruguay,Country,2015,5826550,4071661,744788,1010100,0,1714,1198,219,297,0,0.699,0.128,0.173,0,0.082,0.058,0.011,0.014,0
99,Uruguay,Country,2016,6124824,4355755,732098,1036972,0,1798,1279,215,304,0,0.711,0.12,0.169,0,0.085,0.06,0.01,0.014,0
99,Uruguay,Country,2017,6238018,4469365,709522,1059131,0,1829,1310,208,310,0,0.716,0.114,0.17,0,0.085,0.061,0.01,0.014,0
99,Uruguay,Country,2018,6386540,4593837,718254,1074449,0,1871,1346,210,315,0,0.719,0.112,0.168,0,0.087,0.063,0.01,0.015,0
99,Uruguay,Country,2019,6475058,4655600,740388,1079071,0,1898,1364,217,316,0,0.719,0.114,0.167,0,0.088,0.063,0.01,0.015,0
99,Uruguay,Country,2020,6321626,4527023,735537,1059067,0,1854,1327,216,311,0,0.716,0.116,0.168,0,0.092,0.066,0.011,0.015,0
99,Uruguay,Country,2021,6556958,4813324,707233,1036401,0,1939,1423,209,306,0,0.734,0.108,0.158,0,0.092,0.067,0.01,0.014,0
99,Uruguay,Country,2022,6706000,4870200,711816,1123985,0,1986,1442,211,333,0,0.726,0.106,0.168,0,0.09,0.065,0.01,0.015,0
41,Uzbekistan,Country,1995,1343675,558608,4101,744918,36048,58,24,0,32,2,0.416,0.003,0.554,0.027,0.068,0.028,0,0.038,0.002
41,Uzbekistan,Country,1996,1364206,583455,4239,761654,14858,58,25,0,32,1,0.428,0.003,0.558,0.011,0.068,0.029,0,0.038,0.001
41,Uzbekistan,Country,1997,1305791,529925,4157,762473,9237,54,22,0,32,0,0.406,0.003,0.584,0.007,0.062,0.025,0,0.036,0
41,Uzbekistan,Country,1998,1308273,530086,4241,761089,12857,54,22,0,31,1,0.405,0.003,0.582,0.01,0.06,0.024,0,0.035,0.001
41,Uzbekistan,Country,1999,1295004,508944,4268,751003,30789,52,21,0,30,1,0.393,0.003,0.58,0.024,0.057,0.022,0,0.033,0.001
41,Uzbekistan,Country,2000,1285595,496854,4326,763976,20439,51,20,0,31,1,0.386,0.003,0.594,0.016,0.054,0.021,0,0.032,0.001
41,Uzbekistan,Country,2001,1308859,482482,4441,787490,34446,52,19,0,31,1,0.369,0.003,0.602,0.026,0.053,0.019,0,0.032,0.001
41,Uzbekistan,Country,2002,1398763,532384,4867,820481,41032,55,21,0,32,2,0.381,0.003,0.587,0.029,0.054,0.021,0,0.032,0.002
41,Uzbekistan,Country,2003,1401876,526090,5196,836504,34086,54,20,0,32,1,0.375,0.004,0.597,0.024,0.052,0.02,0,0.031,0.001
41,Uzbekistan,Country,2004,1462957,542942,5881,860447,53688,56,21,0,33,2,0.371,0.004,0.588,0.037,0.051,0.019,0,0.03,0.002
41,Uzbekistan,Country,2005,1519727,582501,6557,897397,33271,57,22,0,34,1,0.383,0.004,0.591,0.022,0.049,0.019,0,0.029,0.001
41,Uzbekistan,Country,2006,1589712,601998,7076,943097,37540,59,22,0,35,1,0.379,0.004,0.593,0.024,0.048,0.018,0,0.028,0.001
41,Uzbekistan,Country,2007,1738210,669591,7805,1014071,46743,64,25,0,37,2,0.385,0.004,0.583,0.027,0.047,0.018,0,0.028,0.001
41,Uzbekistan,Country,2008,1955850,779727,8695,1112968,54459,71,28,0,40,2,0.399,0.004,0.569,0.028,0.049,0.019,0,0.028,0.001
41,Uzbekistan,Country,2009,2204250,898010,9622,1231743,64875,78,32,0,44,2,0.407,0.004,0.559,0.03,0.051,0.021,0,0.028,0.001
41,Uzbekistan,Country,2010,2434157,991790,10507,1374844,57017,85,35,0,48,2,0.408,0.004,0.565,0.024,0.052,0.021,0,0.029,0.001
41,Uzbekistan,Country,2011,2599061,1041658,11241,1490218,55945,90,36,0,51,2,0.401,0.004,0.573,0.022,0.052,0.021,0,0.03,0.001
41,Uzbekistan,Country,2012,2874806,1177912,12481,1598784,85629,98,40,0,54,3,0.41,0.004,0.556,0.03,0.053,0.022,0,0.03,0.002
41,Uzbekistan,Country,2013,3042212,1325243,13960,1655872,47137,102,44,0,55,2,0.436,0.005,0.544,0.016,0.053,0.023,0,0.029,0.001
41,Uzbekistan,Country,2014,3078568,1389987,15355,1605928,67298,101,46,1,53,2,0.452,0.005,0.521,0.022,0.05,0.023,0,0.026,0.001
41,Uzbekistan,Country,2015,3199758,1434663,17538,1685933,61624,104,46,1,55,2,0.449,0.005,0.527,0.019,0.048,0.022,0,0.026,0.001
41,Uzbekistan,Country,2016,3359004,1419624,21336,1809525,108519,107,45,1,58,3,0.423,0.006,0.538,0.032,0.048,0.02,0,0.026,0.002
41,Uzbekistan,Country,2017,3379311,1346544,23038,1902906,106822,106,42,1,60,3,0.399,0.007,0.562,0.032,0.046,0.018,0,0.026,0.001
41,Uzbekistan,Country,2018,3701239,1477435,25593,2076397,121814,114,45,1,64,4,0.4,0.007,0.56,0.033,0.048,0.019,0,0.027,0.002
41,Uzbekistan,Country,2019,4066616,1671870,28904,2258213,107629,123,51,1,68,3,0.412,0.007,0.555,0.027,0.049,0.02,0,0.027,0.001
41,Uzbekistan,Country,2020,5253410,2352095,37377,2691345,172592,156,70,1,80,5,0.448,0.007,0.512,0.033,0.063,0.028,0,0.032,0.002
41,Uzbekistan,Country,2021,6588436,2447965,31328,3778944,330200,197,73,1,113,10,0.372,0.005,0.573,0.05,0.075,0.028,0,0.043,0.004
41,Uzbekistan,Country,2022,6441847,2135334,32967,4122075,151471,189,63,1,121,4,0.332,0.005,0.639,0.024,0.07,0.023,0,0.044,0.002
30,Vanuatu,Country,1995,16437,13991,73,1830,541,96,82,0,11,3,0.851,0.004,0.112,0.033,0.026,0.022,0,0.003,0.001
30,Vanuatu,Country,1996,16028,13959,64,1921,84,91,79,0,11,0,0.87,0.004,0.12,0.005,0.025,0.021,0,0.003,0
30,Vanuatu,Country,1997,16738,13345,47,1987,1358,93,74,0,11,8,0.797,0.003,0.119,0.082,0.025,0.02,0,0.003,0.002
30,Vanuatu,Country,1998,26007,15346,28,2119,8514,141,83,0,11,46,0.589,0.001,0.081,0.328,0.038,0.022,0,0.003,0.012
30,Vanuatu,Country,1999,19640,15096,9,2171,2363,104,80,0,11,12,0.768,0,0.111,0.121,0.028,0.022,0,0.003,0.003
30,Vanuatu,Country,2000,24440,16906,1,2222,5311,126,87,0,11,27,0.691,0,0.091,0.218,0.033,0.023,0,0.003,0.007
30,Vanuatu,Country,2001,22898,16471,1,2234,4192,115,83,0,11,21,0.719,0,0.098,0.184,0.032,0.023,0,0.003,0.006
30,Vanuatu,Country,2002,22759,17032,3,2226,3499,111,83,0,11,17,0.748,0,0.098,0.154,0.033,0.025,0,0.003,0.005
30,Vanuatu,Country,2003,24376,15745,36,2290,6305,116,75,0,11,30,0.645,0.001,0.094,0.259,0.034,0.022,0,0.003,0.009
30,Vanuatu,Country,2004,25675,15775,157,2338,7406,119,73,1,11,34,0.614,0.006,0.091,0.289,0.035,0.021,0,0.003,0.01
30,Vanuatu,Country,2005,25425,15717,349,2367,6992,115,71,2,11,32,0.617,0.014,0.093,0.276,0.032,0.02,0,0.003,0.009
30,Vanuatu,Country,2006,27605,16861,560,2418,7766,122,75,2,11,34,0.61,0.02,0.088,0.282,0.032,0.02,0.001,0.003,0.009
30,Vanuatu,Country,2007,28094,18021,732,2456,6884,121,78,3,11,30,0.641,0.026,0.087,0.246,0.032,0.02,0.001,0.003,0.008
30,Vanuatu,Country,2008,34699,20460,895,2540,10804,146,86,4,11,46,0.589,0.026,0.073,0.312,0.038,0.022,0.001,0.003,0.012
30,Vanuatu,Country,2009,45227,19999,983,2616,21628,186,82,4,11,89,0.442,0.022,0.058,0.479,0.048,0.021,0.001,0.003,0.023
30,Vanuatu,Country,2010,38860,20480,1077,2745,14558,157,83,4,11,59,0.526,0.028,0.071,0.375,0.04,0.021,0.001,0.003,0.015
30,Vanuatu,Country,2011,37530,19709,1130,2868,13822,148,78,4,11,55,0.525,0.03,0.076,0.369,0.038,0.02,0.001,0.003,0.014
30,Vanuatu,Country,2012,40877,18797,1172,2974,17934,158,73,5,11,69,0.459,0.029,0.073,0.439,0.041,0.019,0.001,0.003,0.018
30,Vanuatu,Country,2013,48439,16107,1146,2997,28189,183,61,4,11,107,0.332,0.024,0.062,0.582,0.048,0.016,0.001,0.003,0.028
30,Vanuatu,Country,2014,34147,12818,1057,2915,17357,127,48,4,11,64,0.375,0.031,0.085,0.509,0.033,0.012,0.001,0.003,0.017
30,Vanuatu,Country,2015,33418,20034,1291,3172,8921,121,73,5,12,32,0.599,0.038,0.095,0.268,0.032,0.019,0.001,0.003,0.008
30,Vanuatu,Country,2016,30725,17343,1201,3116,9065,109,62,4,11,32,0.564,0.039,0.101,0.296,0.028,0.016,0.001,0.003,0.008
30,Vanuatu,Country,2017,31451,18855,1231,3158,8207,109,66,4,11,29,0.599,0.039,0.1,0.262,0.027,0.016,0.001,0.003,0.007
30,Vanuatu,Country,2018,38551,19663,1230,3191,14467,131,67,4,11,49,0.51,0.032,0.083,0.376,0.033,0.017,0.001,0.003,0.012
30,Vanuatu,Country,2019,42443,22920,1284,3240,14999,141,76,4,11,50,0.54,0.03,0.076,0.354,0.035,0.019,0.001,0.003,0.012
30,Vanuatu,Country,2020,68902,29184,1535,3900,34283,225,95,5,13,112,0.423,0.022,0.057,0.498,0.06,0.025,0.001,0.003,0.03
30,Vanuatu,Country,2021,57200,13688,1401,3599,38512,183,44,4,12,123,0.239,0.024,0.063,0.674,0.051,0.012,0.001,0.003,0.034
30,Vanuatu,Country,2022,43598,18861,1361,3499,19877,137,59,4,11,62,0.432,0.031,0.08,0.457,0.038,0.016,0.001,0.003,0.017
133,Venezuela (Bolivarian Republic of),Country,1995,23028931,9997919,4015840,8935431,79742,1093,474,191,424,4,0.434,0.174,0.388,0.003,0.069,0.03,0.012,0.027,0
133,Venezuela (Bolivarian Republic of),Country,1996,21872761,9199184,3710208,8902603,60767,1016,427,172,414,3,0.421,0.17,0.407,0.003,0.065,0.027,0.011,0.026,0
133,Venezuela (Bolivarian Republic of),Country,1997,23672065,10226072,4155001,9208663,82329,1077,465,189,419,4,0.432,0.175,0.389,0.003,0.067,0.029,0.012,0.026,0
133,Venezuela (Bolivarian Republic of),Country,1998,24505435,10316499,4477041,9576661,135234,1093,460,200,427,6,0.421,0.183,0.391,0.006,0.069,0.029,0.013,0.027,0
133,Venezuela (Bolivarian Republic of),Country,1999,25326703,10511968,4655852,10070875,88008,1108,460,204,441,4,0.415,0.184,0.398,0.003,0.074,0.031,0.014,0.03,0
133,Venezuela (Bolivarian Republic of),Country,2000,26538975,11426235,4284209,10782529,46002,1141,491,184,463,2,0.431,0.161,0.406,0.002,0.074,0.032,0.012,0.03,0
133,Venezuela (Bolivarian Republic of),Country,2001,27996119,12673729,4161157,11113176,48057,1182,535,176,469,2,0.453,0.149,0.397,0.002,0.076,0.034,0.011,0.03,0
133,Venezuela (Bolivarian Republic of),Country,2002,26943524,12750789,3811741,10357978,23017,1117,529,158,429,1,0.473,0.141,0.385,0.001,0.079,0.037,0.011,0.03,0
133,Venezuela (Bolivarian Republic of),Country,2003,26204365,13239228,3721367,9242827,942,1067,539,151,376,0,0.505,0.142,0.353,0,0.081,0.041,0.012,0.029,0
133,Venezuela (Bolivarian Republic of),Country,2004,26885366,14084266,3930611,8869464,1026,1074,562,157,354,0,0.524,0.146,0.33,0,0.071,0.037,0.01,0.023,0
133,Venezuela (Bolivarian Republic of),Country,2005,29102185,15274080,4522158,9299245,6702,1140,598,177,364,0,0.525,0.155,0.32,0,0.07,0.037,0.011,0.022,0
133,Venezuela (Bolivarian Republic of),Country,2006,34932248,18483466,5852251,10593537,2994,1342,710,225,407,0,0.529,0.167,0.303,0,0.076,0.04,0.013,0.023,0
133,Venezuela (Bolivarian Republic of),Country,2007,37219572,18238507,6929883,12046487,4696,1405,689,262,455,0,0.49,0.186,0.324,0,0.075,0.037,0.014,0.024,0
133,Venezuela (Bolivarian Republic of),Country,2008,37789695,16588560,7877681,13319616,3837,1403,616,293,495,0,0.439,0.208,0.353,0,0.072,0.031,0.015,0.025,0
133,Venezuela (Bolivarian Republic of),Country,2009,38099471,15294782,8675739,14123419,5531,1392,559,317,516,0,0.401,0.228,0.371,0,0.074,0.03,0.017,0.028,0
133,Venezuela (Bolivarian Republic of),Country,2010,36925951,14260222,8818963,13842919,3847,1329,513,317,498,0,0.386,0.239,0.375,0,0.071,0.028,0.017,0.027,0
133,Venezuela (Bolivarian Republic of),Country,2011,38515938,15585482,9659648,13269312,1496,1365,552,342,470,0,0.405,0.251,0.345,0,0.071,0.029,0.018,0.024,0
133,Venezuela (Bolivarian Republic of),Country,2012,36983134,15027785,10173179,11780663,1507,1290,524,355,411,0,0.406,0.275,0.319,0,0.065,0.026,0.018,0.021,0
133,Venezuela (Bolivarian Republic of),Country,2013,35227902,14198346,10522673,10505945,938,1211,488,362,361,0,0.403,0.299,0.298,0,0.061,0.025,0.018,0.018,0
133,Venezuela (Bolivarian Republic of),Country,2014,32688669,13278414,10257213,9153043,0,1107,450,347,310,0,0.406,0.314,0.28,0,0.06,0.024,0.019,0.017,0
133,Venezuela (Bolivarian Republic of),Country,2015,27713343,11709842,8425975,7576995,530,925,391,281,253,0,0.423,0.304,0.273,0,0.056,0.024,0.017,0.015,0
133,Venezuela (Bolivarian Republic of),Country,2016,22661795,10387524,6154649,6119236,386,746,342,203,201,0,0.458,0.271,0.27,0,0.057,0.026,0.015,0.015,0
133,Venezuela (Bolivarian Republic of),Country,2017,19272607,9935707,4444068,4892350,483,628,324,145,160,0,0.516,0.23,0.254,0,0.062,0.032,0.014,0.016,0
133,Venezuela (Bolivarian Republic of),Country,2018,17278191,10072820,3686574,3498078,20719,577,336,123,117,1,0.583,0.213,0.203,0.001,0.066,0.038,0.014,0.013,0
133,Venezuela (Bolivarian Republic of),Country,2019,11199437,5821082,2934032,2423973,20351,396,206,104,86,1,0.52,0.262,0.217,0.002,0.059,0.031,0.015,0.013,0
133,Venezuela (Bolivarian Republic of),Country,2020,6711140,2974536,1823882,1852843,59879,248,110,68,69,2,0.444,0.271,0.276,0.009,0.052,0.023,0.014,0.014,0
133,Venezuela (Bolivarian Republic of),Country,2021,6060639,2842540,1534151,1605268,78679,227,107,58,60,3,0.469,0.252,0.265,0.013,0.047,0.022,0.012,0.012,0.001
133,Venezuela (Bolivarian Republic of),Country,2022,6035836,2839684,1524754,1621720,49678,228,107,58,61,2,0.471,0.251,0.269,0.008,0.043,0.02,0.011,0.012,0
20,Viet Nam,Country,1995,2822594,1615148,311423,851572,44451,38,22,4,11,1,0.572,0.11,0.302,0.016,0.039,0.022,0.004,0.012,0.001
20,Viet Nam,Country,1996,2992444,1693857,330895,935065,32627,39,22,4,12,0,0.566,0.11,0.313,0.011,0.038,0.022,0.004,0.012,0
20,Viet Nam,Country,1997,3236604,1761017,350333,1015908,109346,42,23,5,13,1,0.544,0.108,0.314,0.034,0.038,0.021,0.004,0.012,0.001
20,Viet Nam,Country,1998,3344315,1803877,368531,1101087,70820,43,23,5,14,1,0.539,0.11,0.33,0.021,0.037,0.02,0.004,0.012,0.001
20,Viet Nam,Country,1999,3517777,1836600,385512,1202462,93204,44,23,5,15,1,0.522,0.109,0.342,0.027,0.037,0.019,0.004,0.013,0.001
20,Viet Nam,Country,2000,3701941,1854434,401907,1361947,83652,46,23,5,17,1,0.501,0.108,0.368,0.023,0.037,0.018,0.004,0.014,0.001
20,Viet Nam,Country,2001,3970512,1953477,425965,1503470,87601,49,24,5,19,1,0.492,0.107,0.379,0.022,0.037,0.018,0.004,0.014,0.001
20,Viet Nam,Country,2002,4254051,2067129,450589,1632638,103695,52,25,5,20,1,0.486,0.106,0.384,0.025,0.037,0.018,0.004,0.014,0.001
20,Viet Nam,Country,2003,4761447,2326515,498128,1799180,137624,57,28,6,22,2,0.489,0.104,0.378,0.029,0.039,0.019,0.004,0.015,0.001
20,Viet Nam,Country,2004,5002169,2316535,531387,1980822,173425,60,28,6,24,2,0.463,0.106,0.396,0.035,0.038,0.017,0.004,0.015,0.001
20,Viet Nam,Country,2005,5650330,2613127,600320,2227095,209788,67,31,7,26,2,0.463,0.106,0.394,0.037,0.039,0.018,0.004,0.016,0.001
20,Viet Nam,Country,2006,6171634,2790895,657337,2467285,256117,72,33,8,29,3,0.452,0.106,0.4,0.042,0.04,0.018,0.004,0.016,0.002
20,Viet Nam,Country,2007,6831220,3113789,721196,2701656,294579,79,36,8,31,3,0.456,0.105,0.395,0.043,0.04,0.018,0.004,0.016,0.002
20,Viet Nam,Country,2008,7203028,3205608,753969,2880548,362903,82,37,9,33,4,0.445,0.104,0.4,0.051,0.04,0.018,0.004,0.016,0.002
20,Viet Nam,Country,2009,8104234,3767770,847786,3166547,322131,92,43,10,36,4,0.465,0.104,0.391,0.04,0.042,0.02,0.004,0.016,0.002
20,Viet Nam,Country,2010,8871766,4042636,940093,3529146,359891,99,45,11,40,4,0.456,0.106,0.398,0.041,0.042,0.019,0.005,0.017,0.002
20,Viet Nam,Country,2011,9375790,4110589,1006648,3855642,402911,104,46,11,43,4,0.439,0.107,0.411,0.043,0.042,0.018,0.005,0.017,0.002
20,Viet Nam,Country,2012,10635536,4776095,1150108,4329412,379921,116,52,13,47,4,0.449,0.108,0.407,0.036,0.045,0.02,0.005,0.018,0.002
20,Viet Nam,Country,2013,11518941,5176787,1268014,4643985,430155,125,56,14,50,5,0.45,0.11,0.403,0.037,0.046,0.021,0.005,0.019,0.002
20,Viet Nam,Country,2014,12090074,5321364,1412069,5038836,317805,129,57,15,54,3,0.44,0.116,0.417,0.026,0.046,0.02,0.005,0.019,0.001
20,Viet Nam,Country,2015,13360407,5914151,1617171,5527080,302005,141,63,17,59,3,0.443,0.121,0.414,0.023,0.047,0.021,0.006,0.02,0.001
20,Viet Nam,Country,2016,14337388,6159367,1811653,6046828,319540,150,65,19,63,3,0.43,0.126,0.422,0.022,0.048,0.02,0.006,0.02,0.001
20,Viet Nam,Country,2017,15650602,6609777,2030367,6688718,321741,162,69,21,69,3,0.423,0.129,0.427,0.021,0.049,0.021,0.006,0.021,0.001
20,Viet Nam,Country,2018,16784556,6946444,2229653,7364259,244201,172,71,23,76,3,0.414,0.133,0.439,0.015,0.049,0.02,0.006,0.021,0.001
20,Viet Nam,Country,2019,18035909,7348674,2454644,7994208,238384,183,75,25,81,2,0.408,0.136,0.443,0.013,0.049,0.02,0.007,0.022,0.001
20,Viet Nam,Country,2020,16248196,6699326,2428835,6822332,297704,163,67,24,69,3,0.413,0.149,0.42,0.018,0.043,0.018,0.006,0.018,0.001
20,Viet Nam,Country,2021,17885472,7533240,2720159,7044198,587874,179,75,27,70,6,0.422,0.152,0.394,0.033,0.046,0.019,0.007,0.018,0.002
20,Viet Nam,Country,2022,19163138,8334253,3002848,7556800,269237,190,83,30,75,3,0.435,0.156,0.395,0.014,0.046,0.02,0.007,0.018,0.001
157,Yemen,Country,1995,760453,261801,16730,456287,25636,47,16,1,28,2,0.345,0.022,0.599,0.034,0.047,0.016,0.001,0.028,0.002
157,Yemen,Country,1996,848273,326877,18325,470366,32705,51,20,1,28,2,0.385,0.022,0.554,0.039,0.048,0.019,0.001,0.027,0.002
157,Yemen,Country,1997,938595,400764,19859,488135,29837,55,24,1,29,2,0.427,0.021,0.52,0.032,0.051,0.022,0.001,0.026,0.002
157,Yemen,Country,1998,1037094,468311,22816,511227,34740,59,27,1,29,2,0.451,0.022,0.494,0.034,0.053,0.024,0.001,0.026,0.002
157,Yemen,Country,1999,1031134,468161,23517,507740,31715,57,26,1,28,2,0.453,0.023,0.493,0.031,0.051,0.023,0.001,0.025,0.002
157,Yemen,Country,2000,1102974,526008,26977,524748,25240,59,28,1,28,1,0.476,0.024,0.477,0.023,0.051,0.024,0.001,0.024,0.001
157,Yemen,Country,2001,1164559,537501,28702,567553,30802,61,28,1,30,2,0.46,0.025,0.488,0.027,0.052,0.024,0.001,0.025,0.001
157,Yemen,Country,2002,1235283,542809,29242,636834,26398,62,27,1,32,1,0.438,0.024,0.517,0.021,0.052,0.023,0.001,0.027,0.001
157,Yemen,Country,2003,1419611,578800,29225,758863,52723,70,28,1,37,3,0.407,0.021,0.535,0.037,0.058,0.023,0.001,0.031,0.002
157,Yemen,Country,2004,1445891,532489,25850,861248,26305,69,25,1,41,1,0.367,0.018,0.596,0.018,0.056,0.021,0.001,0.033,0.001
157,Yemen,Country,2005,1590669,531026,23788,976017,59839,73,24,1,45,3,0.333,0.015,0.614,0.038,0.059,0.02,0.001,0.036,0.002
157,Yemen,Country,2006,1693492,520002,22458,1090558,60475,76,23,1,49,3,0.307,0.013,0.644,0.036,0.06,0.019,0.001,0.039,0.002
157,Yemen,Country,2007,1838592,532060,22023,1203851,80658,80,23,1,52,3,0.289,0.012,0.655,0.044,0.063,0.018,0.001,0.041,0.003
157,Yemen,Country,2008,1921673,532240,21791,1287112,80530,81,22,1,54,3,0.277,0.011,0.67,0.042,0.064,0.018,0.001,0.043,0.003
157,Yemen,Country,2009,1872903,464882,20820,1326515,60687,76,19,1,54,2,0.248,0.011,0.708,0.032,0.06,0.015,0.001,0.043,0.002
157,Yemen,Country,2010,1817730,412931,19779,1307738,77282,72,16,1,51,3,0.227,0.011,0.719,0.043,0.055,0.013,0.001,0.04,0.002
157,Yemen,Country,2011,1706505,377509,18274,1225141,85581,65,14,1,47,3,0.221,0.011,0.718,0.05,0.06,0.013,0.001,0.043,0.003
157,Yemen,Country,2012,1750351,397038,18960,1223257,111096,65,15,1,45,4,0.227,0.011,0.699,0.064,0.061,0.014,0.001,0.042,0.004
157,Yemen,Country,2013,1662233,318851,17947,1182703,142732,60,11,1,43,5,0.192,0.011,0.711,0.086,0.055,0.011,0.001,0.039,0.005
157,Yemen,Country,2014,1551227,254189,16937,1114303,165799,54,9,1,39,6,0.164,0.011,0.718,0.107,0.054,0.009,0.001,0.039,0.006
157,Yemen,Country,2015,1265346,154836,13244,930326,166940,43,5,0,32,6,0.123,0.01,0.735,0.132,0.064,0.008,0.001,0.047,0.008
157,Yemen,Country,2016,1091918,117466,12042,856649,105761,36,4,0,28,4,0.108,0.011,0.784,0.097,0.063,0.007,0.001,0.049,0.006
157,Yemen,Country,2017,1269111,69244,9822,785353,404692,41,2,0,25,13,0.055,0.008,0.618,0.319,0.08,0.004,0.001,0.049,0.025
157,Yemen,Country,2018,1170621,100416,11759,836182,222264,37,3,0,26,7,0.086,0.01,0.714,0.19,0.074,0.006,0.001,0.053,0.014
157,Yemen,Country,2019,1194670,96500,11697,845296,241176,37,3,0,26,7,0.081,0.01,0.707,0.203,0.075,0.006,0.001,0.053,0.015
157,Yemen,Country,2020,1080763,73650,10480,749108,247524,33,2,0,23,8,0.068,0.01,0.692,0.23,0.07,0.005,0.001,0.049,0.016
157,Yemen,Country,2021,1409994,57255,11675,829686,511379,42,2,0,25,15,0.041,0.008,0.587,0.364,0.093,0.004,0.001,0.055,0.034
157,Yemen,Country,2022,1216910,59478,11662,827234,318536,35,2,0,24,9,0.049,0.01,0.678,0.263,0.079,0.004,0.001,0.054,0.021
191,Zambia,Country,1995,455234,148861,49216,172508,84649,51,17,6,19,10,0.327,0.108,0.378,0.187,0.064,0.021,0.007,0.024,0.012
191,Zambia,Country,1996,435527,147724,49862,159211,78729,48,16,6,18,9,0.339,0.114,0.365,0.182,0.058,0.02,0.007,0.021,0.011
191,Zambia,Country,1997,436138,149128,50662,153800,82548,47,16,5,17,9,0.342,0.115,0.352,0.191,0.056,0.019,0.007,0.02,0.011
191,Zambia,Country,1998,404661,148126,49751,148992,57792,43,16,5,16,6,0.366,0.122,0.368,0.144,0.053,0.019,0.006,0.019,0.008
191,Zambia,Country,1999,393086,144378,49147,143264,56297,41,15,5,15,6,0.367,0.124,0.364,0.144,0.049,0.018,0.006,0.018,0.007
191,Zambia,Country,2000,430783,133509,46244,146579,104452,43,13,5,15,11,0.31,0.107,0.34,0.244,0.052,0.016,0.006,0.018,0.013
191,Zambia,Country,2001,474770,161743,50292,154458,108277,47,16,5,15,11,0.34,0.105,0.325,0.23,0.055,0.019,0.006,0.018,0.012
191,Zambia,Country,2002,505184,160921,51285,155440,137537,48,15,5,15,13,0.318,0.101,0.307,0.274,0.056,0.018,0.006,0.017,0.015
191,Zambia,Country,2003,590888,158233,53443,158019,221193,55,15,5,15,20,0.267,0.09,0.267,0.376,0.061,0.016,0.006,0.016,0.023
191,Zambia,Country,2004,648648,147896,53492,158965,288296,58,13,5,14,26,0.228,0.082,0.244,0.446,0.063,0.014,0.005,0.015,0.028
191,Zambia,Country,2005,706629,155755,54266,158394,338214,61,14,5,14,29,0.22,0.076,0.224,0.48,0.064,0.014,0.005,0.014,0.03
191,Zambia,Country,2006,646034,162130,52078,151657,280169,54,14,4,13,24,0.25,0.08,0.234,0.435,0.054,0.014,0.004,0.013,0.023
191,Zambia,Country,2007,806103,189698,47230,142436,426738,65,15,4,12,35,0.235,0.058,0.176,0.531,0.062,0.015,0.004,0.011,0.033
191,Zambia,Country,2008,945929,214193,39579,130795,561362,74,17,3,10,44,0.226,0.042,0.138,0.595,0.068,0.015,0.003,0.009,0.04
191,Zambia,Country,2009,847704,228325,31694,119723,467961,64,17,2,9,35,0.269,0.037,0.141,0.553,0.055,0.015,0.002,0.008,0.031
191,Zambia,Country,2010,753906,250232,25703,110125,367846,55,18,2,8,27,0.331,0.034,0.146,0.489,0.045,0.015,0.002,0.007,0.022
191,Zambia,Country,2011,926897,278140,22477,104412,521868,65,19,2,7,37,0.299,0.024,0.113,0.564,0.052,0.016,0.001,0.006,0.029
191,Zambia,Country,2012,974771,309475,23931,105385,535981,66,21,2,7,36,0.317,0.025,0.108,0.551,0.05,0.016,0.001,0.005,0.028
191,Zambia,Country,2013,1182033,340060,29912,108698,703363,77,22,2,7,46,0.287,0.025,0.092,0.596,0.058,0.017,0.001,0.005,0.035
191,Zambia,Country,2014,1061172,382760,35680,113869,528863,67,24,2,7,33,0.36,0.034,0.107,0.5,0.05,0.018,0.002,0.005,0.025
191,Zambia,Country,2015,1033793,448036,42319,119010,424428,63,27,3,7,26,0.432,0.041,0.115,0.412,0.047,0.02,0.002,0.005,0.019
191,Zambia,Country,2016,1155035,431580,45155,120207,558093,68,26,3,7,33,0.373,0.039,0.104,0.484,0.05,0.019,0.002,0.005,0.024
191,Zambia,Country,2017,1346426,485617,42691,122439,695679,77,28,2,7,40,0.36,0.032,0.091,0.518,0.057,0.02,0.002,0.005,0.029
191,Zambia,Country,2018,1500518,528541,33709,122720,815547,83,29,2,7,45,0.351,0.022,0.082,0.545,0.061,0.021,0.001,0.005,0.033
191,Zambia,Country,2019,1452655,566933,30004,123686,732032,78,31,2,7,40,0.389,0.021,0.085,0.505,0.058,0.023,0.001,0.005,0.029
191,Zambia,Country,2020,1854733,873885,35854,124749,820244,97,46,2,7,43,0.47,0.019,0.067,0.444,0.076,0.036,0.001,0.005,0.034
191,Zambia,Country,2021,1815178,729132,18850,121151,946045,93,38,1,6,49,0.4,0.01,0.067,0.522,0.071,0.029,0.001,0.005,0.037
191,Zambia,Country,2022,1805947,682029,19594,137787,966537,91,34,1,7,49,0.376,0.011,0.076,0.536,0.067,0.025,0.001,0.005,0.036
198,Zimbabwe,Country,1995,1269472,420355,255355,525747,68015,111,37,22,46,6,0.332,0.199,0.415,0.054,0.07,0.023,0.014,0.029,0.004
198,Zimbabwe,Country,1996,1305784,425473,259465,538865,81980,113,37,22,47,7,0.327,0.196,0.414,0.063,0.066,0.021,0.013,0.027,0.004
198,Zimbabwe,Country,1997,1331390,426699,258099,547513,99078,114,37,22,47,8,0.321,0.192,0.412,0.075,0.066,0.021,0.013,0.027,0.005
198,Zimbabwe,Country,1998,1335459,430490,254936,556299,93734,113,37,22,47,8,0.323,0.189,0.418,0.071,0.066,0.021,0.013,0.027,0.005
198,Zimbabwe,Country,1999,1325520,436278,250797,563720,74725,111,37,21,47,6,0.329,0.187,0.427,0.057,0.067,0.022,0.013,0.029,0.004
198,Zimbabwe,Country,2000,1350559,458475,247862,569443,74778,113,38,21,48,6,0.339,0.182,0.423,0.056,0.073,0.025,0.013,0.031,0.004
198,Zimbabwe,Country,2001,1314310,442341,244537,562379,65053,109,37,20,47,5,0.337,0.185,0.429,0.05,0.07,0.024,0.013,0.03,0.003
198,Zimbabwe,Country,2002,1334503,452714,248104,570358,63328,110,37,20,47,5,0.339,0.185,0.429,0.048,0.077,0.026,0.014,0.033,0.004
198,Zimbabwe,Country,2003,1366167,461665,248256,588794,67452,112,38,20,48,6,0.338,0.181,0.432,0.05,0.09,0.03,0.016,0.039,0.004
198,Zimbabwe,Country,2004,1423681,489087,255433,607782,71379,116,40,21,49,6,0.344,0.178,0.428,0.05,0.099,0.034,0.018,0.042,0.005
198,Zimbabwe,Country,2005,1505209,483908,259966,614918,146417,122,39,21,50,12,0.321,0.172,0.409,0.098,0.111,0.036,0.019,0.045,0.011
198,Zimbabwe,Country,2006,1410864,397561,248538,608726,156039,113,32,20,49,13,0.282,0.175,0.432,0.111,0.109,0.031,0.019,0.047,0.012
198,Zimbabwe,Country,2007,1400063,337047,241852,610795,210369,111,27,19,48,17,0.241,0.172,0.437,0.151,0.111,0.027,0.019,0.049,0.017
198,Zimbabwe,Country,2008,1251941,287924,224973,588619,150425,98,23,18,46,12,0.23,0.179,0.471,0.12,0.113,0.026,0.02,0.053,0.014
198,Zimbabwe,Country,2009,1567724,432243,262863,589977,282641,122,34,20,46,22,0.276,0.167,0.377,0.181,0.112,0.031,0.019,0.042,0.02
198,Zimbabwe,Country,2010,1605050,488732,272153,586560,257605,123,37,21,45,20,0.304,0.169,0.366,0.161,0.095,0.029,0.016,0.035,0.015
198,Zimbabwe,Country,2011,1605172,530204,306496,570427,198046,121,40,23,43,15,0.33,0.19,0.356,0.124,0.083,0.027,0.016,0.03,0.01
198,Zimbabwe,Country,2012,1853526,497208,341707,547392,467218,137,37,25,41,35,0.268,0.184,0.296,0.253,0.083,0.022,0.015,0.025,0.021
198,Zimbabwe,Country,2013,1752147,515545,395646,522092,318865,128,38,29,38,23,0.294,0.225,0.298,0.182,0.077,0.023,0.017,0.023,0.014
198,Zimbabwe,Country,2014,1765083,521638,449679,492160,301606,127,37,32,35,22,0.296,0.254,0.279,0.171,0.076,0.023,0.019,0.021,0.013
198,Zimbabwe,Country,2015,1865209,472457,471358,431577,489816,132,33,33,30,35,0.254,0.251,0.232,0.263,0.079,0.02,0.02,0.018,0.021
198,Zimbabwe,Country,2016,1703565,483718,479908,354997,384941,118,34,33,25,27,0.284,0.28,0.209,0.227,0.071,0.02,0.02,0.015,0.016
198,Zimbabwe,Country,2017,1630709,518734,474668,256360,380947,111,35,32,17,26,0.319,0.289,0.158,0.234,0.065,0.021,0.019,0.01,0.015
198,Zimbabwe,Country,2018,1540189,415054,400065,196471,528599,103,28,27,13,35,0.27,0.258,0.128,0.344,0.059,0.016,0.015,0.008,0.02
198,Zimbabwe,Country,2019,1097440,231220,227904,131732,506585,72,15,15,9,33,0.211,0.206,0.12,0.463,0.045,0.009,0.009,0.005,0.021
198,Zimbabwe,Country,2020,1121654,278342,145848,121760,575704,73,18,9,8,37,0.248,0.129,0.109,0.514,0.05,0.012,0.006,0.005,0.026
198,Zimbabwe,Country,2021,1593319,449806,162378,131778,849356,102,29,10,8,54,0.282,0.101,0.083,0.534,0.065,0.018,0.007,0.005,0.035
198,Zimbabwe,Country,2022,1201883,448742,129878,106789,516475,76,28,8,7,33,0.372,0.108,0.089,0.431,0.047,0.017,0.005,0.004,0.02
